Analysis & Synthesis report for DE1_SoC
Fri Oct 17 22:10:38 2025
Quartus Prime Version 17.0.0 Build 595 04/25/2017 SJ Lite Edition


---------------------
; Table of Contents ;
---------------------
  1. Legal Notice
  2. Analysis & Synthesis Summary
  3. Analysis & Synthesis Settings
  4. Parallel Compilation
  5. Analysis & Synthesis Source Files Read
  6. Analysis & Synthesis Resource Usage Summary
  7. Analysis & Synthesis Resource Utilization by Entity
  8. Analysis & Synthesis RAM Summary
  9. Analysis & Synthesis IP Cores Summary
 10. State Machine - |DE1_SoC|audio_and_video_config:cfg|Altera_UP_I2C:I2C_Controller|s_i2c_transceiver
 11. State Machine - |DE1_SoC|audio_and_video_config:cfg|Altera_UP_I2C_AV_Auto_Initialize:Auto_Initialize|s_i2c_auto_init
 12. State Machine - |DE1_SoC|keyboard_press_driver:keyDrive|count
 13. Registers Removed During Synthesis
 14. General Register Statistics
 15. Multiplexer Restructuring Statistics (Restructuring Performed)
 16. Source assignments for audio_codec:codec|Altera_UP_Audio_In_Deserializer:Audio_In_Deserializer|Altera_UP_SYNC_FIFO:Audio_In_Left_Channel_FIFO|scfifo:Sync_FIFO|scfifo_8ba1:auto_generated|a_dpfifo_r2a1:dpfifo|altsyncram_p3i1:FIFOram
 17. Source assignments for audio_codec:codec|Altera_UP_Audio_In_Deserializer:Audio_In_Deserializer|Altera_UP_SYNC_FIFO:Audio_In_Right_Channel_FIFO|scfifo:Sync_FIFO|scfifo_8ba1:auto_generated|a_dpfifo_r2a1:dpfifo|altsyncram_p3i1:FIFOram
 18. Source assignments for audio_codec:codec|Altera_UP_Audio_Out_Serializer:Audio_Out_Serializer|Altera_UP_SYNC_FIFO:Audio_Out_Left_Channel_FIFO|scfifo:Sync_FIFO|scfifo_8ba1:auto_generated|a_dpfifo_r2a1:dpfifo|altsyncram_p3i1:FIFOram
 19. Source assignments for audio_codec:codec|Altera_UP_Audio_Out_Serializer:Audio_Out_Serializer|Altera_UP_SYNC_FIFO:Audio_Out_Right_Channel_FIFO|scfifo:Sync_FIFO|scfifo_8ba1:auto_generated|a_dpfifo_r2a1:dpfifo|altsyncram_p3i1:FIFOram
 20. Parameter Settings for User Entity Instance: clock_generator:my_clock_gen
 21. Parameter Settings for User Entity Instance: clock_generator:my_clock_gen|altpll:DE_Clock_Generator_Audio
 22. Parameter Settings for User Entity Instance: audio_and_video_config:cfg
 23. Parameter Settings for User Entity Instance: audio_and_video_config:cfg|Altera_UP_Slow_Clock_Generator:Clock_Generator_400KHz
 24. Parameter Settings for User Entity Instance: audio_and_video_config:cfg|Altera_UP_I2C_AV_Auto_Initialize:Auto_Initialize
 25. Parameter Settings for User Entity Instance: audio_and_video_config:cfg|Altera_UP_I2C:I2C_Controller
 26. Parameter Settings for User Entity Instance: audio_codec:codec
 27. Parameter Settings for User Entity Instance: audio_codec:codec|Altera_UP_Audio_In_Deserializer:Audio_In_Deserializer
 28. Parameter Settings for User Entity Instance: audio_codec:codec|Altera_UP_Audio_In_Deserializer:Audio_In_Deserializer|Altera_UP_Audio_Bit_Counter:Audio_Out_Bit_Counter
 29. Parameter Settings for User Entity Instance: audio_codec:codec|Altera_UP_Audio_In_Deserializer:Audio_In_Deserializer|Altera_UP_SYNC_FIFO:Audio_In_Left_Channel_FIFO
 30. Parameter Settings for User Entity Instance: audio_codec:codec|Altera_UP_Audio_In_Deserializer:Audio_In_Deserializer|Altera_UP_SYNC_FIFO:Audio_In_Left_Channel_FIFO|scfifo:Sync_FIFO
 31. Parameter Settings for User Entity Instance: audio_codec:codec|Altera_UP_Audio_In_Deserializer:Audio_In_Deserializer|Altera_UP_SYNC_FIFO:Audio_In_Right_Channel_FIFO
 32. Parameter Settings for User Entity Instance: audio_codec:codec|Altera_UP_Audio_In_Deserializer:Audio_In_Deserializer|Altera_UP_SYNC_FIFO:Audio_In_Right_Channel_FIFO|scfifo:Sync_FIFO
 33. Parameter Settings for User Entity Instance: audio_codec:codec|Altera_UP_Audio_Out_Serializer:Audio_Out_Serializer
 34. Parameter Settings for User Entity Instance: audio_codec:codec|Altera_UP_Audio_Out_Serializer:Audio_Out_Serializer|Altera_UP_SYNC_FIFO:Audio_Out_Left_Channel_FIFO
 35. Parameter Settings for User Entity Instance: audio_codec:codec|Altera_UP_Audio_Out_Serializer:Audio_Out_Serializer|Altera_UP_SYNC_FIFO:Audio_Out_Left_Channel_FIFO|scfifo:Sync_FIFO
 36. Parameter Settings for User Entity Instance: audio_codec:codec|Altera_UP_Audio_Out_Serializer:Audio_Out_Serializer|Altera_UP_SYNC_FIFO:Audio_Out_Right_Channel_FIFO
 37. Parameter Settings for User Entity Instance: audio_codec:codec|Altera_UP_Audio_Out_Serializer:Audio_Out_Serializer|Altera_UP_SYNC_FIFO:Audio_Out_Right_Channel_FIFO|scfifo:Sync_FIFO
 38. Parameter Settings for User Entity Instance: LEDDriver:Driver
 39. Parameter Settings for User Entity Instance: snakeHead:snake
 40. Parameter Settings for User Entity Instance: LFSR_8bit:appleGen
 41. Parameter Settings for User Entity Instance: keyboard_press_driver:keyDrive
 42. Parameter Settings for User Entity Instance: video_driver:v1
 43. Parameter Settings for User Entity Instance: video_driver:v1|CLOCK25_PLL:c25_gen|CLOCK25_PLL_0002:clock25_pll_inst|altera_pll:altera_pll_i
 44. Parameter Settings for User Entity Instance: video_driver:v1|altera_up_avalon_video_vga_timing:video
 45. Parameter Settings for Inferred Entity Instance: VGA_coordinate:vga_driver|lpm_divide:Div0
 46. Parameter Settings for Inferred Entity Instance: VGA_coordinate:vga_driver|lpm_divide:Div1
 47. Parameter Settings for Inferred Entity Instance: VGA_coordinate:vga_driver|lpm_divide:Mod0
 48. Parameter Settings for Inferred Entity Instance: VGA_coordinate:vga_driver|lpm_divide:Div21
 49. altpll Parameter Settings by Entity Instance
 50. scfifo Parameter Settings by Entity Instance
 51. Port Connectivity Checks: "video_driver:v1|altera_up_avalon_video_vga_timing:video"
 52. Port Connectivity Checks: "video_driver:v1|CLOCK25_PLL:c25_gen"
 53. Port Connectivity Checks: "LEDDriver:Driver"
 54. Port Connectivity Checks: "audio_codec:codec"
 55. Port Connectivity Checks: "audio_and_video_config:cfg|Altera_UP_I2C:I2C_Controller"
 56. Port Connectivity Checks: "audio_and_video_config:cfg|Altera_UP_I2C_AV_Auto_Initialize:Auto_Initialize"
 57. Port Connectivity Checks: "audio_and_video_config:cfg|Altera_UP_Slow_Clock_Generator:Clock_Generator_400KHz"
 58. Port Connectivity Checks: "audio_and_video_config:cfg"
 59. Port Connectivity Checks: "clock_generator:my_clock_gen"
 60. Port Connectivity Checks: "clock_divider:divider"
 61. Post-Synthesis Netlist Statistics for Top Partition
 62. Elapsed Time Per Partition
 63. Analysis & Synthesis Messages
 64. Analysis & Synthesis Suppressed Messages



----------------
; Legal Notice ;
----------------
Copyright (C) 2017  Intel Corporation. All rights reserved.
Your use of Intel Corporation's design tools, logic functions 
and other software and tools, and its AMPP partner logic 
functions, and any output files from any of the foregoing 
(including device programming or simulation files), and any 
associated documentation or information are expressly subject 
to the terms and conditions of the Intel Program License 
Subscription Agreement, the Intel Quartus Prime License Agreement,
the Intel MegaCore Function License Agreement, or other 
applicable license agreement, including, without limitation, 
that your use is for the sole purpose of programming logic 
devices manufactured by Intel and sold by Intel or its 
authorized distributors.  Please refer to the applicable 
agreement for further details.



+-------------------------------------------------------------------------------+
; Analysis & Synthesis Summary                                                  ;
+---------------------------------+---------------------------------------------+
; Analysis & Synthesis Status     ; Successful - Fri Oct 17 22:10:38 2025       ;
; Quartus Prime Version           ; 17.0.0 Build 595 04/25/2017 SJ Lite Edition ;
; Revision Name                   ; DE1_SoC                                     ;
; Top-level Entity Name           ; DE1_SoC                                     ;
; Family                          ; Cyclone V                                   ;
; Logic utilization (in ALMs)     ; N/A                                         ;
; Total registers                 ; 3891                                        ;
; Total pins                      ; 143                                         ;
; Total virtual pins              ; 0                                           ;
; Total block memory bits         ; 12,288                                      ;
; Total DSP Blocks                ; 0                                           ;
; Total HSSI RX PCSs              ; 0                                           ;
; Total HSSI PMA RX Deserializers ; 0                                           ;
; Total HSSI TX PCSs              ; 0                                           ;
; Total HSSI PMA TX Serializers   ; 0                                           ;
; Total PLLs                      ; 2                                           ;
; Total DLLs                      ; 0                                           ;
+---------------------------------+---------------------------------------------+


+---------------------------------------------------------------------------------------------------------------------------+
; Analysis & Synthesis Settings                                                                                             ;
+---------------------------------------------------------------------------------+--------------------+--------------------+
; Option                                                                          ; Setting            ; Default Value      ;
+---------------------------------------------------------------------------------+--------------------+--------------------+
; Device                                                                          ; 5CSEMA5F31C6       ;                    ;
; Top-level entity name                                                           ; DE1_SoC            ; DE1_SoC            ;
; Family name                                                                     ; Cyclone V          ; Cyclone V          ;
; State Machine Processing                                                        ; User-Encoded       ; Auto               ;
; Use smart compilation                                                           ; Off                ; Off                ;
; Enable parallel Assembler and TimeQuest Timing Analyzer during compilation      ; On                 ; On                 ;
; Enable compact report table                                                     ; Off                ; Off                ;
; Restructure Multiplexers                                                        ; Auto               ; Auto               ;
; MLAB Add Timing Constraints For Mixed-Port Feed-Through Mode Setting Don't Care ; Off                ; Off                ;
; Create Debugging Nodes for IP Cores                                             ; Off                ; Off                ;
; Preserve fewer node names                                                       ; On                 ; On                 ;
; OpenCore Plus hardware evaluation                                               ; Enable             ; Enable             ;
; Verilog Version                                                                 ; Verilog_2001       ; Verilog_2001       ;
; VHDL Version                                                                    ; VHDL_1993          ; VHDL_1993          ;
; Safe State Machine                                                              ; Off                ; Off                ;
; Extract Verilog State Machines                                                  ; On                 ; On                 ;
; Extract VHDL State Machines                                                     ; On                 ; On                 ;
; Ignore Verilog initial constructs                                               ; Off                ; Off                ;
; Iteration limit for constant Verilog loops                                      ; 5000               ; 5000               ;
; Iteration limit for non-constant Verilog loops                                  ; 250                ; 250                ;
; Add Pass-Through Logic to Inferred RAMs                                         ; On                 ; On                 ;
; Infer RAMs from Raw Logic                                                       ; On                 ; On                 ;
; Parallel Synthesis                                                              ; On                 ; On                 ;
; DSP Block Balancing                                                             ; Auto               ; Auto               ;
; NOT Gate Push-Back                                                              ; On                 ; On                 ;
; Power-Up Don't Care                                                             ; On                 ; On                 ;
; Remove Redundant Logic Cells                                                    ; Off                ; Off                ;
; Remove Duplicate Registers                                                      ; On                 ; On                 ;
; Ignore CARRY Buffers                                                            ; Off                ; Off                ;
; Ignore CASCADE Buffers                                                          ; Off                ; Off                ;
; Ignore GLOBAL Buffers                                                           ; Off                ; Off                ;
; Ignore ROW GLOBAL Buffers                                                       ; Off                ; Off                ;
; Ignore LCELL Buffers                                                            ; Off                ; Off                ;
; Ignore SOFT Buffers                                                             ; On                 ; On                 ;
; Limit AHDL Integers to 32 Bits                                                  ; Off                ; Off                ;
; Optimization Technique                                                          ; Balanced           ; Balanced           ;
; Carry Chain Length                                                              ; 70                 ; 70                 ;
; Auto Carry Chains                                                               ; On                 ; On                 ;
; Auto Open-Drain Pins                                                            ; On                 ; On                 ;
; Perform WYSIWYG Primitive Resynthesis                                           ; Off                ; Off                ;
; Auto ROM Replacement                                                            ; On                 ; On                 ;
; Auto RAM Replacement                                                            ; On                 ; On                 ;
; Auto DSP Block Replacement                                                      ; On                 ; On                 ;
; Auto Shift Register Replacement                                                 ; Auto               ; Auto               ;
; Allow Shift Register Merging across Hierarchies                                 ; Auto               ; Auto               ;
; Auto Clock Enable Replacement                                                   ; On                 ; On                 ;
; Strict RAM Replacement                                                          ; Off                ; Off                ;
; Allow Synchronous Control Signals                                               ; On                 ; On                 ;
; Force Use of Synchronous Clear Signals                                          ; Off                ; Off                ;
; Auto Resource Sharing                                                           ; Off                ; Off                ;
; Allow Any RAM Size For Recognition                                              ; Off                ; Off                ;
; Allow Any ROM Size For Recognition                                              ; Off                ; Off                ;
; Allow Any Shift Register Size For Recognition                                   ; Off                ; Off                ;
; Use LogicLock Constraints during Resource Balancing                             ; On                 ; On                 ;
; Ignore translate_off and synthesis_off directives                               ; Off                ; Off                ;
; Timing-Driven Synthesis                                                         ; On                 ; On                 ;
; Report Parameter Settings                                                       ; On                 ; On                 ;
; Report Source Assignments                                                       ; On                 ; On                 ;
; Report Connectivity Checks                                                      ; On                 ; On                 ;
; Ignore Maximum Fan-Out Assignments                                              ; Off                ; Off                ;
; Synchronization Register Chain Length                                           ; 3                  ; 3                  ;
; PowerPlay Power Optimization During Synthesis                                   ; Normal compilation ; Normal compilation ;
; HDL message level                                                               ; Level2             ; Level2             ;
; Suppress Register Optimization Related Messages                                 ; Off                ; Off                ;
; Number of Removed Registers Reported in Synthesis Report                        ; 5000               ; 5000               ;
; Number of Swept Nodes Reported in Synthesis Report                              ; 5000               ; 5000               ;
; Number of Inverted Registers Reported in Synthesis Report                       ; 100                ; 100                ;
; Clock MUX Protection                                                            ; On                 ; On                 ;
; Auto Gated Clock Conversion                                                     ; Off                ; Off                ;
; Block Design Naming                                                             ; Auto               ; Auto               ;
; SDC constraint protection                                                       ; Off                ; Off                ;
; Synthesis Effort                                                                ; Auto               ; Auto               ;
; Shift Register Replacement - Allow Asynchronous Clear Signal                    ; On                 ; On                 ;
; Pre-Mapping Resynthesis Optimization                                            ; Off                ; Off                ;
; Analysis & Synthesis Message Level                                              ; Medium             ; Medium             ;
; Disable Register Merging Across Hierarchies                                     ; Auto               ; Auto               ;
; Resource Aware Inference For Block RAM                                          ; On                 ; On                 ;
; Automatic Parallel Synthesis                                                    ; On                 ; On                 ;
; Partial Reconfiguration Bitstream ID                                            ; Off                ; Off                ;
+---------------------------------------------------------------------------------+--------------------+--------------------+


+------------------------------------------+
; Parallel Compilation                     ;
+----------------------------+-------------+
; Processors                 ; Number      ;
+----------------------------+-------------+
; Number detected on machine ; 24          ;
; Maximum allowed            ; 16          ;
;                            ;             ;
; Average used               ; 4.25        ;
; Maximum used               ; 16          ;
;                            ;             ;
; Usage by Processor         ; % Time Used ;
;     Processor 1            ; 100.0%      ;
;     Processor 2            ;  25.4%      ;
;     Processor 3            ;  21.4%      ;
;     Processor 4            ;  21.4%      ;
;     Processor 5            ;  21.4%      ;
;     Processor 6            ;  21.4%      ;
;     Processor 7            ;  21.4%      ;
;     Processor 8            ;  21.4%      ;
;     Processor 9            ;  21.4%      ;
;     Processor 10           ;  21.4%      ;
;     Processor 11           ;  21.4%      ;
;     Processor 12           ;  21.4%      ;
;     Processor 13           ;  21.4%      ;
;     Processor 14           ;  21.4%      ;
;     Processor 15           ;  21.4%      ;
;     Processor 16           ;  21.4%      ;
+----------------------------+-------------+


+------------------------------------------------------------------------------------------------------------------------------------------------------------------------------------------------------------------------+
; Analysis & Synthesis Source Files Read                                                                                                                                                                                 ;
+----------------------------------------------------------------------------+-----------------+------------------------------+----------------------------------------------------------------------------+-------------+
; File Name with User-Entered Path                                           ; Used in Netlist ; File Type                    ; File Name with Absolute Path                                               ; Library     ;
+----------------------------------------------------------------------------+-----------------+------------------------------+----------------------------------------------------------------------------+-------------+
; audio/noise_gen.sv                                                         ; yes             ; User SystemVerilog HDL File  ; C:/271labs/redoneLEDTEST/audio/noise_gen.sv                                ;             ;
; audio/clock_generator.v                                                    ; yes             ; User Verilog HDL File        ; C:/271labs/redoneLEDTEST/audio/clock_generator.v                           ;             ;
; audio/audio_codec.v                                                        ; yes             ; User Verilog HDL File        ; C:/271labs/redoneLEDTEST/audio/audio_codec.v                               ;             ;
; audio/audio_and_video_config.v                                             ; yes             ; User Verilog HDL File        ; C:/271labs/redoneLEDTEST/audio/audio_and_video_config.v                    ;             ;
; audio/Altera_UP_SYNC_FIFO.v                                                ; yes             ; User Verilog HDL File        ; C:/271labs/redoneLEDTEST/audio/Altera_UP_SYNC_FIFO.v                       ;             ;
; audio/Altera_UP_Slow_Clock_Generator.v                                     ; yes             ; User Verilog HDL File        ; C:/271labs/redoneLEDTEST/audio/Altera_UP_Slow_Clock_Generator.v            ;             ;
; audio/Altera_UP_I2C_AV_Auto_Initialize.v                                   ; yes             ; User Verilog HDL File        ; C:/271labs/redoneLEDTEST/audio/Altera_UP_I2C_AV_Auto_Initialize.v          ;             ;
; audio/Altera_UP_I2C.v                                                      ; yes             ; User Verilog HDL File        ; C:/271labs/redoneLEDTEST/audio/Altera_UP_I2C.v                             ;             ;
; audio/Altera_UP_Clock_Edge.v                                               ; yes             ; User Verilog HDL File        ; C:/271labs/redoneLEDTEST/audio/Altera_UP_Clock_Edge.v                      ;             ;
; audio/Altera_UP_Audio_Out_Serializer.v                                     ; yes             ; User Verilog HDL File        ; C:/271labs/redoneLEDTEST/audio/Altera_UP_Audio_Out_Serializer.v            ;             ;
; audio/Altera_UP_Audio_In_Deserializer.v                                    ; yes             ; User Verilog HDL File        ; C:/271labs/redoneLEDTEST/audio/Altera_UP_Audio_In_Deserializer.v           ;             ;
; audio/Altera_UP_Audio_Bit_Counter.v                                        ; yes             ; User Verilog HDL File        ; C:/271labs/redoneLEDTEST/audio/Altera_UP_Audio_Bit_Counter.v               ;             ;
; ../../Users/Tarta/Downloads/VideoFiles/CLOCK25_PLL.v                       ; yes             ; User Wizard-Generated File   ; C:/Users/Tarta/Downloads/VideoFiles/CLOCK25_PLL.v                          ; CLOCK25_PLL ;
; ../../Users/Tarta/Downloads/VideoFiles/CLOCK25_PLL/CLOCK25_PLL_0002.v      ; yes             ; User Verilog HDL File        ; C:/Users/Tarta/Downloads/VideoFiles/CLOCK25_PLL/CLOCK25_PLL_0002.v         ; CLOCK25_PLL ;
; ../../Users/Tarta/Downloads/VideoFiles/altera_up_avalon_video_vga_timing.v ; yes             ; User Verilog HDL File        ; C:/Users/Tarta/Downloads/VideoFiles/altera_up_avalon_video_vga_timing.v    ;             ;
; ../../Users/Tarta/Downloads/VideoFiles/video_driver.sv                     ; yes             ; User SystemVerilog HDL File  ; C:/Users/Tarta/Downloads/VideoFiles/video_driver.sv                        ;             ;
; ../../Users/Tarta/Downloads/led_driver/clock_divider.sv                    ; yes             ; User SystemVerilog HDL File  ; C:/Users/Tarta/Downloads/led_driver/clock_divider.sv                       ;             ;
; ../../Users/Tarta/Downloads/led_driver/LEDDriver.sv                        ; yes             ; User SystemVerilog HDL File  ; C:/Users/Tarta/Downloads/led_driver/LEDDriver.sv                           ;             ;
; ../../Users/Tarta/Downloads/led_driver/DE1_SoC.sv                          ; yes             ; User SystemVerilog HDL File  ; C:/Users/Tarta/Downloads/led_driver/DE1_SoC.sv                             ;             ;
; bcdCounter.sv                                                              ; yes             ; User SystemVerilog HDL File  ; C:/271labs/redoneLEDTEST/bcdCounter.sv                                     ;             ;
; bcdControl.sv                                                              ; yes             ; User SystemVerilog HDL File  ; C:/271labs/redoneLEDTEST/bcdControl.sv                                     ;             ;
; hexControl.sv                                                              ; yes             ; User SystemVerilog HDL File  ; C:/271labs/redoneLEDTEST/hexControl.sv                                     ;             ;
; ../../Users/Tarta/Downloads/KeyboardFiles/keyboard_inner_driver.v          ; yes             ; User Verilog HDL File        ; C:/Users/Tarta/Downloads/KeyboardFiles/keyboard_inner_driver.v             ;             ;
; ../../Users/Tarta/Downloads/KeyboardFiles/keyboard_press_driver.v          ; yes             ; User Verilog HDL File        ; C:/Users/Tarta/Downloads/KeyboardFiles/keyboard_press_driver.v             ;             ;
; VGA_coordinate.sv                                                          ; yes             ; User SystemVerilog HDL File  ; C:/271labs/redoneLEDTEST/VGA_coordinate.sv                                 ;             ;
; keyboardTranslate.sv                                                       ; yes             ; User SystemVerilog HDL File  ; C:/271labs/redoneLEDTEST/keyboardTranslate.sv                              ;             ;
; snakeHead.sv                                                               ; yes             ; User SystemVerilog HDL File  ; C:/271labs/redoneLEDTEST/snakeHead.sv                                      ;             ;
; gridLight.sv                                                               ; yes             ; User SystemVerilog HDL File  ; C:/271labs/redoneLEDTEST/gridLight.sv                                      ;             ;
; controller.sv                                                              ; yes             ; User SystemVerilog HDL File  ; C:/271labs/redoneLEDTEST/controller.sv                                     ;             ;
; countDown.sv                                                               ; yes             ; User SystemVerilog HDL File  ; C:/271labs/redoneLEDTEST/countDown.sv                                      ;             ;
; dFlipFlop.sv                                                               ; yes             ; User SystemVerilog HDL File  ; C:/271labs/redoneLEDTEST/dFlipFlop.sv                                      ;             ;
; LFSR_8bit.sv                                                               ; yes             ; User SystemVerilog HDL File  ; C:/271labs/redoneLEDTEST/LFSR_8bit.sv                                      ;             ;
; altpll.tdf                                                                 ; yes             ; Megafunction                 ; c:/intelfpga_lite/17.0/quartus/libraries/megafunctions/altpll.tdf          ;             ;
; aglobal170.inc                                                             ; yes             ; Megafunction                 ; c:/intelfpga_lite/17.0/quartus/libraries/megafunctions/aglobal170.inc      ;             ;
; stratix_pll.inc                                                            ; yes             ; Megafunction                 ; c:/intelfpga_lite/17.0/quartus/libraries/megafunctions/stratix_pll.inc     ;             ;
; stratixii_pll.inc                                                          ; yes             ; Megafunction                 ; c:/intelfpga_lite/17.0/quartus/libraries/megafunctions/stratixii_pll.inc   ;             ;
; cycloneii_pll.inc                                                          ; yes             ; Megafunction                 ; c:/intelfpga_lite/17.0/quartus/libraries/megafunctions/cycloneii_pll.inc   ;             ;
; db/altpll_1uu1.tdf                                                         ; yes             ; Auto-Generated Megafunction  ; C:/271labs/redoneLEDTEST/db/altpll_1uu1.tdf                                ;             ;
; scfifo.tdf                                                                 ; yes             ; Megafunction                 ; c:/intelfpga_lite/17.0/quartus/libraries/megafunctions/scfifo.tdf          ;             ;
; a_regfifo.inc                                                              ; yes             ; Megafunction                 ; c:/intelfpga_lite/17.0/quartus/libraries/megafunctions/a_regfifo.inc       ;             ;
; a_dpfifo.inc                                                               ; yes             ; Megafunction                 ; c:/intelfpga_lite/17.0/quartus/libraries/megafunctions/a_dpfifo.inc        ;             ;
; a_i2fifo.inc                                                               ; yes             ; Megafunction                 ; c:/intelfpga_lite/17.0/quartus/libraries/megafunctions/a_i2fifo.inc        ;             ;
; a_fffifo.inc                                                               ; yes             ; Megafunction                 ; c:/intelfpga_lite/17.0/quartus/libraries/megafunctions/a_fffifo.inc        ;             ;
; a_f2fifo.inc                                                               ; yes             ; Megafunction                 ; c:/intelfpga_lite/17.0/quartus/libraries/megafunctions/a_f2fifo.inc        ;             ;
; db/scfifo_8ba1.tdf                                                         ; yes             ; Auto-Generated Megafunction  ; C:/271labs/redoneLEDTEST/db/scfifo_8ba1.tdf                                ;             ;
; db/a_dpfifo_r2a1.tdf                                                       ; yes             ; Auto-Generated Megafunction  ; C:/271labs/redoneLEDTEST/db/a_dpfifo_r2a1.tdf                              ;             ;
; db/altsyncram_p3i1.tdf                                                     ; yes             ; Auto-Generated Megafunction  ; C:/271labs/redoneLEDTEST/db/altsyncram_p3i1.tdf                            ;             ;
; db/cmpr_6l8.tdf                                                            ; yes             ; Auto-Generated Megafunction  ; C:/271labs/redoneLEDTEST/db/cmpr_6l8.tdf                                   ;             ;
; db/cntr_h2b.tdf                                                            ; yes             ; Auto-Generated Megafunction  ; C:/271labs/redoneLEDTEST/db/cntr_h2b.tdf                                   ;             ;
; db/cntr_u27.tdf                                                            ; yes             ; Auto-Generated Megafunction  ; C:/271labs/redoneLEDTEST/db/cntr_u27.tdf                                   ;             ;
; db/cntr_i2b.tdf                                                            ; yes             ; Auto-Generated Megafunction  ; C:/271labs/redoneLEDTEST/db/cntr_i2b.tdf                                   ;             ;
; altera_pll.v                                                               ; yes             ; Megafunction                 ; c:/intelfpga_lite/17.0/quartus/libraries/megafunctions/altera_pll.v        ;             ;
; lpm_divide.tdf                                                             ; yes             ; Megafunction                 ; c:/intelfpga_lite/17.0/quartus/libraries/megafunctions/lpm_divide.tdf      ;             ;
; abs_divider.inc                                                            ; yes             ; Megafunction                 ; c:/intelfpga_lite/17.0/quartus/libraries/megafunctions/abs_divider.inc     ;             ;
; sign_div_unsign.inc                                                        ; yes             ; Megafunction                 ; c:/intelfpga_lite/17.0/quartus/libraries/megafunctions/sign_div_unsign.inc ;             ;
; db/lpm_divide_7am.tdf                                                      ; yes             ; Auto-Generated Megafunction  ; C:/271labs/redoneLEDTEST/db/lpm_divide_7am.tdf                             ;             ;
; db/sign_div_unsign_dkh.tdf                                                 ; yes             ; Auto-Generated Megafunction  ; C:/271labs/redoneLEDTEST/db/sign_div_unsign_dkh.tdf                        ;             ;
; db/alt_u_div_0te.tdf                                                       ; yes             ; Auto-Generated Megafunction  ; C:/271labs/redoneLEDTEST/db/alt_u_div_0te.tdf                              ;             ;
; db/lpm_divide_jbm.tdf                                                      ; yes             ; Auto-Generated Megafunction  ; C:/271labs/redoneLEDTEST/db/lpm_divide_jbm.tdf                             ;             ;
; db/sign_div_unsign_plh.tdf                                                 ; yes             ; Auto-Generated Megafunction  ; C:/271labs/redoneLEDTEST/db/sign_div_unsign_plh.tdf                        ;             ;
; db/alt_u_div_ove.tdf                                                       ; yes             ; Auto-Generated Megafunction  ; C:/271labs/redoneLEDTEST/db/alt_u_div_ove.tdf                              ;             ;
; db/lpm_divide_a2m.tdf                                                      ; yes             ; Auto-Generated Megafunction  ; C:/271labs/redoneLEDTEST/db/lpm_divide_a2m.tdf                             ;             ;
+----------------------------------------------------------------------------+-----------------+------------------------------+----------------------------------------------------------------------------+-------------+


+-----------------------------------------------------------+
; Analysis & Synthesis Resource Usage Summary               ;
+---------------------------------------------+-------------+
; Resource                                    ; Usage       ;
+---------------------------------------------+-------------+
; Estimate of Logic utilization (ALMs needed) ; 5759        ;
;                                             ;             ;
; Combinational ALUT usage for logic          ; 9207        ;
;     -- 7 input functions                    ; 8           ;
;     -- 6 input functions                    ; 2285        ;
;     -- 5 input functions                    ; 875         ;
;     -- 4 input functions                    ; 548         ;
;     -- <=3 input functions                  ; 5491        ;
;                                             ;             ;
; Dedicated logic registers                   ; 3891        ;
;                                             ;             ;
; I/O pins                                    ; 143         ;
; Total MLAB memory bits                      ; 0           ;
; Total block memory bits                     ; 12288       ;
;                                             ;             ;
; Total DSP Blocks                            ; 0           ;
;                                             ;             ;
; Total PLLs                                  ; 2           ;
;     -- PLLs                                 ; 2           ;
;                                             ;             ;
; Maximum fan-out node                        ; SW[9]~input ;
; Maximum fan-out                             ; 3723        ;
; Total fan-out                               ; 48516       ;
; Average fan-out                             ; 3.60        ;
+---------------------------------------------+-------------+


+-------------------------------------------------------------------------------------------------------------------------------------------------------------------------------------------------------------------------------------------------------------------------------------------------------------------------------------------------------------------------------------------------------------------------------------------------------+
; Analysis & Synthesis Resource Utilization by Entity                                                                                                                                                                                                                                                                                                                                                                                                   ;
+---------------------------------------------------------------+---------------------+---------------------------+-------------------+------------+------+--------------+---------------------------------------------------------------------------------------------------------------------------------------------------------------------------------------------------------------------------+-----------------------------------+--------------+
; Compilation Hierarchy Node                                    ; Combinational ALUTs ; Dedicated Logic Registers ; Block Memory Bits ; DSP Blocks ; Pins ; Virtual Pins ; Full Hierarchy Name                                                                                                                                                                                                       ; Entity Name                       ; Library Name ;
+---------------------------------------------------------------+---------------------+---------------------------+-------------------+------------+------+--------------+---------------------------------------------------------------------------------------------------------------------------------------------------------------------------------------------------------------------------+-----------------------------------+--------------+
; |DE1_SoC                                                      ; 9207 (148)          ; 3891 (0)                  ; 12288             ; 0          ; 143  ; 0            ; |DE1_SoC                                                                                                                                                                                                                  ; DE1_SoC                           ; work         ;
;    |LEDDriver:Driver|                                         ; 164 (164)           ; 4 (4)                     ; 0                 ; 0          ; 0    ; 0            ; |DE1_SoC|LEDDriver:Driver                                                                                                                                                                                                 ; LEDDriver                         ; work         ;
;    |LFSR_8bit:appleGen|                                       ; 9 (9)               ; 8 (8)                     ; 0                 ; 0          ; 0    ; 0            ; |DE1_SoC|LFSR_8bit:appleGen                                                                                                                                                                                               ; LFSR_8bit                         ; work         ;
;    |VGA_coordinate:vga_driver|                                ; 544 (178)           ; 0 (0)                     ; 0                 ; 0          ; 0    ; 0            ; |DE1_SoC|VGA_coordinate:vga_driver                                                                                                                                                                                        ; VGA_coordinate                    ; work         ;
;       |lpm_divide:Div0|                                       ; 58 (0)              ; 0 (0)                     ; 0                 ; 0          ; 0    ; 0            ; |DE1_SoC|VGA_coordinate:vga_driver|lpm_divide:Div0                                                                                                                                                                        ; lpm_divide                        ; work         ;
;          |lpm_divide_7am:auto_generated|                      ; 58 (0)              ; 0 (0)                     ; 0                 ; 0          ; 0    ; 0            ; |DE1_SoC|VGA_coordinate:vga_driver|lpm_divide:Div0|lpm_divide_7am:auto_generated                                                                                                                                          ; lpm_divide_7am                    ; work         ;
;             |sign_div_unsign_dkh:divider|                     ; 58 (0)              ; 0 (0)                     ; 0                 ; 0          ; 0    ; 0            ; |DE1_SoC|VGA_coordinate:vga_driver|lpm_divide:Div0|lpm_divide_7am:auto_generated|sign_div_unsign_dkh:divider                                                                                                              ; sign_div_unsign_dkh               ; work         ;
;                |alt_u_div_0te:divider|                        ; 58 (58)             ; 0 (0)                     ; 0                 ; 0          ; 0    ; 0            ; |DE1_SoC|VGA_coordinate:vga_driver|lpm_divide:Div0|lpm_divide_7am:auto_generated|sign_div_unsign_dkh:divider|alt_u_div_0te:divider                                                                                        ; alt_u_div_0te                     ; work         ;
;       |lpm_divide:Div1|                                       ; 125 (0)             ; 0 (0)                     ; 0                 ; 0          ; 0    ; 0            ; |DE1_SoC|VGA_coordinate:vga_driver|lpm_divide:Div1                                                                                                                                                                        ; lpm_divide                        ; work         ;
;          |lpm_divide_jbm:auto_generated|                      ; 125 (0)             ; 0 (0)                     ; 0                 ; 0          ; 0    ; 0            ; |DE1_SoC|VGA_coordinate:vga_driver|lpm_divide:Div1|lpm_divide_jbm:auto_generated                                                                                                                                          ; lpm_divide_jbm                    ; work         ;
;             |sign_div_unsign_plh:divider|                     ; 125 (0)             ; 0 (0)                     ; 0                 ; 0          ; 0    ; 0            ; |DE1_SoC|VGA_coordinate:vga_driver|lpm_divide:Div1|lpm_divide_jbm:auto_generated|sign_div_unsign_plh:divider                                                                                                              ; sign_div_unsign_plh               ; work         ;
;                |alt_u_div_ove:divider|                        ; 125 (125)           ; 0 (0)                     ; 0                 ; 0          ; 0    ; 0            ; |DE1_SoC|VGA_coordinate:vga_driver|lpm_divide:Div1|lpm_divide_jbm:auto_generated|sign_div_unsign_plh:divider|alt_u_div_ove:divider                                                                                        ; alt_u_div_ove                     ; work         ;
;       |lpm_divide:Div21|                                      ; 125 (0)             ; 0 (0)                     ; 0                 ; 0          ; 0    ; 0            ; |DE1_SoC|VGA_coordinate:vga_driver|lpm_divide:Div21                                                                                                                                                                       ; lpm_divide                        ; work         ;
;          |lpm_divide_jbm:auto_generated|                      ; 125 (0)             ; 0 (0)                     ; 0                 ; 0          ; 0    ; 0            ; |DE1_SoC|VGA_coordinate:vga_driver|lpm_divide:Div21|lpm_divide_jbm:auto_generated                                                                                                                                         ; lpm_divide_jbm                    ; work         ;
;             |sign_div_unsign_plh:divider|                     ; 125 (0)             ; 0 (0)                     ; 0                 ; 0          ; 0    ; 0            ; |DE1_SoC|VGA_coordinate:vga_driver|lpm_divide:Div21|lpm_divide_jbm:auto_generated|sign_div_unsign_plh:divider                                                                                                             ; sign_div_unsign_plh               ; work         ;
;                |alt_u_div_ove:divider|                        ; 125 (125)           ; 0 (0)                     ; 0                 ; 0          ; 0    ; 0            ; |DE1_SoC|VGA_coordinate:vga_driver|lpm_divide:Div21|lpm_divide_jbm:auto_generated|sign_div_unsign_plh:divider|alt_u_div_ove:divider                                                                                       ; alt_u_div_ove                     ; work         ;
;       |lpm_divide:Mod0|                                       ; 58 (0)              ; 0 (0)                     ; 0                 ; 0          ; 0    ; 0            ; |DE1_SoC|VGA_coordinate:vga_driver|lpm_divide:Mod0                                                                                                                                                                        ; lpm_divide                        ; work         ;
;          |lpm_divide_a2m:auto_generated|                      ; 58 (0)              ; 0 (0)                     ; 0                 ; 0          ; 0    ; 0            ; |DE1_SoC|VGA_coordinate:vga_driver|lpm_divide:Mod0|lpm_divide_a2m:auto_generated                                                                                                                                          ; lpm_divide_a2m                    ; work         ;
;             |sign_div_unsign_dkh:divider|                     ; 58 (0)              ; 0 (0)                     ; 0                 ; 0          ; 0    ; 0            ; |DE1_SoC|VGA_coordinate:vga_driver|lpm_divide:Mod0|lpm_divide_a2m:auto_generated|sign_div_unsign_dkh:divider                                                                                                              ; sign_div_unsign_dkh               ; work         ;
;                |alt_u_div_0te:divider|                        ; 58 (58)             ; 0 (0)                     ; 0                 ; 0          ; 0    ; 0            ; |DE1_SoC|VGA_coordinate:vga_driver|lpm_divide:Mod0|lpm_divide_a2m:auto_generated|sign_div_unsign_dkh:divider|alt_u_div_0te:divider                                                                                        ; alt_u_div_0te                     ; work         ;
;    |audio_and_video_config:cfg|                               ; 89 (0)              ; 55 (8)                    ; 0                 ; 0          ; 0    ; 0            ; |DE1_SoC|audio_and_video_config:cfg                                                                                                                                                                                       ; audio_and_video_config            ; work         ;
;       |Altera_UP_I2C:I2C_Controller|                          ; 21 (21)             ; 14 (14)                   ; 0                 ; 0          ; 0    ; 0            ; |DE1_SoC|audio_and_video_config:cfg|Altera_UP_I2C:I2C_Controller                                                                                                                                                          ; Altera_UP_I2C                     ; work         ;
;       |Altera_UP_I2C_AV_Auto_Initialize:Auto_Initialize|      ; 55 (55)             ; 20 (20)                   ; 0                 ; 0          ; 0    ; 0            ; |DE1_SoC|audio_and_video_config:cfg|Altera_UP_I2C_AV_Auto_Initialize:Auto_Initialize                                                                                                                                      ; Altera_UP_I2C_AV_Auto_Initialize  ; work         ;
;       |Altera_UP_Slow_Clock_Generator:Clock_Generator_400KHz| ; 13 (13)             ; 13 (13)                   ; 0                 ; 0          ; 0    ; 0            ; |DE1_SoC|audio_and_video_config:cfg|Altera_UP_Slow_Clock_Generator:Clock_Generator_400KHz                                                                                                                                 ; Altera_UP_Slow_Clock_Generator    ; work         ;
;    |audio_codec:codec|                                        ; 226 (8)             ; 226 (0)                   ; 12288             ; 0          ; 0    ; 0            ; |DE1_SoC|audio_codec:codec                                                                                                                                                                                                ; audio_codec                       ; work         ;
;       |Altera_UP_Audio_In_Deserializer:Audio_In_Deserializer| ; 92 (5)              ; 112 (40)                  ; 6144              ; 0          ; 0    ; 0            ; |DE1_SoC|audio_codec:codec|Altera_UP_Audio_In_Deserializer:Audio_In_Deserializer                                                                                                                                          ; Altera_UP_Audio_In_Deserializer   ; work         ;
;          |Altera_UP_Audio_Bit_Counter:Audio_Out_Bit_Counter|  ; 9 (9)               ; 6 (6)                     ; 0                 ; 0          ; 0    ; 0            ; |DE1_SoC|audio_codec:codec|Altera_UP_Audio_In_Deserializer:Audio_In_Deserializer|Altera_UP_Audio_Bit_Counter:Audio_Out_Bit_Counter                                                                                        ; Altera_UP_Audio_Bit_Counter       ; work         ;
;          |Altera_UP_SYNC_FIFO:Audio_In_Left_Channel_FIFO|     ; 39 (0)              ; 33 (0)                    ; 3072              ; 0          ; 0    ; 0            ; |DE1_SoC|audio_codec:codec|Altera_UP_Audio_In_Deserializer:Audio_In_Deserializer|Altera_UP_SYNC_FIFO:Audio_In_Left_Channel_FIFO                                                                                           ; Altera_UP_SYNC_FIFO               ; work         ;
;             |scfifo:Sync_FIFO|                                ; 39 (0)              ; 33 (0)                    ; 3072              ; 0          ; 0    ; 0            ; |DE1_SoC|audio_codec:codec|Altera_UP_Audio_In_Deserializer:Audio_In_Deserializer|Altera_UP_SYNC_FIFO:Audio_In_Left_Channel_FIFO|scfifo:Sync_FIFO                                                                          ; scfifo                            ; work         ;
;                |scfifo_8ba1:auto_generated|                   ; 39 (0)              ; 33 (0)                    ; 3072              ; 0          ; 0    ; 0            ; |DE1_SoC|audio_codec:codec|Altera_UP_Audio_In_Deserializer:Audio_In_Deserializer|Altera_UP_SYNC_FIFO:Audio_In_Left_Channel_FIFO|scfifo:Sync_FIFO|scfifo_8ba1:auto_generated                                               ; scfifo_8ba1                       ; work         ;
;                   |a_dpfifo_r2a1:dpfifo|                      ; 39 (19)             ; 33 (13)                   ; 3072              ; 0          ; 0    ; 0            ; |DE1_SoC|audio_codec:codec|Altera_UP_Audio_In_Deserializer:Audio_In_Deserializer|Altera_UP_SYNC_FIFO:Audio_In_Left_Channel_FIFO|scfifo:Sync_FIFO|scfifo_8ba1:auto_generated|a_dpfifo_r2a1:dpfifo                          ; a_dpfifo_r2a1                     ; work         ;
;                      |altsyncram_p3i1:FIFOram|                ; 0 (0)               ; 0 (0)                     ; 3072              ; 0          ; 0    ; 0            ; |DE1_SoC|audio_codec:codec|Altera_UP_Audio_In_Deserializer:Audio_In_Deserializer|Altera_UP_SYNC_FIFO:Audio_In_Left_Channel_FIFO|scfifo:Sync_FIFO|scfifo_8ba1:auto_generated|a_dpfifo_r2a1:dpfifo|altsyncram_p3i1:FIFOram  ; altsyncram_p3i1                   ; work         ;
;                      |cntr_h2b:rd_ptr_msb|                    ; 6 (6)               ; 6 (6)                     ; 0                 ; 0          ; 0    ; 0            ; |DE1_SoC|audio_codec:codec|Altera_UP_Audio_In_Deserializer:Audio_In_Deserializer|Altera_UP_SYNC_FIFO:Audio_In_Left_Channel_FIFO|scfifo:Sync_FIFO|scfifo_8ba1:auto_generated|a_dpfifo_r2a1:dpfifo|cntr_h2b:rd_ptr_msb      ; cntr_h2b                          ; work         ;
;                      |cntr_i2b:wr_ptr|                        ; 7 (7)               ; 7 (7)                     ; 0                 ; 0          ; 0    ; 0            ; |DE1_SoC|audio_codec:codec|Altera_UP_Audio_In_Deserializer:Audio_In_Deserializer|Altera_UP_SYNC_FIFO:Audio_In_Left_Channel_FIFO|scfifo:Sync_FIFO|scfifo_8ba1:auto_generated|a_dpfifo_r2a1:dpfifo|cntr_i2b:wr_ptr          ; cntr_i2b                          ; work         ;
;                      |cntr_u27:usedw_counter|                 ; 7 (7)               ; 7 (7)                     ; 0                 ; 0          ; 0    ; 0            ; |DE1_SoC|audio_codec:codec|Altera_UP_Audio_In_Deserializer:Audio_In_Deserializer|Altera_UP_SYNC_FIFO:Audio_In_Left_Channel_FIFO|scfifo:Sync_FIFO|scfifo_8ba1:auto_generated|a_dpfifo_r2a1:dpfifo|cntr_u27:usedw_counter   ; cntr_u27                          ; work         ;
;          |Altera_UP_SYNC_FIFO:Audio_In_Right_Channel_FIFO|    ; 39 (0)              ; 33 (0)                    ; 3072              ; 0          ; 0    ; 0            ; |DE1_SoC|audio_codec:codec|Altera_UP_Audio_In_Deserializer:Audio_In_Deserializer|Altera_UP_SYNC_FIFO:Audio_In_Right_Channel_FIFO                                                                                          ; Altera_UP_SYNC_FIFO               ; work         ;
;             |scfifo:Sync_FIFO|                                ; 39 (0)              ; 33 (0)                    ; 3072              ; 0          ; 0    ; 0            ; |DE1_SoC|audio_codec:codec|Altera_UP_Audio_In_Deserializer:Audio_In_Deserializer|Altera_UP_SYNC_FIFO:Audio_In_Right_Channel_FIFO|scfifo:Sync_FIFO                                                                         ; scfifo                            ; work         ;
;                |scfifo_8ba1:auto_generated|                   ; 39 (0)              ; 33 (0)                    ; 3072              ; 0          ; 0    ; 0            ; |DE1_SoC|audio_codec:codec|Altera_UP_Audio_In_Deserializer:Audio_In_Deserializer|Altera_UP_SYNC_FIFO:Audio_In_Right_Channel_FIFO|scfifo:Sync_FIFO|scfifo_8ba1:auto_generated                                              ; scfifo_8ba1                       ; work         ;
;                   |a_dpfifo_r2a1:dpfifo|                      ; 39 (19)             ; 33 (13)                   ; 3072              ; 0          ; 0    ; 0            ; |DE1_SoC|audio_codec:codec|Altera_UP_Audio_In_Deserializer:Audio_In_Deserializer|Altera_UP_SYNC_FIFO:Audio_In_Right_Channel_FIFO|scfifo:Sync_FIFO|scfifo_8ba1:auto_generated|a_dpfifo_r2a1:dpfifo                         ; a_dpfifo_r2a1                     ; work         ;
;                      |altsyncram_p3i1:FIFOram|                ; 0 (0)               ; 0 (0)                     ; 3072              ; 0          ; 0    ; 0            ; |DE1_SoC|audio_codec:codec|Altera_UP_Audio_In_Deserializer:Audio_In_Deserializer|Altera_UP_SYNC_FIFO:Audio_In_Right_Channel_FIFO|scfifo:Sync_FIFO|scfifo_8ba1:auto_generated|a_dpfifo_r2a1:dpfifo|altsyncram_p3i1:FIFOram ; altsyncram_p3i1                   ; work         ;
;                      |cntr_h2b:rd_ptr_msb|                    ; 6 (6)               ; 6 (6)                     ; 0                 ; 0          ; 0    ; 0            ; |DE1_SoC|audio_codec:codec|Altera_UP_Audio_In_Deserializer:Audio_In_Deserializer|Altera_UP_SYNC_FIFO:Audio_In_Right_Channel_FIFO|scfifo:Sync_FIFO|scfifo_8ba1:auto_generated|a_dpfifo_r2a1:dpfifo|cntr_h2b:rd_ptr_msb     ; cntr_h2b                          ; work         ;
;                      |cntr_i2b:wr_ptr|                        ; 7 (7)               ; 7 (7)                     ; 0                 ; 0          ; 0    ; 0            ; |DE1_SoC|audio_codec:codec|Altera_UP_Audio_In_Deserializer:Audio_In_Deserializer|Altera_UP_SYNC_FIFO:Audio_In_Right_Channel_FIFO|scfifo:Sync_FIFO|scfifo_8ba1:auto_generated|a_dpfifo_r2a1:dpfifo|cntr_i2b:wr_ptr         ; cntr_i2b                          ; work         ;
;                      |cntr_u27:usedw_counter|                 ; 7 (7)               ; 7 (7)                     ; 0                 ; 0          ; 0    ; 0            ; |DE1_SoC|audio_codec:codec|Altera_UP_Audio_In_Deserializer:Audio_In_Deserializer|Altera_UP_SYNC_FIFO:Audio_In_Right_Channel_FIFO|scfifo:Sync_FIFO|scfifo_8ba1:auto_generated|a_dpfifo_r2a1:dpfifo|cntr_u27:usedw_counter  ; cntr_u27                          ; work         ;
;       |Altera_UP_Audio_Out_Serializer:Audio_Out_Serializer|   ; 125 (47)            ; 108 (42)                  ; 6144              ; 0          ; 0    ; 0            ; |DE1_SoC|audio_codec:codec|Altera_UP_Audio_Out_Serializer:Audio_Out_Serializer                                                                                                                                            ; Altera_UP_Audio_Out_Serializer    ; work         ;
;          |Altera_UP_SYNC_FIFO:Audio_Out_Left_Channel_FIFO|    ; 39 (0)              ; 33 (0)                    ; 3072              ; 0          ; 0    ; 0            ; |DE1_SoC|audio_codec:codec|Altera_UP_Audio_Out_Serializer:Audio_Out_Serializer|Altera_UP_SYNC_FIFO:Audio_Out_Left_Channel_FIFO                                                                                            ; Altera_UP_SYNC_FIFO               ; work         ;
;             |scfifo:Sync_FIFO|                                ; 39 (0)              ; 33 (0)                    ; 3072              ; 0          ; 0    ; 0            ; |DE1_SoC|audio_codec:codec|Altera_UP_Audio_Out_Serializer:Audio_Out_Serializer|Altera_UP_SYNC_FIFO:Audio_Out_Left_Channel_FIFO|scfifo:Sync_FIFO                                                                           ; scfifo                            ; work         ;
;                |scfifo_8ba1:auto_generated|                   ; 39 (0)              ; 33 (0)                    ; 3072              ; 0          ; 0    ; 0            ; |DE1_SoC|audio_codec:codec|Altera_UP_Audio_Out_Serializer:Audio_Out_Serializer|Altera_UP_SYNC_FIFO:Audio_Out_Left_Channel_FIFO|scfifo:Sync_FIFO|scfifo_8ba1:auto_generated                                                ; scfifo_8ba1                       ; work         ;
;                   |a_dpfifo_r2a1:dpfifo|                      ; 39 (19)             ; 33 (13)                   ; 3072              ; 0          ; 0    ; 0            ; |DE1_SoC|audio_codec:codec|Altera_UP_Audio_Out_Serializer:Audio_Out_Serializer|Altera_UP_SYNC_FIFO:Audio_Out_Left_Channel_FIFO|scfifo:Sync_FIFO|scfifo_8ba1:auto_generated|a_dpfifo_r2a1:dpfifo                           ; a_dpfifo_r2a1                     ; work         ;
;                      |altsyncram_p3i1:FIFOram|                ; 0 (0)               ; 0 (0)                     ; 3072              ; 0          ; 0    ; 0            ; |DE1_SoC|audio_codec:codec|Altera_UP_Audio_Out_Serializer:Audio_Out_Serializer|Altera_UP_SYNC_FIFO:Audio_Out_Left_Channel_FIFO|scfifo:Sync_FIFO|scfifo_8ba1:auto_generated|a_dpfifo_r2a1:dpfifo|altsyncram_p3i1:FIFOram   ; altsyncram_p3i1                   ; work         ;
;                      |cntr_h2b:rd_ptr_msb|                    ; 6 (6)               ; 6 (6)                     ; 0                 ; 0          ; 0    ; 0            ; |DE1_SoC|audio_codec:codec|Altera_UP_Audio_Out_Serializer:Audio_Out_Serializer|Altera_UP_SYNC_FIFO:Audio_Out_Left_Channel_FIFO|scfifo:Sync_FIFO|scfifo_8ba1:auto_generated|a_dpfifo_r2a1:dpfifo|cntr_h2b:rd_ptr_msb       ; cntr_h2b                          ; work         ;
;                      |cntr_i2b:wr_ptr|                        ; 7 (7)               ; 7 (7)                     ; 0                 ; 0          ; 0    ; 0            ; |DE1_SoC|audio_codec:codec|Altera_UP_Audio_Out_Serializer:Audio_Out_Serializer|Altera_UP_SYNC_FIFO:Audio_Out_Left_Channel_FIFO|scfifo:Sync_FIFO|scfifo_8ba1:auto_generated|a_dpfifo_r2a1:dpfifo|cntr_i2b:wr_ptr           ; cntr_i2b                          ; work         ;
;                      |cntr_u27:usedw_counter|                 ; 7 (7)               ; 7 (7)                     ; 0                 ; 0          ; 0    ; 0            ; |DE1_SoC|audio_codec:codec|Altera_UP_Audio_Out_Serializer:Audio_Out_Serializer|Altera_UP_SYNC_FIFO:Audio_Out_Left_Channel_FIFO|scfifo:Sync_FIFO|scfifo_8ba1:auto_generated|a_dpfifo_r2a1:dpfifo|cntr_u27:usedw_counter    ; cntr_u27                          ; work         ;
;          |Altera_UP_SYNC_FIFO:Audio_Out_Right_Channel_FIFO|   ; 39 (0)              ; 33 (0)                    ; 3072              ; 0          ; 0    ; 0            ; |DE1_SoC|audio_codec:codec|Altera_UP_Audio_Out_Serializer:Audio_Out_Serializer|Altera_UP_SYNC_FIFO:Audio_Out_Right_Channel_FIFO                                                                                           ; Altera_UP_SYNC_FIFO               ; work         ;
;             |scfifo:Sync_FIFO|                                ; 39 (0)              ; 33 (0)                    ; 3072              ; 0          ; 0    ; 0            ; |DE1_SoC|audio_codec:codec|Altera_UP_Audio_Out_Serializer:Audio_Out_Serializer|Altera_UP_SYNC_FIFO:Audio_Out_Right_Channel_FIFO|scfifo:Sync_FIFO                                                                          ; scfifo                            ; work         ;
;                |scfifo_8ba1:auto_generated|                   ; 39 (0)              ; 33 (0)                    ; 3072              ; 0          ; 0    ; 0            ; |DE1_SoC|audio_codec:codec|Altera_UP_Audio_Out_Serializer:Audio_Out_Serializer|Altera_UP_SYNC_FIFO:Audio_Out_Right_Channel_FIFO|scfifo:Sync_FIFO|scfifo_8ba1:auto_generated                                               ; scfifo_8ba1                       ; work         ;
;                   |a_dpfifo_r2a1:dpfifo|                      ; 39 (19)             ; 33 (13)                   ; 3072              ; 0          ; 0    ; 0            ; |DE1_SoC|audio_codec:codec|Altera_UP_Audio_Out_Serializer:Audio_Out_Serializer|Altera_UP_SYNC_FIFO:Audio_Out_Right_Channel_FIFO|scfifo:Sync_FIFO|scfifo_8ba1:auto_generated|a_dpfifo_r2a1:dpfifo                          ; a_dpfifo_r2a1                     ; work         ;
;                      |altsyncram_p3i1:FIFOram|                ; 0 (0)               ; 0 (0)                     ; 3072              ; 0          ; 0    ; 0            ; |DE1_SoC|audio_codec:codec|Altera_UP_Audio_Out_Serializer:Audio_Out_Serializer|Altera_UP_SYNC_FIFO:Audio_Out_Right_Channel_FIFO|scfifo:Sync_FIFO|scfifo_8ba1:auto_generated|a_dpfifo_r2a1:dpfifo|altsyncram_p3i1:FIFOram  ; altsyncram_p3i1                   ; work         ;
;                      |cntr_h2b:rd_ptr_msb|                    ; 6 (6)               ; 6 (6)                     ; 0                 ; 0          ; 0    ; 0            ; |DE1_SoC|audio_codec:codec|Altera_UP_Audio_Out_Serializer:Audio_Out_Serializer|Altera_UP_SYNC_FIFO:Audio_Out_Right_Channel_FIFO|scfifo:Sync_FIFO|scfifo_8ba1:auto_generated|a_dpfifo_r2a1:dpfifo|cntr_h2b:rd_ptr_msb      ; cntr_h2b                          ; work         ;
;                      |cntr_i2b:wr_ptr|                        ; 7 (7)               ; 7 (7)                     ; 0                 ; 0          ; 0    ; 0            ; |DE1_SoC|audio_codec:codec|Altera_UP_Audio_Out_Serializer:Audio_Out_Serializer|Altera_UP_SYNC_FIFO:Audio_Out_Right_Channel_FIFO|scfifo:Sync_FIFO|scfifo_8ba1:auto_generated|a_dpfifo_r2a1:dpfifo|cntr_i2b:wr_ptr          ; cntr_i2b                          ; work         ;
;                      |cntr_u27:usedw_counter|                 ; 7 (7)               ; 7 (7)                     ; 0                 ; 0          ; 0    ; 0            ; |DE1_SoC|audio_codec:codec|Altera_UP_Audio_Out_Serializer:Audio_Out_Serializer|Altera_UP_SYNC_FIFO:Audio_Out_Right_Channel_FIFO|scfifo:Sync_FIFO|scfifo_8ba1:auto_generated|a_dpfifo_r2a1:dpfifo|cntr_u27:usedw_counter   ; cntr_u27                          ; work         ;
;       |Altera_UP_Clock_Edge:ADC_Left_Right_Clock_Edges|       ; 1 (1)               ; 2 (2)                     ; 0                 ; 0          ; 0    ; 0            ; |DE1_SoC|audio_codec:codec|Altera_UP_Clock_Edge:ADC_Left_Right_Clock_Edges                                                                                                                                                ; Altera_UP_Clock_Edge              ; work         ;
;       |Altera_UP_Clock_Edge:Bit_Clock_Edges|                  ; 0 (0)               ; 2 (2)                     ; 0                 ; 0          ; 0    ; 0            ; |DE1_SoC|audio_codec:codec|Altera_UP_Clock_Edge:Bit_Clock_Edges                                                                                                                                                           ; Altera_UP_Clock_Edge              ; work         ;
;       |Altera_UP_Clock_Edge:DAC_Left_Right_Clock_Edges|       ; 0 (0)               ; 2 (2)                     ; 0                 ; 0          ; 0    ; 0            ; |DE1_SoC|audio_codec:codec|Altera_UP_Clock_Edge:DAC_Left_Right_Clock_Edges                                                                                                                                                ; Altera_UP_Clock_Edge              ; work         ;
;    |bcdControl:scoreCount|                                    ; 22 (6)              ; 23 (8)                    ; 0                 ; 0          ; 0    ; 0            ; |DE1_SoC|bcdControl:scoreCount                                                                                                                                                                                            ; bcdControl                        ; work         ;
;       |bcdCounter:hundreds|                                   ; 5 (5)               ; 5 (5)                     ; 0                 ; 0          ; 0    ; 0            ; |DE1_SoC|bcdControl:scoreCount|bcdCounter:hundreds                                                                                                                                                                        ; bcdCounter                        ; work         ;
;       |bcdCounter:ones|                                       ; 6 (6)               ; 5 (5)                     ; 0                 ; 0          ; 0    ; 0            ; |DE1_SoC|bcdControl:scoreCount|bcdCounter:ones                                                                                                                                                                            ; bcdCounter                        ; work         ;
;       |bcdCounter:tens|                                       ; 5 (5)               ; 5 (5)                     ; 0                 ; 0          ; 0    ; 0            ; |DE1_SoC|bcdControl:scoreCount|bcdCounter:tens                                                                                                                                                                            ; bcdCounter                        ; work         ;
;    |clock_divider:divider|                                    ; 24 (24)             ; 24 (24)                   ; 0                 ; 0          ; 0    ; 0            ; |DE1_SoC|clock_divider:divider                                                                                                                                                                                            ; clock_divider                     ; work         ;
;    |clock_generator:my_clock_gen|                             ; 0 (0)               ; 0 (0)                     ; 0                 ; 0          ; 0    ; 0            ; |DE1_SoC|clock_generator:my_clock_gen                                                                                                                                                                                     ; clock_generator                   ; work         ;
;       |altpll:DE_Clock_Generator_Audio|                       ; 0 (0)               ; 0 (0)                     ; 0                 ; 0          ; 0    ; 0            ; |DE1_SoC|clock_generator:my_clock_gen|altpll:DE_Clock_Generator_Audio                                                                                                                                                     ; altpll                            ; work         ;
;          |altpll_1uu1:auto_generated|                         ; 0 (0)               ; 0 (0)                     ; 0                 ; 0          ; 0    ; 0            ; |DE1_SoC|clock_generator:my_clock_gen|altpll:DE_Clock_Generator_Audio|altpll_1uu1:auto_generated                                                                                                                          ; altpll_1uu1                       ; work         ;
;    |controller:controlSystem|                                 ; 7738 (1111)         ; 3355 (538)                ; 0                 ; 0          ; 0    ; 0            ; |DE1_SoC|controller:controlSystem                                                                                                                                                                                         ; controller                        ; work         ;
;       |gridLight:ledArray[0].ledArray2[0].LED|                ; 26 (9)              ; 12 (4)                    ; 0                 ; 0          ; 0    ; 0            ; |DE1_SoC|controller:controlSystem|gridLight:ledArray[0].ledArray2[0].LED                                                                                                                                                  ; gridLight                         ; work         ;
;          |countDown:onGreen|                                  ; 17 (17)             ; 8 (8)                     ; 0                 ; 0          ; 0    ; 0            ; |DE1_SoC|controller:controlSystem|gridLight:ledArray[0].ledArray2[0].LED|countDown:onGreen                                                                                                                                ; countDown                         ; work         ;
;       |gridLight:ledArray[0].ledArray2[10].LED|               ; 25 (8)              ; 11 (3)                    ; 0                 ; 0          ; 0    ; 0            ; |DE1_SoC|controller:controlSystem|gridLight:ledArray[0].ledArray2[10].LED                                                                                                                                                 ; gridLight                         ; work         ;
;          |countDown:onGreen|                                  ; 17 (17)             ; 8 (8)                     ; 0                 ; 0          ; 0    ; 0            ; |DE1_SoC|controller:controlSystem|gridLight:ledArray[0].ledArray2[10].LED|countDown:onGreen                                                                                                                               ; countDown                         ; work         ;
;       |gridLight:ledArray[0].ledArray2[11].LED|               ; 25 (8)              ; 11 (3)                    ; 0                 ; 0          ; 0    ; 0            ; |DE1_SoC|controller:controlSystem|gridLight:ledArray[0].ledArray2[11].LED                                                                                                                                                 ; gridLight                         ; work         ;
;          |countDown:onGreen|                                  ; 17 (17)             ; 8 (8)                     ; 0                 ; 0          ; 0    ; 0            ; |DE1_SoC|controller:controlSystem|gridLight:ledArray[0].ledArray2[11].LED|countDown:onGreen                                                                                                                               ; countDown                         ; work         ;
;       |gridLight:ledArray[0].ledArray2[12].LED|               ; 25 (8)              ; 11 (3)                    ; 0                 ; 0          ; 0    ; 0            ; |DE1_SoC|controller:controlSystem|gridLight:ledArray[0].ledArray2[12].LED                                                                                                                                                 ; gridLight                         ; work         ;
;          |countDown:onGreen|                                  ; 17 (17)             ; 8 (8)                     ; 0                 ; 0          ; 0    ; 0            ; |DE1_SoC|controller:controlSystem|gridLight:ledArray[0].ledArray2[12].LED|countDown:onGreen                                                                                                                               ; countDown                         ; work         ;
;       |gridLight:ledArray[0].ledArray2[13].LED|               ; 25 (8)              ; 11 (3)                    ; 0                 ; 0          ; 0    ; 0            ; |DE1_SoC|controller:controlSystem|gridLight:ledArray[0].ledArray2[13].LED                                                                                                                                                 ; gridLight                         ; work         ;
;          |countDown:onGreen|                                  ; 17 (17)             ; 8 (8)                     ; 0                 ; 0          ; 0    ; 0            ; |DE1_SoC|controller:controlSystem|gridLight:ledArray[0].ledArray2[13].LED|countDown:onGreen                                                                                                                               ; countDown                         ; work         ;
;       |gridLight:ledArray[0].ledArray2[14].LED|               ; 25 (8)              ; 11 (3)                    ; 0                 ; 0          ; 0    ; 0            ; |DE1_SoC|controller:controlSystem|gridLight:ledArray[0].ledArray2[14].LED                                                                                                                                                 ; gridLight                         ; work         ;
;          |countDown:onGreen|                                  ; 17 (17)             ; 8 (8)                     ; 0                 ; 0          ; 0    ; 0            ; |DE1_SoC|controller:controlSystem|gridLight:ledArray[0].ledArray2[14].LED|countDown:onGreen                                                                                                                               ; countDown                         ; work         ;
;       |gridLight:ledArray[0].ledArray2[15].LED|               ; 25 (8)              ; 11 (3)                    ; 0                 ; 0          ; 0    ; 0            ; |DE1_SoC|controller:controlSystem|gridLight:ledArray[0].ledArray2[15].LED                                                                                                                                                 ; gridLight                         ; work         ;
;          |countDown:onGreen|                                  ; 17 (17)             ; 8 (8)                     ; 0                 ; 0          ; 0    ; 0            ; |DE1_SoC|controller:controlSystem|gridLight:ledArray[0].ledArray2[15].LED|countDown:onGreen                                                                                                                               ; countDown                         ; work         ;
;       |gridLight:ledArray[0].ledArray2[1].LED|                ; 25 (8)              ; 11 (3)                    ; 0                 ; 0          ; 0    ; 0            ; |DE1_SoC|controller:controlSystem|gridLight:ledArray[0].ledArray2[1].LED                                                                                                                                                  ; gridLight                         ; work         ;
;          |countDown:onGreen|                                  ; 17 (17)             ; 8 (8)                     ; 0                 ; 0          ; 0    ; 0            ; |DE1_SoC|controller:controlSystem|gridLight:ledArray[0].ledArray2[1].LED|countDown:onGreen                                                                                                                                ; countDown                         ; work         ;
;       |gridLight:ledArray[0].ledArray2[2].LED|                ; 25 (8)              ; 11 (3)                    ; 0                 ; 0          ; 0    ; 0            ; |DE1_SoC|controller:controlSystem|gridLight:ledArray[0].ledArray2[2].LED                                                                                                                                                  ; gridLight                         ; work         ;
;          |countDown:onGreen|                                  ; 17 (17)             ; 8 (8)                     ; 0                 ; 0          ; 0    ; 0            ; |DE1_SoC|controller:controlSystem|gridLight:ledArray[0].ledArray2[2].LED|countDown:onGreen                                                                                                                                ; countDown                         ; work         ;
;       |gridLight:ledArray[0].ledArray2[3].LED|                ; 25 (8)              ; 11 (3)                    ; 0                 ; 0          ; 0    ; 0            ; |DE1_SoC|controller:controlSystem|gridLight:ledArray[0].ledArray2[3].LED                                                                                                                                                  ; gridLight                         ; work         ;
;          |countDown:onGreen|                                  ; 17 (17)             ; 8 (8)                     ; 0                 ; 0          ; 0    ; 0            ; |DE1_SoC|controller:controlSystem|gridLight:ledArray[0].ledArray2[3].LED|countDown:onGreen                                                                                                                                ; countDown                         ; work         ;
;       |gridLight:ledArray[0].ledArray2[4].LED|                ; 25 (8)              ; 11 (3)                    ; 0                 ; 0          ; 0    ; 0            ; |DE1_SoC|controller:controlSystem|gridLight:ledArray[0].ledArray2[4].LED                                                                                                                                                  ; gridLight                         ; work         ;
;          |countDown:onGreen|                                  ; 17 (17)             ; 8 (8)                     ; 0                 ; 0          ; 0    ; 0            ; |DE1_SoC|controller:controlSystem|gridLight:ledArray[0].ledArray2[4].LED|countDown:onGreen                                                                                                                                ; countDown                         ; work         ;
;       |gridLight:ledArray[0].ledArray2[5].LED|                ; 26 (9)              ; 11 (3)                    ; 0                 ; 0          ; 0    ; 0            ; |DE1_SoC|controller:controlSystem|gridLight:ledArray[0].ledArray2[5].LED                                                                                                                                                  ; gridLight                         ; work         ;
;          |countDown:onGreen|                                  ; 17 (17)             ; 8 (8)                     ; 0                 ; 0          ; 0    ; 0            ; |DE1_SoC|controller:controlSystem|gridLight:ledArray[0].ledArray2[5].LED|countDown:onGreen                                                                                                                                ; countDown                         ; work         ;
;       |gridLight:ledArray[0].ledArray2[6].LED|                ; 25 (8)              ; 11 (3)                    ; 0                 ; 0          ; 0    ; 0            ; |DE1_SoC|controller:controlSystem|gridLight:ledArray[0].ledArray2[6].LED                                                                                                                                                  ; gridLight                         ; work         ;
;          |countDown:onGreen|                                  ; 17 (17)             ; 8 (8)                     ; 0                 ; 0          ; 0    ; 0            ; |DE1_SoC|controller:controlSystem|gridLight:ledArray[0].ledArray2[6].LED|countDown:onGreen                                                                                                                                ; countDown                         ; work         ;
;       |gridLight:ledArray[0].ledArray2[7].LED|                ; 25 (8)              ; 11 (3)                    ; 0                 ; 0          ; 0    ; 0            ; |DE1_SoC|controller:controlSystem|gridLight:ledArray[0].ledArray2[7].LED                                                                                                                                                  ; gridLight                         ; work         ;
;          |countDown:onGreen|                                  ; 17 (17)             ; 8 (8)                     ; 0                 ; 0          ; 0    ; 0            ; |DE1_SoC|controller:controlSystem|gridLight:ledArray[0].ledArray2[7].LED|countDown:onGreen                                                                                                                                ; countDown                         ; work         ;
;       |gridLight:ledArray[0].ledArray2[8].LED|                ; 25 (8)              ; 11 (3)                    ; 0                 ; 0          ; 0    ; 0            ; |DE1_SoC|controller:controlSystem|gridLight:ledArray[0].ledArray2[8].LED                                                                                                                                                  ; gridLight                         ; work         ;
;          |countDown:onGreen|                                  ; 17 (17)             ; 8 (8)                     ; 0                 ; 0          ; 0    ; 0            ; |DE1_SoC|controller:controlSystem|gridLight:ledArray[0].ledArray2[8].LED|countDown:onGreen                                                                                                                                ; countDown                         ; work         ;
;       |gridLight:ledArray[0].ledArray2[9].LED|                ; 25 (8)              ; 11 (3)                    ; 0                 ; 0          ; 0    ; 0            ; |DE1_SoC|controller:controlSystem|gridLight:ledArray[0].ledArray2[9].LED                                                                                                                                                  ; gridLight                         ; work         ;
;          |countDown:onGreen|                                  ; 17 (17)             ; 8 (8)                     ; 0                 ; 0          ; 0    ; 0            ; |DE1_SoC|controller:controlSystem|gridLight:ledArray[0].ledArray2[9].LED|countDown:onGreen                                                                                                                                ; countDown                         ; work         ;
;       |gridLight:ledArray[10].ledArray2[0].LED|               ; 26 (9)              ; 11 (3)                    ; 0                 ; 0          ; 0    ; 0            ; |DE1_SoC|controller:controlSystem|gridLight:ledArray[10].ledArray2[0].LED                                                                                                                                                 ; gridLight                         ; work         ;
;          |countDown:onGreen|                                  ; 17 (17)             ; 8 (8)                     ; 0                 ; 0          ; 0    ; 0            ; |DE1_SoC|controller:controlSystem|gridLight:ledArray[10].ledArray2[0].LED|countDown:onGreen                                                                                                                               ; countDown                         ; work         ;
;       |gridLight:ledArray[10].ledArray2[10].LED|              ; 26 (9)              ; 11 (3)                    ; 0                 ; 0          ; 0    ; 0            ; |DE1_SoC|controller:controlSystem|gridLight:ledArray[10].ledArray2[10].LED                                                                                                                                                ; gridLight                         ; work         ;
;          |countDown:onGreen|                                  ; 17 (17)             ; 8 (8)                     ; 0                 ; 0          ; 0    ; 0            ; |DE1_SoC|controller:controlSystem|gridLight:ledArray[10].ledArray2[10].LED|countDown:onGreen                                                                                                                              ; countDown                         ; work         ;
;       |gridLight:ledArray[10].ledArray2[11].LED|              ; 26 (9)              ; 11 (3)                    ; 0                 ; 0          ; 0    ; 0            ; |DE1_SoC|controller:controlSystem|gridLight:ledArray[10].ledArray2[11].LED                                                                                                                                                ; gridLight                         ; work         ;
;          |countDown:onGreen|                                  ; 17 (17)             ; 8 (8)                     ; 0                 ; 0          ; 0    ; 0            ; |DE1_SoC|controller:controlSystem|gridLight:ledArray[10].ledArray2[11].LED|countDown:onGreen                                                                                                                              ; countDown                         ; work         ;
;       |gridLight:ledArray[10].ledArray2[12].LED|              ; 26 (9)              ; 11 (3)                    ; 0                 ; 0          ; 0    ; 0            ; |DE1_SoC|controller:controlSystem|gridLight:ledArray[10].ledArray2[12].LED                                                                                                                                                ; gridLight                         ; work         ;
;          |countDown:onGreen|                                  ; 17 (17)             ; 8 (8)                     ; 0                 ; 0          ; 0    ; 0            ; |DE1_SoC|controller:controlSystem|gridLight:ledArray[10].ledArray2[12].LED|countDown:onGreen                                                                                                                              ; countDown                         ; work         ;
;       |gridLight:ledArray[10].ledArray2[13].LED|              ; 26 (9)              ; 11 (3)                    ; 0                 ; 0          ; 0    ; 0            ; |DE1_SoC|controller:controlSystem|gridLight:ledArray[10].ledArray2[13].LED                                                                                                                                                ; gridLight                         ; work         ;
;          |countDown:onGreen|                                  ; 17 (17)             ; 8 (8)                     ; 0                 ; 0          ; 0    ; 0            ; |DE1_SoC|controller:controlSystem|gridLight:ledArray[10].ledArray2[13].LED|countDown:onGreen                                                                                                                              ; countDown                         ; work         ;
;       |gridLight:ledArray[10].ledArray2[14].LED|              ; 26 (9)              ; 11 (3)                    ; 0                 ; 0          ; 0    ; 0            ; |DE1_SoC|controller:controlSystem|gridLight:ledArray[10].ledArray2[14].LED                                                                                                                                                ; gridLight                         ; work         ;
;          |countDown:onGreen|                                  ; 17 (17)             ; 8 (8)                     ; 0                 ; 0          ; 0    ; 0            ; |DE1_SoC|controller:controlSystem|gridLight:ledArray[10].ledArray2[14].LED|countDown:onGreen                                                                                                                              ; countDown                         ; work         ;
;       |gridLight:ledArray[10].ledArray2[15].LED|              ; 26 (9)              ; 11 (3)                    ; 0                 ; 0          ; 0    ; 0            ; |DE1_SoC|controller:controlSystem|gridLight:ledArray[10].ledArray2[15].LED                                                                                                                                                ; gridLight                         ; work         ;
;          |countDown:onGreen|                                  ; 17 (17)             ; 8 (8)                     ; 0                 ; 0          ; 0    ; 0            ; |DE1_SoC|controller:controlSystem|gridLight:ledArray[10].ledArray2[15].LED|countDown:onGreen                                                                                                                              ; countDown                         ; work         ;
;       |gridLight:ledArray[10].ledArray2[1].LED|               ; 26 (9)              ; 11 (3)                    ; 0                 ; 0          ; 0    ; 0            ; |DE1_SoC|controller:controlSystem|gridLight:ledArray[10].ledArray2[1].LED                                                                                                                                                 ; gridLight                         ; work         ;
;          |countDown:onGreen|                                  ; 17 (17)             ; 8 (8)                     ; 0                 ; 0          ; 0    ; 0            ; |DE1_SoC|controller:controlSystem|gridLight:ledArray[10].ledArray2[1].LED|countDown:onGreen                                                                                                                               ; countDown                         ; work         ;
;       |gridLight:ledArray[10].ledArray2[2].LED|               ; 26 (9)              ; 11 (3)                    ; 0                 ; 0          ; 0    ; 0            ; |DE1_SoC|controller:controlSystem|gridLight:ledArray[10].ledArray2[2].LED                                                                                                                                                 ; gridLight                         ; work         ;
;          |countDown:onGreen|                                  ; 17 (17)             ; 8 (8)                     ; 0                 ; 0          ; 0    ; 0            ; |DE1_SoC|controller:controlSystem|gridLight:ledArray[10].ledArray2[2].LED|countDown:onGreen                                                                                                                               ; countDown                         ; work         ;
;       |gridLight:ledArray[10].ledArray2[3].LED|               ; 26 (9)              ; 11 (3)                    ; 0                 ; 0          ; 0    ; 0            ; |DE1_SoC|controller:controlSystem|gridLight:ledArray[10].ledArray2[3].LED                                                                                                                                                 ; gridLight                         ; work         ;
;          |countDown:onGreen|                                  ; 17 (17)             ; 8 (8)                     ; 0                 ; 0          ; 0    ; 0            ; |DE1_SoC|controller:controlSystem|gridLight:ledArray[10].ledArray2[3].LED|countDown:onGreen                                                                                                                               ; countDown                         ; work         ;
;       |gridLight:ledArray[10].ledArray2[4].LED|               ; 26 (9)              ; 11 (3)                    ; 0                 ; 0          ; 0    ; 0            ; |DE1_SoC|controller:controlSystem|gridLight:ledArray[10].ledArray2[4].LED                                                                                                                                                 ; gridLight                         ; work         ;
;          |countDown:onGreen|                                  ; 17 (17)             ; 8 (8)                     ; 0                 ; 0          ; 0    ; 0            ; |DE1_SoC|controller:controlSystem|gridLight:ledArray[10].ledArray2[4].LED|countDown:onGreen                                                                                                                               ; countDown                         ; work         ;
;       |gridLight:ledArray[10].ledArray2[5].LED|               ; 26 (9)              ; 11 (3)                    ; 0                 ; 0          ; 0    ; 0            ; |DE1_SoC|controller:controlSystem|gridLight:ledArray[10].ledArray2[5].LED                                                                                                                                                 ; gridLight                         ; work         ;
;          |countDown:onGreen|                                  ; 17 (17)             ; 8 (8)                     ; 0                 ; 0          ; 0    ; 0            ; |DE1_SoC|controller:controlSystem|gridLight:ledArray[10].ledArray2[5].LED|countDown:onGreen                                                                                                                               ; countDown                         ; work         ;
;       |gridLight:ledArray[10].ledArray2[6].LED|               ; 26 (9)              ; 11 (3)                    ; 0                 ; 0          ; 0    ; 0            ; |DE1_SoC|controller:controlSystem|gridLight:ledArray[10].ledArray2[6].LED                                                                                                                                                 ; gridLight                         ; work         ;
;          |countDown:onGreen|                                  ; 17 (17)             ; 8 (8)                     ; 0                 ; 0          ; 0    ; 0            ; |DE1_SoC|controller:controlSystem|gridLight:ledArray[10].ledArray2[6].LED|countDown:onGreen                                                                                                                               ; countDown                         ; work         ;
;       |gridLight:ledArray[10].ledArray2[7].LED|               ; 26 (9)              ; 11 (3)                    ; 0                 ; 0          ; 0    ; 0            ; |DE1_SoC|controller:controlSystem|gridLight:ledArray[10].ledArray2[7].LED                                                                                                                                                 ; gridLight                         ; work         ;
;          |countDown:onGreen|                                  ; 17 (17)             ; 8 (8)                     ; 0                 ; 0          ; 0    ; 0            ; |DE1_SoC|controller:controlSystem|gridLight:ledArray[10].ledArray2[7].LED|countDown:onGreen                                                                                                                               ; countDown                         ; work         ;
;       |gridLight:ledArray[10].ledArray2[8].LED|               ; 26 (9)              ; 11 (3)                    ; 0                 ; 0          ; 0    ; 0            ; |DE1_SoC|controller:controlSystem|gridLight:ledArray[10].ledArray2[8].LED                                                                                                                                                 ; gridLight                         ; work         ;
;          |countDown:onGreen|                                  ; 17 (17)             ; 8 (8)                     ; 0                 ; 0          ; 0    ; 0            ; |DE1_SoC|controller:controlSystem|gridLight:ledArray[10].ledArray2[8].LED|countDown:onGreen                                                                                                                               ; countDown                         ; work         ;
;       |gridLight:ledArray[10].ledArray2[9].LED|               ; 26 (9)              ; 11 (3)                    ; 0                 ; 0          ; 0    ; 0            ; |DE1_SoC|controller:controlSystem|gridLight:ledArray[10].ledArray2[9].LED                                                                                                                                                 ; gridLight                         ; work         ;
;          |countDown:onGreen|                                  ; 17 (17)             ; 8 (8)                     ; 0                 ; 0          ; 0    ; 0            ; |DE1_SoC|controller:controlSystem|gridLight:ledArray[10].ledArray2[9].LED|countDown:onGreen                                                                                                                               ; countDown                         ; work         ;
;       |gridLight:ledArray[11].ledArray2[0].LED|               ; 26 (9)              ; 11 (3)                    ; 0                 ; 0          ; 0    ; 0            ; |DE1_SoC|controller:controlSystem|gridLight:ledArray[11].ledArray2[0].LED                                                                                                                                                 ; gridLight                         ; work         ;
;          |countDown:onGreen|                                  ; 17 (17)             ; 8 (8)                     ; 0                 ; 0          ; 0    ; 0            ; |DE1_SoC|controller:controlSystem|gridLight:ledArray[11].ledArray2[0].LED|countDown:onGreen                                                                                                                               ; countDown                         ; work         ;
;       |gridLight:ledArray[11].ledArray2[10].LED|              ; 26 (9)              ; 11 (3)                    ; 0                 ; 0          ; 0    ; 0            ; |DE1_SoC|controller:controlSystem|gridLight:ledArray[11].ledArray2[10].LED                                                                                                                                                ; gridLight                         ; work         ;
;          |countDown:onGreen|                                  ; 17 (17)             ; 8 (8)                     ; 0                 ; 0          ; 0    ; 0            ; |DE1_SoC|controller:controlSystem|gridLight:ledArray[11].ledArray2[10].LED|countDown:onGreen                                                                                                                              ; countDown                         ; work         ;
;       |gridLight:ledArray[11].ledArray2[11].LED|              ; 26 (9)              ; 11 (3)                    ; 0                 ; 0          ; 0    ; 0            ; |DE1_SoC|controller:controlSystem|gridLight:ledArray[11].ledArray2[11].LED                                                                                                                                                ; gridLight                         ; work         ;
;          |countDown:onGreen|                                  ; 17 (17)             ; 8 (8)                     ; 0                 ; 0          ; 0    ; 0            ; |DE1_SoC|controller:controlSystem|gridLight:ledArray[11].ledArray2[11].LED|countDown:onGreen                                                                                                                              ; countDown                         ; work         ;
;       |gridLight:ledArray[11].ledArray2[12].LED|              ; 26 (9)              ; 11 (3)                    ; 0                 ; 0          ; 0    ; 0            ; |DE1_SoC|controller:controlSystem|gridLight:ledArray[11].ledArray2[12].LED                                                                                                                                                ; gridLight                         ; work         ;
;          |countDown:onGreen|                                  ; 17 (17)             ; 8 (8)                     ; 0                 ; 0          ; 0    ; 0            ; |DE1_SoC|controller:controlSystem|gridLight:ledArray[11].ledArray2[12].LED|countDown:onGreen                                                                                                                              ; countDown                         ; work         ;
;       |gridLight:ledArray[11].ledArray2[13].LED|              ; 26 (9)              ; 11 (3)                    ; 0                 ; 0          ; 0    ; 0            ; |DE1_SoC|controller:controlSystem|gridLight:ledArray[11].ledArray2[13].LED                                                                                                                                                ; gridLight                         ; work         ;
;          |countDown:onGreen|                                  ; 17 (17)             ; 8 (8)                     ; 0                 ; 0          ; 0    ; 0            ; |DE1_SoC|controller:controlSystem|gridLight:ledArray[11].ledArray2[13].LED|countDown:onGreen                                                                                                                              ; countDown                         ; work         ;
;       |gridLight:ledArray[11].ledArray2[14].LED|              ; 26 (9)              ; 11 (3)                    ; 0                 ; 0          ; 0    ; 0            ; |DE1_SoC|controller:controlSystem|gridLight:ledArray[11].ledArray2[14].LED                                                                                                                                                ; gridLight                         ; work         ;
;          |countDown:onGreen|                                  ; 17 (17)             ; 8 (8)                     ; 0                 ; 0          ; 0    ; 0            ; |DE1_SoC|controller:controlSystem|gridLight:ledArray[11].ledArray2[14].LED|countDown:onGreen                                                                                                                              ; countDown                         ; work         ;
;       |gridLight:ledArray[11].ledArray2[15].LED|              ; 26 (9)              ; 11 (3)                    ; 0                 ; 0          ; 0    ; 0            ; |DE1_SoC|controller:controlSystem|gridLight:ledArray[11].ledArray2[15].LED                                                                                                                                                ; gridLight                         ; work         ;
;          |countDown:onGreen|                                  ; 17 (17)             ; 8 (8)                     ; 0                 ; 0          ; 0    ; 0            ; |DE1_SoC|controller:controlSystem|gridLight:ledArray[11].ledArray2[15].LED|countDown:onGreen                                                                                                                              ; countDown                         ; work         ;
;       |gridLight:ledArray[11].ledArray2[1].LED|               ; 26 (9)              ; 11 (3)                    ; 0                 ; 0          ; 0    ; 0            ; |DE1_SoC|controller:controlSystem|gridLight:ledArray[11].ledArray2[1].LED                                                                                                                                                 ; gridLight                         ; work         ;
;          |countDown:onGreen|                                  ; 17 (17)             ; 8 (8)                     ; 0                 ; 0          ; 0    ; 0            ; |DE1_SoC|controller:controlSystem|gridLight:ledArray[11].ledArray2[1].LED|countDown:onGreen                                                                                                                               ; countDown                         ; work         ;
;       |gridLight:ledArray[11].ledArray2[2].LED|               ; 26 (9)              ; 11 (3)                    ; 0                 ; 0          ; 0    ; 0            ; |DE1_SoC|controller:controlSystem|gridLight:ledArray[11].ledArray2[2].LED                                                                                                                                                 ; gridLight                         ; work         ;
;          |countDown:onGreen|                                  ; 17 (17)             ; 8 (8)                     ; 0                 ; 0          ; 0    ; 0            ; |DE1_SoC|controller:controlSystem|gridLight:ledArray[11].ledArray2[2].LED|countDown:onGreen                                                                                                                               ; countDown                         ; work         ;
;       |gridLight:ledArray[11].ledArray2[3].LED|               ; 26 (9)              ; 11 (3)                    ; 0                 ; 0          ; 0    ; 0            ; |DE1_SoC|controller:controlSystem|gridLight:ledArray[11].ledArray2[3].LED                                                                                                                                                 ; gridLight                         ; work         ;
;          |countDown:onGreen|                                  ; 17 (17)             ; 8 (8)                     ; 0                 ; 0          ; 0    ; 0            ; |DE1_SoC|controller:controlSystem|gridLight:ledArray[11].ledArray2[3].LED|countDown:onGreen                                                                                                                               ; countDown                         ; work         ;
;       |gridLight:ledArray[11].ledArray2[4].LED|               ; 26 (9)              ; 11 (3)                    ; 0                 ; 0          ; 0    ; 0            ; |DE1_SoC|controller:controlSystem|gridLight:ledArray[11].ledArray2[4].LED                                                                                                                                                 ; gridLight                         ; work         ;
;          |countDown:onGreen|                                  ; 17 (17)             ; 8 (8)                     ; 0                 ; 0          ; 0    ; 0            ; |DE1_SoC|controller:controlSystem|gridLight:ledArray[11].ledArray2[4].LED|countDown:onGreen                                                                                                                               ; countDown                         ; work         ;
;       |gridLight:ledArray[11].ledArray2[5].LED|               ; 26 (9)              ; 11 (3)                    ; 0                 ; 0          ; 0    ; 0            ; |DE1_SoC|controller:controlSystem|gridLight:ledArray[11].ledArray2[5].LED                                                                                                                                                 ; gridLight                         ; work         ;
;          |countDown:onGreen|                                  ; 17 (17)             ; 8 (8)                     ; 0                 ; 0          ; 0    ; 0            ; |DE1_SoC|controller:controlSystem|gridLight:ledArray[11].ledArray2[5].LED|countDown:onGreen                                                                                                                               ; countDown                         ; work         ;
;       |gridLight:ledArray[11].ledArray2[6].LED|               ; 26 (9)              ; 11 (3)                    ; 0                 ; 0          ; 0    ; 0            ; |DE1_SoC|controller:controlSystem|gridLight:ledArray[11].ledArray2[6].LED                                                                                                                                                 ; gridLight                         ; work         ;
;          |countDown:onGreen|                                  ; 17 (17)             ; 8 (8)                     ; 0                 ; 0          ; 0    ; 0            ; |DE1_SoC|controller:controlSystem|gridLight:ledArray[11].ledArray2[6].LED|countDown:onGreen                                                                                                                               ; countDown                         ; work         ;
;       |gridLight:ledArray[11].ledArray2[7].LED|               ; 26 (9)              ; 11 (3)                    ; 0                 ; 0          ; 0    ; 0            ; |DE1_SoC|controller:controlSystem|gridLight:ledArray[11].ledArray2[7].LED                                                                                                                                                 ; gridLight                         ; work         ;
;          |countDown:onGreen|                                  ; 17 (17)             ; 8 (8)                     ; 0                 ; 0          ; 0    ; 0            ; |DE1_SoC|controller:controlSystem|gridLight:ledArray[11].ledArray2[7].LED|countDown:onGreen                                                                                                                               ; countDown                         ; work         ;
;       |gridLight:ledArray[11].ledArray2[8].LED|               ; 26 (9)              ; 11 (3)                    ; 0                 ; 0          ; 0    ; 0            ; |DE1_SoC|controller:controlSystem|gridLight:ledArray[11].ledArray2[8].LED                                                                                                                                                 ; gridLight                         ; work         ;
;          |countDown:onGreen|                                  ; 17 (17)             ; 8 (8)                     ; 0                 ; 0          ; 0    ; 0            ; |DE1_SoC|controller:controlSystem|gridLight:ledArray[11].ledArray2[8].LED|countDown:onGreen                                                                                                                               ; countDown                         ; work         ;
;       |gridLight:ledArray[11].ledArray2[9].LED|               ; 26 (9)              ; 11 (3)                    ; 0                 ; 0          ; 0    ; 0            ; |DE1_SoC|controller:controlSystem|gridLight:ledArray[11].ledArray2[9].LED                                                                                                                                                 ; gridLight                         ; work         ;
;          |countDown:onGreen|                                  ; 17 (17)             ; 8 (8)                     ; 0                 ; 0          ; 0    ; 0            ; |DE1_SoC|controller:controlSystem|gridLight:ledArray[11].ledArray2[9].LED|countDown:onGreen                                                                                                                               ; countDown                         ; work         ;
;       |gridLight:ledArray[12].ledArray2[0].LED|               ; 26 (9)              ; 11 (3)                    ; 0                 ; 0          ; 0    ; 0            ; |DE1_SoC|controller:controlSystem|gridLight:ledArray[12].ledArray2[0].LED                                                                                                                                                 ; gridLight                         ; work         ;
;          |countDown:onGreen|                                  ; 17 (17)             ; 8 (8)                     ; 0                 ; 0          ; 0    ; 0            ; |DE1_SoC|controller:controlSystem|gridLight:ledArray[12].ledArray2[0].LED|countDown:onGreen                                                                                                                               ; countDown                         ; work         ;
;       |gridLight:ledArray[12].ledArray2[10].LED|              ; 26 (9)              ; 11 (3)                    ; 0                 ; 0          ; 0    ; 0            ; |DE1_SoC|controller:controlSystem|gridLight:ledArray[12].ledArray2[10].LED                                                                                                                                                ; gridLight                         ; work         ;
;          |countDown:onGreen|                                  ; 17 (17)             ; 8 (8)                     ; 0                 ; 0          ; 0    ; 0            ; |DE1_SoC|controller:controlSystem|gridLight:ledArray[12].ledArray2[10].LED|countDown:onGreen                                                                                                                              ; countDown                         ; work         ;
;       |gridLight:ledArray[12].ledArray2[11].LED|              ; 26 (9)              ; 11 (3)                    ; 0                 ; 0          ; 0    ; 0            ; |DE1_SoC|controller:controlSystem|gridLight:ledArray[12].ledArray2[11].LED                                                                                                                                                ; gridLight                         ; work         ;
;          |countDown:onGreen|                                  ; 17 (17)             ; 8 (8)                     ; 0                 ; 0          ; 0    ; 0            ; |DE1_SoC|controller:controlSystem|gridLight:ledArray[12].ledArray2[11].LED|countDown:onGreen                                                                                                                              ; countDown                         ; work         ;
;       |gridLight:ledArray[12].ledArray2[12].LED|              ; 26 (9)              ; 11 (3)                    ; 0                 ; 0          ; 0    ; 0            ; |DE1_SoC|controller:controlSystem|gridLight:ledArray[12].ledArray2[12].LED                                                                                                                                                ; gridLight                         ; work         ;
;          |countDown:onGreen|                                  ; 17 (17)             ; 8 (8)                     ; 0                 ; 0          ; 0    ; 0            ; |DE1_SoC|controller:controlSystem|gridLight:ledArray[12].ledArray2[12].LED|countDown:onGreen                                                                                                                              ; countDown                         ; work         ;
;       |gridLight:ledArray[12].ledArray2[13].LED|              ; 26 (9)              ; 11 (3)                    ; 0                 ; 0          ; 0    ; 0            ; |DE1_SoC|controller:controlSystem|gridLight:ledArray[12].ledArray2[13].LED                                                                                                                                                ; gridLight                         ; work         ;
;          |countDown:onGreen|                                  ; 17 (17)             ; 8 (8)                     ; 0                 ; 0          ; 0    ; 0            ; |DE1_SoC|controller:controlSystem|gridLight:ledArray[12].ledArray2[13].LED|countDown:onGreen                                                                                                                              ; countDown                         ; work         ;
;       |gridLight:ledArray[12].ledArray2[14].LED|              ; 26 (9)              ; 11 (3)                    ; 0                 ; 0          ; 0    ; 0            ; |DE1_SoC|controller:controlSystem|gridLight:ledArray[12].ledArray2[14].LED                                                                                                                                                ; gridLight                         ; work         ;
;          |countDown:onGreen|                                  ; 17 (17)             ; 8 (8)                     ; 0                 ; 0          ; 0    ; 0            ; |DE1_SoC|controller:controlSystem|gridLight:ledArray[12].ledArray2[14].LED|countDown:onGreen                                                                                                                              ; countDown                         ; work         ;
;       |gridLight:ledArray[12].ledArray2[15].LED|              ; 26 (9)              ; 11 (3)                    ; 0                 ; 0          ; 0    ; 0            ; |DE1_SoC|controller:controlSystem|gridLight:ledArray[12].ledArray2[15].LED                                                                                                                                                ; gridLight                         ; work         ;
;          |countDown:onGreen|                                  ; 17 (17)             ; 8 (8)                     ; 0                 ; 0          ; 0    ; 0            ; |DE1_SoC|controller:controlSystem|gridLight:ledArray[12].ledArray2[15].LED|countDown:onGreen                                                                                                                              ; countDown                         ; work         ;
;       |gridLight:ledArray[12].ledArray2[1].LED|               ; 26 (9)              ; 11 (3)                    ; 0                 ; 0          ; 0    ; 0            ; |DE1_SoC|controller:controlSystem|gridLight:ledArray[12].ledArray2[1].LED                                                                                                                                                 ; gridLight                         ; work         ;
;          |countDown:onGreen|                                  ; 17 (17)             ; 8 (8)                     ; 0                 ; 0          ; 0    ; 0            ; |DE1_SoC|controller:controlSystem|gridLight:ledArray[12].ledArray2[1].LED|countDown:onGreen                                                                                                                               ; countDown                         ; work         ;
;       |gridLight:ledArray[12].ledArray2[2].LED|               ; 26 (9)              ; 11 (3)                    ; 0                 ; 0          ; 0    ; 0            ; |DE1_SoC|controller:controlSystem|gridLight:ledArray[12].ledArray2[2].LED                                                                                                                                                 ; gridLight                         ; work         ;
;          |countDown:onGreen|                                  ; 17 (17)             ; 8 (8)                     ; 0                 ; 0          ; 0    ; 0            ; |DE1_SoC|controller:controlSystem|gridLight:ledArray[12].ledArray2[2].LED|countDown:onGreen                                                                                                                               ; countDown                         ; work         ;
;       |gridLight:ledArray[12].ledArray2[3].LED|               ; 26 (9)              ; 11 (3)                    ; 0                 ; 0          ; 0    ; 0            ; |DE1_SoC|controller:controlSystem|gridLight:ledArray[12].ledArray2[3].LED                                                                                                                                                 ; gridLight                         ; work         ;
;          |countDown:onGreen|                                  ; 17 (17)             ; 8 (8)                     ; 0                 ; 0          ; 0    ; 0            ; |DE1_SoC|controller:controlSystem|gridLight:ledArray[12].ledArray2[3].LED|countDown:onGreen                                                                                                                               ; countDown                         ; work         ;
;       |gridLight:ledArray[12].ledArray2[4].LED|               ; 26 (9)              ; 11 (3)                    ; 0                 ; 0          ; 0    ; 0            ; |DE1_SoC|controller:controlSystem|gridLight:ledArray[12].ledArray2[4].LED                                                                                                                                                 ; gridLight                         ; work         ;
;          |countDown:onGreen|                                  ; 17 (17)             ; 8 (8)                     ; 0                 ; 0          ; 0    ; 0            ; |DE1_SoC|controller:controlSystem|gridLight:ledArray[12].ledArray2[4].LED|countDown:onGreen                                                                                                                               ; countDown                         ; work         ;
;       |gridLight:ledArray[12].ledArray2[5].LED|               ; 26 (9)              ; 11 (3)                    ; 0                 ; 0          ; 0    ; 0            ; |DE1_SoC|controller:controlSystem|gridLight:ledArray[12].ledArray2[5].LED                                                                                                                                                 ; gridLight                         ; work         ;
;          |countDown:onGreen|                                  ; 17 (17)             ; 8 (8)                     ; 0                 ; 0          ; 0    ; 0            ; |DE1_SoC|controller:controlSystem|gridLight:ledArray[12].ledArray2[5].LED|countDown:onGreen                                                                                                                               ; countDown                         ; work         ;
;       |gridLight:ledArray[12].ledArray2[6].LED|               ; 26 (9)              ; 11 (3)                    ; 0                 ; 0          ; 0    ; 0            ; |DE1_SoC|controller:controlSystem|gridLight:ledArray[12].ledArray2[6].LED                                                                                                                                                 ; gridLight                         ; work         ;
;          |countDown:onGreen|                                  ; 17 (17)             ; 8 (8)                     ; 0                 ; 0          ; 0    ; 0            ; |DE1_SoC|controller:controlSystem|gridLight:ledArray[12].ledArray2[6].LED|countDown:onGreen                                                                                                                               ; countDown                         ; work         ;
;       |gridLight:ledArray[12].ledArray2[7].LED|               ; 26 (9)              ; 11 (3)                    ; 0                 ; 0          ; 0    ; 0            ; |DE1_SoC|controller:controlSystem|gridLight:ledArray[12].ledArray2[7].LED                                                                                                                                                 ; gridLight                         ; work         ;
;          |countDown:onGreen|                                  ; 17 (17)             ; 8 (8)                     ; 0                 ; 0          ; 0    ; 0            ; |DE1_SoC|controller:controlSystem|gridLight:ledArray[12].ledArray2[7].LED|countDown:onGreen                                                                                                                               ; countDown                         ; work         ;
;       |gridLight:ledArray[12].ledArray2[8].LED|               ; 26 (9)              ; 11 (3)                    ; 0                 ; 0          ; 0    ; 0            ; |DE1_SoC|controller:controlSystem|gridLight:ledArray[12].ledArray2[8].LED                                                                                                                                                 ; gridLight                         ; work         ;
;          |countDown:onGreen|                                  ; 17 (17)             ; 8 (8)                     ; 0                 ; 0          ; 0    ; 0            ; |DE1_SoC|controller:controlSystem|gridLight:ledArray[12].ledArray2[8].LED|countDown:onGreen                                                                                                                               ; countDown                         ; work         ;
;       |gridLight:ledArray[12].ledArray2[9].LED|               ; 26 (9)              ; 11 (3)                    ; 0                 ; 0          ; 0    ; 0            ; |DE1_SoC|controller:controlSystem|gridLight:ledArray[12].ledArray2[9].LED                                                                                                                                                 ; gridLight                         ; work         ;
;          |countDown:onGreen|                                  ; 17 (17)             ; 8 (8)                     ; 0                 ; 0          ; 0    ; 0            ; |DE1_SoC|controller:controlSystem|gridLight:ledArray[12].ledArray2[9].LED|countDown:onGreen                                                                                                                               ; countDown                         ; work         ;
;       |gridLight:ledArray[13].ledArray2[0].LED|               ; 26 (9)              ; 11 (3)                    ; 0                 ; 0          ; 0    ; 0            ; |DE1_SoC|controller:controlSystem|gridLight:ledArray[13].ledArray2[0].LED                                                                                                                                                 ; gridLight                         ; work         ;
;          |countDown:onGreen|                                  ; 17 (17)             ; 8 (8)                     ; 0                 ; 0          ; 0    ; 0            ; |DE1_SoC|controller:controlSystem|gridLight:ledArray[13].ledArray2[0].LED|countDown:onGreen                                                                                                                               ; countDown                         ; work         ;
;       |gridLight:ledArray[13].ledArray2[10].LED|              ; 26 (9)              ; 11 (3)                    ; 0                 ; 0          ; 0    ; 0            ; |DE1_SoC|controller:controlSystem|gridLight:ledArray[13].ledArray2[10].LED                                                                                                                                                ; gridLight                         ; work         ;
;          |countDown:onGreen|                                  ; 17 (17)             ; 8 (8)                     ; 0                 ; 0          ; 0    ; 0            ; |DE1_SoC|controller:controlSystem|gridLight:ledArray[13].ledArray2[10].LED|countDown:onGreen                                                                                                                              ; countDown                         ; work         ;
;       |gridLight:ledArray[13].ledArray2[11].LED|              ; 26 (9)              ; 11 (3)                    ; 0                 ; 0          ; 0    ; 0            ; |DE1_SoC|controller:controlSystem|gridLight:ledArray[13].ledArray2[11].LED                                                                                                                                                ; gridLight                         ; work         ;
;          |countDown:onGreen|                                  ; 17 (17)             ; 8 (8)                     ; 0                 ; 0          ; 0    ; 0            ; |DE1_SoC|controller:controlSystem|gridLight:ledArray[13].ledArray2[11].LED|countDown:onGreen                                                                                                                              ; countDown                         ; work         ;
;       |gridLight:ledArray[13].ledArray2[12].LED|              ; 26 (9)              ; 11 (3)                    ; 0                 ; 0          ; 0    ; 0            ; |DE1_SoC|controller:controlSystem|gridLight:ledArray[13].ledArray2[12].LED                                                                                                                                                ; gridLight                         ; work         ;
;          |countDown:onGreen|                                  ; 17 (17)             ; 8 (8)                     ; 0                 ; 0          ; 0    ; 0            ; |DE1_SoC|controller:controlSystem|gridLight:ledArray[13].ledArray2[12].LED|countDown:onGreen                                                                                                                              ; countDown                         ; work         ;
;       |gridLight:ledArray[13].ledArray2[13].LED|              ; 26 (9)              ; 11 (3)                    ; 0                 ; 0          ; 0    ; 0            ; |DE1_SoC|controller:controlSystem|gridLight:ledArray[13].ledArray2[13].LED                                                                                                                                                ; gridLight                         ; work         ;
;          |countDown:onGreen|                                  ; 17 (17)             ; 8 (8)                     ; 0                 ; 0          ; 0    ; 0            ; |DE1_SoC|controller:controlSystem|gridLight:ledArray[13].ledArray2[13].LED|countDown:onGreen                                                                                                                              ; countDown                         ; work         ;
;       |gridLight:ledArray[13].ledArray2[14].LED|              ; 26 (9)              ; 11 (3)                    ; 0                 ; 0          ; 0    ; 0            ; |DE1_SoC|controller:controlSystem|gridLight:ledArray[13].ledArray2[14].LED                                                                                                                                                ; gridLight                         ; work         ;
;          |countDown:onGreen|                                  ; 17 (17)             ; 8 (8)                     ; 0                 ; 0          ; 0    ; 0            ; |DE1_SoC|controller:controlSystem|gridLight:ledArray[13].ledArray2[14].LED|countDown:onGreen                                                                                                                              ; countDown                         ; work         ;
;       |gridLight:ledArray[13].ledArray2[15].LED|              ; 26 (9)              ; 11 (3)                    ; 0                 ; 0          ; 0    ; 0            ; |DE1_SoC|controller:controlSystem|gridLight:ledArray[13].ledArray2[15].LED                                                                                                                                                ; gridLight                         ; work         ;
;          |countDown:onGreen|                                  ; 17 (17)             ; 8 (8)                     ; 0                 ; 0          ; 0    ; 0            ; |DE1_SoC|controller:controlSystem|gridLight:ledArray[13].ledArray2[15].LED|countDown:onGreen                                                                                                                              ; countDown                         ; work         ;
;       |gridLight:ledArray[13].ledArray2[1].LED|               ; 26 (9)              ; 11 (3)                    ; 0                 ; 0          ; 0    ; 0            ; |DE1_SoC|controller:controlSystem|gridLight:ledArray[13].ledArray2[1].LED                                                                                                                                                 ; gridLight                         ; work         ;
;          |countDown:onGreen|                                  ; 17 (17)             ; 8 (8)                     ; 0                 ; 0          ; 0    ; 0            ; |DE1_SoC|controller:controlSystem|gridLight:ledArray[13].ledArray2[1].LED|countDown:onGreen                                                                                                                               ; countDown                         ; work         ;
;       |gridLight:ledArray[13].ledArray2[2].LED|               ; 26 (9)              ; 11 (3)                    ; 0                 ; 0          ; 0    ; 0            ; |DE1_SoC|controller:controlSystem|gridLight:ledArray[13].ledArray2[2].LED                                                                                                                                                 ; gridLight                         ; work         ;
;          |countDown:onGreen|                                  ; 17 (17)             ; 8 (8)                     ; 0                 ; 0          ; 0    ; 0            ; |DE1_SoC|controller:controlSystem|gridLight:ledArray[13].ledArray2[2].LED|countDown:onGreen                                                                                                                               ; countDown                         ; work         ;
;       |gridLight:ledArray[13].ledArray2[3].LED|               ; 26 (9)              ; 11 (3)                    ; 0                 ; 0          ; 0    ; 0            ; |DE1_SoC|controller:controlSystem|gridLight:ledArray[13].ledArray2[3].LED                                                                                                                                                 ; gridLight                         ; work         ;
;          |countDown:onGreen|                                  ; 17 (17)             ; 8 (8)                     ; 0                 ; 0          ; 0    ; 0            ; |DE1_SoC|controller:controlSystem|gridLight:ledArray[13].ledArray2[3].LED|countDown:onGreen                                                                                                                               ; countDown                         ; work         ;
;       |gridLight:ledArray[13].ledArray2[4].LED|               ; 26 (9)              ; 11 (3)                    ; 0                 ; 0          ; 0    ; 0            ; |DE1_SoC|controller:controlSystem|gridLight:ledArray[13].ledArray2[4].LED                                                                                                                                                 ; gridLight                         ; work         ;
;          |countDown:onGreen|                                  ; 17 (17)             ; 8 (8)                     ; 0                 ; 0          ; 0    ; 0            ; |DE1_SoC|controller:controlSystem|gridLight:ledArray[13].ledArray2[4].LED|countDown:onGreen                                                                                                                               ; countDown                         ; work         ;
;       |gridLight:ledArray[13].ledArray2[5].LED|               ; 26 (9)              ; 11 (3)                    ; 0                 ; 0          ; 0    ; 0            ; |DE1_SoC|controller:controlSystem|gridLight:ledArray[13].ledArray2[5].LED                                                                                                                                                 ; gridLight                         ; work         ;
;          |countDown:onGreen|                                  ; 17 (17)             ; 8 (8)                     ; 0                 ; 0          ; 0    ; 0            ; |DE1_SoC|controller:controlSystem|gridLight:ledArray[13].ledArray2[5].LED|countDown:onGreen                                                                                                                               ; countDown                         ; work         ;
;       |gridLight:ledArray[13].ledArray2[6].LED|               ; 26 (9)              ; 11 (3)                    ; 0                 ; 0          ; 0    ; 0            ; |DE1_SoC|controller:controlSystem|gridLight:ledArray[13].ledArray2[6].LED                                                                                                                                                 ; gridLight                         ; work         ;
;          |countDown:onGreen|                                  ; 17 (17)             ; 8 (8)                     ; 0                 ; 0          ; 0    ; 0            ; |DE1_SoC|controller:controlSystem|gridLight:ledArray[13].ledArray2[6].LED|countDown:onGreen                                                                                                                               ; countDown                         ; work         ;
;       |gridLight:ledArray[13].ledArray2[7].LED|               ; 26 (9)              ; 11 (3)                    ; 0                 ; 0          ; 0    ; 0            ; |DE1_SoC|controller:controlSystem|gridLight:ledArray[13].ledArray2[7].LED                                                                                                                                                 ; gridLight                         ; work         ;
;          |countDown:onGreen|                                  ; 17 (17)             ; 8 (8)                     ; 0                 ; 0          ; 0    ; 0            ; |DE1_SoC|controller:controlSystem|gridLight:ledArray[13].ledArray2[7].LED|countDown:onGreen                                                                                                                               ; countDown                         ; work         ;
;       |gridLight:ledArray[13].ledArray2[8].LED|               ; 26 (9)              ; 11 (3)                    ; 0                 ; 0          ; 0    ; 0            ; |DE1_SoC|controller:controlSystem|gridLight:ledArray[13].ledArray2[8].LED                                                                                                                                                 ; gridLight                         ; work         ;
;          |countDown:onGreen|                                  ; 17 (17)             ; 8 (8)                     ; 0                 ; 0          ; 0    ; 0            ; |DE1_SoC|controller:controlSystem|gridLight:ledArray[13].ledArray2[8].LED|countDown:onGreen                                                                                                                               ; countDown                         ; work         ;
;       |gridLight:ledArray[13].ledArray2[9].LED|               ; 26 (9)              ; 11 (3)                    ; 0                 ; 0          ; 0    ; 0            ; |DE1_SoC|controller:controlSystem|gridLight:ledArray[13].ledArray2[9].LED                                                                                                                                                 ; gridLight                         ; work         ;
;          |countDown:onGreen|                                  ; 17 (17)             ; 8 (8)                     ; 0                 ; 0          ; 0    ; 0            ; |DE1_SoC|controller:controlSystem|gridLight:ledArray[13].ledArray2[9].LED|countDown:onGreen                                                                                                                               ; countDown                         ; work         ;
;       |gridLight:ledArray[14].ledArray2[0].LED|               ; 26 (9)              ; 11 (3)                    ; 0                 ; 0          ; 0    ; 0            ; |DE1_SoC|controller:controlSystem|gridLight:ledArray[14].ledArray2[0].LED                                                                                                                                                 ; gridLight                         ; work         ;
;          |countDown:onGreen|                                  ; 17 (17)             ; 8 (8)                     ; 0                 ; 0          ; 0    ; 0            ; |DE1_SoC|controller:controlSystem|gridLight:ledArray[14].ledArray2[0].LED|countDown:onGreen                                                                                                                               ; countDown                         ; work         ;
;       |gridLight:ledArray[14].ledArray2[10].LED|              ; 26 (9)              ; 11 (3)                    ; 0                 ; 0          ; 0    ; 0            ; |DE1_SoC|controller:controlSystem|gridLight:ledArray[14].ledArray2[10].LED                                                                                                                                                ; gridLight                         ; work         ;
;          |countDown:onGreen|                                  ; 17 (17)             ; 8 (8)                     ; 0                 ; 0          ; 0    ; 0            ; |DE1_SoC|controller:controlSystem|gridLight:ledArray[14].ledArray2[10].LED|countDown:onGreen                                                                                                                              ; countDown                         ; work         ;
;       |gridLight:ledArray[14].ledArray2[11].LED|              ; 26 (9)              ; 11 (3)                    ; 0                 ; 0          ; 0    ; 0            ; |DE1_SoC|controller:controlSystem|gridLight:ledArray[14].ledArray2[11].LED                                                                                                                                                ; gridLight                         ; work         ;
;          |countDown:onGreen|                                  ; 17 (17)             ; 8 (8)                     ; 0                 ; 0          ; 0    ; 0            ; |DE1_SoC|controller:controlSystem|gridLight:ledArray[14].ledArray2[11].LED|countDown:onGreen                                                                                                                              ; countDown                         ; work         ;
;       |gridLight:ledArray[14].ledArray2[12].LED|              ; 26 (9)              ; 11 (3)                    ; 0                 ; 0          ; 0    ; 0            ; |DE1_SoC|controller:controlSystem|gridLight:ledArray[14].ledArray2[12].LED                                                                                                                                                ; gridLight                         ; work         ;
;          |countDown:onGreen|                                  ; 17 (17)             ; 8 (8)                     ; 0                 ; 0          ; 0    ; 0            ; |DE1_SoC|controller:controlSystem|gridLight:ledArray[14].ledArray2[12].LED|countDown:onGreen                                                                                                                              ; countDown                         ; work         ;
;       |gridLight:ledArray[14].ledArray2[13].LED|              ; 26 (9)              ; 11 (3)                    ; 0                 ; 0          ; 0    ; 0            ; |DE1_SoC|controller:controlSystem|gridLight:ledArray[14].ledArray2[13].LED                                                                                                                                                ; gridLight                         ; work         ;
;          |countDown:onGreen|                                  ; 17 (17)             ; 8 (8)                     ; 0                 ; 0          ; 0    ; 0            ; |DE1_SoC|controller:controlSystem|gridLight:ledArray[14].ledArray2[13].LED|countDown:onGreen                                                                                                                              ; countDown                         ; work         ;
;       |gridLight:ledArray[14].ledArray2[14].LED|              ; 26 (9)              ; 11 (3)                    ; 0                 ; 0          ; 0    ; 0            ; |DE1_SoC|controller:controlSystem|gridLight:ledArray[14].ledArray2[14].LED                                                                                                                                                ; gridLight                         ; work         ;
;          |countDown:onGreen|                                  ; 17 (17)             ; 8 (8)                     ; 0                 ; 0          ; 0    ; 0            ; |DE1_SoC|controller:controlSystem|gridLight:ledArray[14].ledArray2[14].LED|countDown:onGreen                                                                                                                              ; countDown                         ; work         ;
;       |gridLight:ledArray[14].ledArray2[15].LED|              ; 26 (9)              ; 11 (3)                    ; 0                 ; 0          ; 0    ; 0            ; |DE1_SoC|controller:controlSystem|gridLight:ledArray[14].ledArray2[15].LED                                                                                                                                                ; gridLight                         ; work         ;
;          |countDown:onGreen|                                  ; 17 (17)             ; 8 (8)                     ; 0                 ; 0          ; 0    ; 0            ; |DE1_SoC|controller:controlSystem|gridLight:ledArray[14].ledArray2[15].LED|countDown:onGreen                                                                                                                              ; countDown                         ; work         ;
;       |gridLight:ledArray[14].ledArray2[1].LED|               ; 26 (9)              ; 11 (3)                    ; 0                 ; 0          ; 0    ; 0            ; |DE1_SoC|controller:controlSystem|gridLight:ledArray[14].ledArray2[1].LED                                                                                                                                                 ; gridLight                         ; work         ;
;          |countDown:onGreen|                                  ; 17 (17)             ; 8 (8)                     ; 0                 ; 0          ; 0    ; 0            ; |DE1_SoC|controller:controlSystem|gridLight:ledArray[14].ledArray2[1].LED|countDown:onGreen                                                                                                                               ; countDown                         ; work         ;
;       |gridLight:ledArray[14].ledArray2[2].LED|               ; 26 (9)              ; 11 (3)                    ; 0                 ; 0          ; 0    ; 0            ; |DE1_SoC|controller:controlSystem|gridLight:ledArray[14].ledArray2[2].LED                                                                                                                                                 ; gridLight                         ; work         ;
;          |countDown:onGreen|                                  ; 17 (17)             ; 8 (8)                     ; 0                 ; 0          ; 0    ; 0            ; |DE1_SoC|controller:controlSystem|gridLight:ledArray[14].ledArray2[2].LED|countDown:onGreen                                                                                                                               ; countDown                         ; work         ;
;       |gridLight:ledArray[14].ledArray2[3].LED|               ; 26 (9)              ; 11 (3)                    ; 0                 ; 0          ; 0    ; 0            ; |DE1_SoC|controller:controlSystem|gridLight:ledArray[14].ledArray2[3].LED                                                                                                                                                 ; gridLight                         ; work         ;
;          |countDown:onGreen|                                  ; 17 (17)             ; 8 (8)                     ; 0                 ; 0          ; 0    ; 0            ; |DE1_SoC|controller:controlSystem|gridLight:ledArray[14].ledArray2[3].LED|countDown:onGreen                                                                                                                               ; countDown                         ; work         ;
;       |gridLight:ledArray[14].ledArray2[4].LED|               ; 26 (9)              ; 11 (3)                    ; 0                 ; 0          ; 0    ; 0            ; |DE1_SoC|controller:controlSystem|gridLight:ledArray[14].ledArray2[4].LED                                                                                                                                                 ; gridLight                         ; work         ;
;          |countDown:onGreen|                                  ; 17 (17)             ; 8 (8)                     ; 0                 ; 0          ; 0    ; 0            ; |DE1_SoC|controller:controlSystem|gridLight:ledArray[14].ledArray2[4].LED|countDown:onGreen                                                                                                                               ; countDown                         ; work         ;
;       |gridLight:ledArray[14].ledArray2[5].LED|               ; 26 (9)              ; 11 (3)                    ; 0                 ; 0          ; 0    ; 0            ; |DE1_SoC|controller:controlSystem|gridLight:ledArray[14].ledArray2[5].LED                                                                                                                                                 ; gridLight                         ; work         ;
;          |countDown:onGreen|                                  ; 17 (17)             ; 8 (8)                     ; 0                 ; 0          ; 0    ; 0            ; |DE1_SoC|controller:controlSystem|gridLight:ledArray[14].ledArray2[5].LED|countDown:onGreen                                                                                                                               ; countDown                         ; work         ;
;       |gridLight:ledArray[14].ledArray2[6].LED|               ; 26 (9)              ; 11 (3)                    ; 0                 ; 0          ; 0    ; 0            ; |DE1_SoC|controller:controlSystem|gridLight:ledArray[14].ledArray2[6].LED                                                                                                                                                 ; gridLight                         ; work         ;
;          |countDown:onGreen|                                  ; 17 (17)             ; 8 (8)                     ; 0                 ; 0          ; 0    ; 0            ; |DE1_SoC|controller:controlSystem|gridLight:ledArray[14].ledArray2[6].LED|countDown:onGreen                                                                                                                               ; countDown                         ; work         ;
;       |gridLight:ledArray[14].ledArray2[7].LED|               ; 26 (9)              ; 11 (3)                    ; 0                 ; 0          ; 0    ; 0            ; |DE1_SoC|controller:controlSystem|gridLight:ledArray[14].ledArray2[7].LED                                                                                                                                                 ; gridLight                         ; work         ;
;          |countDown:onGreen|                                  ; 17 (17)             ; 8 (8)                     ; 0                 ; 0          ; 0    ; 0            ; |DE1_SoC|controller:controlSystem|gridLight:ledArray[14].ledArray2[7].LED|countDown:onGreen                                                                                                                               ; countDown                         ; work         ;
;       |gridLight:ledArray[14].ledArray2[8].LED|               ; 26 (9)              ; 11 (3)                    ; 0                 ; 0          ; 0    ; 0            ; |DE1_SoC|controller:controlSystem|gridLight:ledArray[14].ledArray2[8].LED                                                                                                                                                 ; gridLight                         ; work         ;
;          |countDown:onGreen|                                  ; 17 (17)             ; 8 (8)                     ; 0                 ; 0          ; 0    ; 0            ; |DE1_SoC|controller:controlSystem|gridLight:ledArray[14].ledArray2[8].LED|countDown:onGreen                                                                                                                               ; countDown                         ; work         ;
;       |gridLight:ledArray[14].ledArray2[9].LED|               ; 26 (9)              ; 11 (3)                    ; 0                 ; 0          ; 0    ; 0            ; |DE1_SoC|controller:controlSystem|gridLight:ledArray[14].ledArray2[9].LED                                                                                                                                                 ; gridLight                         ; work         ;
;          |countDown:onGreen|                                  ; 17 (17)             ; 8 (8)                     ; 0                 ; 0          ; 0    ; 0            ; |DE1_SoC|controller:controlSystem|gridLight:ledArray[14].ledArray2[9].LED|countDown:onGreen                                                                                                                               ; countDown                         ; work         ;
;       |gridLight:ledArray[15].ledArray2[0].LED|               ; 26 (9)              ; 11 (3)                    ; 0                 ; 0          ; 0    ; 0            ; |DE1_SoC|controller:controlSystem|gridLight:ledArray[15].ledArray2[0].LED                                                                                                                                                 ; gridLight                         ; work         ;
;          |countDown:onGreen|                                  ; 17 (17)             ; 8 (8)                     ; 0                 ; 0          ; 0    ; 0            ; |DE1_SoC|controller:controlSystem|gridLight:ledArray[15].ledArray2[0].LED|countDown:onGreen                                                                                                                               ; countDown                         ; work         ;
;       |gridLight:ledArray[15].ledArray2[10].LED|              ; 26 (9)              ; 11 (3)                    ; 0                 ; 0          ; 0    ; 0            ; |DE1_SoC|controller:controlSystem|gridLight:ledArray[15].ledArray2[10].LED                                                                                                                                                ; gridLight                         ; work         ;
;          |countDown:onGreen|                                  ; 17 (17)             ; 8 (8)                     ; 0                 ; 0          ; 0    ; 0            ; |DE1_SoC|controller:controlSystem|gridLight:ledArray[15].ledArray2[10].LED|countDown:onGreen                                                                                                                              ; countDown                         ; work         ;
;       |gridLight:ledArray[15].ledArray2[11].LED|              ; 26 (9)              ; 11 (3)                    ; 0                 ; 0          ; 0    ; 0            ; |DE1_SoC|controller:controlSystem|gridLight:ledArray[15].ledArray2[11].LED                                                                                                                                                ; gridLight                         ; work         ;
;          |countDown:onGreen|                                  ; 17 (17)             ; 8 (8)                     ; 0                 ; 0          ; 0    ; 0            ; |DE1_SoC|controller:controlSystem|gridLight:ledArray[15].ledArray2[11].LED|countDown:onGreen                                                                                                                              ; countDown                         ; work         ;
;       |gridLight:ledArray[15].ledArray2[12].LED|              ; 26 (9)              ; 11 (3)                    ; 0                 ; 0          ; 0    ; 0            ; |DE1_SoC|controller:controlSystem|gridLight:ledArray[15].ledArray2[12].LED                                                                                                                                                ; gridLight                         ; work         ;
;          |countDown:onGreen|                                  ; 17 (17)             ; 8 (8)                     ; 0                 ; 0          ; 0    ; 0            ; |DE1_SoC|controller:controlSystem|gridLight:ledArray[15].ledArray2[12].LED|countDown:onGreen                                                                                                                              ; countDown                         ; work         ;
;       |gridLight:ledArray[15].ledArray2[13].LED|              ; 26 (9)              ; 11 (3)                    ; 0                 ; 0          ; 0    ; 0            ; |DE1_SoC|controller:controlSystem|gridLight:ledArray[15].ledArray2[13].LED                                                                                                                                                ; gridLight                         ; work         ;
;          |countDown:onGreen|                                  ; 17 (17)             ; 8 (8)                     ; 0                 ; 0          ; 0    ; 0            ; |DE1_SoC|controller:controlSystem|gridLight:ledArray[15].ledArray2[13].LED|countDown:onGreen                                                                                                                              ; countDown                         ; work         ;
;       |gridLight:ledArray[15].ledArray2[14].LED|              ; 26 (9)              ; 11 (3)                    ; 0                 ; 0          ; 0    ; 0            ; |DE1_SoC|controller:controlSystem|gridLight:ledArray[15].ledArray2[14].LED                                                                                                                                                ; gridLight                         ; work         ;
;          |countDown:onGreen|                                  ; 17 (17)             ; 8 (8)                     ; 0                 ; 0          ; 0    ; 0            ; |DE1_SoC|controller:controlSystem|gridLight:ledArray[15].ledArray2[14].LED|countDown:onGreen                                                                                                                              ; countDown                         ; work         ;
;       |gridLight:ledArray[15].ledArray2[15].LED|              ; 26 (9)              ; 11 (3)                    ; 0                 ; 0          ; 0    ; 0            ; |DE1_SoC|controller:controlSystem|gridLight:ledArray[15].ledArray2[15].LED                                                                                                                                                ; gridLight                         ; work         ;
;          |countDown:onGreen|                                  ; 17 (17)             ; 8 (8)                     ; 0                 ; 0          ; 0    ; 0            ; |DE1_SoC|controller:controlSystem|gridLight:ledArray[15].ledArray2[15].LED|countDown:onGreen                                                                                                                              ; countDown                         ; work         ;
;       |gridLight:ledArray[15].ledArray2[1].LED|               ; 26 (9)              ; 11 (3)                    ; 0                 ; 0          ; 0    ; 0            ; |DE1_SoC|controller:controlSystem|gridLight:ledArray[15].ledArray2[1].LED                                                                                                                                                 ; gridLight                         ; work         ;
;          |countDown:onGreen|                                  ; 17 (17)             ; 8 (8)                     ; 0                 ; 0          ; 0    ; 0            ; |DE1_SoC|controller:controlSystem|gridLight:ledArray[15].ledArray2[1].LED|countDown:onGreen                                                                                                                               ; countDown                         ; work         ;
;       |gridLight:ledArray[15].ledArray2[2].LED|               ; 26 (9)              ; 11 (3)                    ; 0                 ; 0          ; 0    ; 0            ; |DE1_SoC|controller:controlSystem|gridLight:ledArray[15].ledArray2[2].LED                                                                                                                                                 ; gridLight                         ; work         ;
;          |countDown:onGreen|                                  ; 17 (17)             ; 8 (8)                     ; 0                 ; 0          ; 0    ; 0            ; |DE1_SoC|controller:controlSystem|gridLight:ledArray[15].ledArray2[2].LED|countDown:onGreen                                                                                                                               ; countDown                         ; work         ;
;       |gridLight:ledArray[15].ledArray2[3].LED|               ; 26 (9)              ; 11 (3)                    ; 0                 ; 0          ; 0    ; 0            ; |DE1_SoC|controller:controlSystem|gridLight:ledArray[15].ledArray2[3].LED                                                                                                                                                 ; gridLight                         ; work         ;
;          |countDown:onGreen|                                  ; 17 (17)             ; 8 (8)                     ; 0                 ; 0          ; 0    ; 0            ; |DE1_SoC|controller:controlSystem|gridLight:ledArray[15].ledArray2[3].LED|countDown:onGreen                                                                                                                               ; countDown                         ; work         ;
;       |gridLight:ledArray[15].ledArray2[4].LED|               ; 26 (9)              ; 11 (3)                    ; 0                 ; 0          ; 0    ; 0            ; |DE1_SoC|controller:controlSystem|gridLight:ledArray[15].ledArray2[4].LED                                                                                                                                                 ; gridLight                         ; work         ;
;          |countDown:onGreen|                                  ; 17 (17)             ; 8 (8)                     ; 0                 ; 0          ; 0    ; 0            ; |DE1_SoC|controller:controlSystem|gridLight:ledArray[15].ledArray2[4].LED|countDown:onGreen                                                                                                                               ; countDown                         ; work         ;
;       |gridLight:ledArray[15].ledArray2[5].LED|               ; 26 (9)              ; 11 (3)                    ; 0                 ; 0          ; 0    ; 0            ; |DE1_SoC|controller:controlSystem|gridLight:ledArray[15].ledArray2[5].LED                                                                                                                                                 ; gridLight                         ; work         ;
;          |countDown:onGreen|                                  ; 17 (17)             ; 8 (8)                     ; 0                 ; 0          ; 0    ; 0            ; |DE1_SoC|controller:controlSystem|gridLight:ledArray[15].ledArray2[5].LED|countDown:onGreen                                                                                                                               ; countDown                         ; work         ;
;       |gridLight:ledArray[15].ledArray2[6].LED|               ; 26 (9)              ; 11 (3)                    ; 0                 ; 0          ; 0    ; 0            ; |DE1_SoC|controller:controlSystem|gridLight:ledArray[15].ledArray2[6].LED                                                                                                                                                 ; gridLight                         ; work         ;
;          |countDown:onGreen|                                  ; 17 (17)             ; 8 (8)                     ; 0                 ; 0          ; 0    ; 0            ; |DE1_SoC|controller:controlSystem|gridLight:ledArray[15].ledArray2[6].LED|countDown:onGreen                                                                                                                               ; countDown                         ; work         ;
;       |gridLight:ledArray[15].ledArray2[7].LED|               ; 26 (9)              ; 11 (3)                    ; 0                 ; 0          ; 0    ; 0            ; |DE1_SoC|controller:controlSystem|gridLight:ledArray[15].ledArray2[7].LED                                                                                                                                                 ; gridLight                         ; work         ;
;          |countDown:onGreen|                                  ; 17 (17)             ; 8 (8)                     ; 0                 ; 0          ; 0    ; 0            ; |DE1_SoC|controller:controlSystem|gridLight:ledArray[15].ledArray2[7].LED|countDown:onGreen                                                                                                                               ; countDown                         ; work         ;
;       |gridLight:ledArray[15].ledArray2[8].LED|               ; 26 (9)              ; 11 (3)                    ; 0                 ; 0          ; 0    ; 0            ; |DE1_SoC|controller:controlSystem|gridLight:ledArray[15].ledArray2[8].LED                                                                                                                                                 ; gridLight                         ; work         ;
;          |countDown:onGreen|                                  ; 17 (17)             ; 8 (8)                     ; 0                 ; 0          ; 0    ; 0            ; |DE1_SoC|controller:controlSystem|gridLight:ledArray[15].ledArray2[8].LED|countDown:onGreen                                                                                                                               ; countDown                         ; work         ;
;       |gridLight:ledArray[15].ledArray2[9].LED|               ; 26 (9)              ; 11 (3)                    ; 0                 ; 0          ; 0    ; 0            ; |DE1_SoC|controller:controlSystem|gridLight:ledArray[15].ledArray2[9].LED                                                                                                                                                 ; gridLight                         ; work         ;
;          |countDown:onGreen|                                  ; 17 (17)             ; 8 (8)                     ; 0                 ; 0          ; 0    ; 0            ; |DE1_SoC|controller:controlSystem|gridLight:ledArray[15].ledArray2[9].LED|countDown:onGreen                                                                                                                               ; countDown                         ; work         ;
;       |gridLight:ledArray[1].ledArray2[0].LED|                ; 25 (8)              ; 11 (3)                    ; 0                 ; 0          ; 0    ; 0            ; |DE1_SoC|controller:controlSystem|gridLight:ledArray[1].ledArray2[0].LED                                                                                                                                                  ; gridLight                         ; work         ;
;          |countDown:onGreen|                                  ; 17 (17)             ; 8 (8)                     ; 0                 ; 0          ; 0    ; 0            ; |DE1_SoC|controller:controlSystem|gridLight:ledArray[1].ledArray2[0].LED|countDown:onGreen                                                                                                                                ; countDown                         ; work         ;
;       |gridLight:ledArray[1].ledArray2[10].LED|               ; 25 (8)              ; 11 (3)                    ; 0                 ; 0          ; 0    ; 0            ; |DE1_SoC|controller:controlSystem|gridLight:ledArray[1].ledArray2[10].LED                                                                                                                                                 ; gridLight                         ; work         ;
;          |countDown:onGreen|                                  ; 17 (17)             ; 8 (8)                     ; 0                 ; 0          ; 0    ; 0            ; |DE1_SoC|controller:controlSystem|gridLight:ledArray[1].ledArray2[10].LED|countDown:onGreen                                                                                                                               ; countDown                         ; work         ;
;       |gridLight:ledArray[1].ledArray2[11].LED|               ; 25 (8)              ; 11 (3)                    ; 0                 ; 0          ; 0    ; 0            ; |DE1_SoC|controller:controlSystem|gridLight:ledArray[1].ledArray2[11].LED                                                                                                                                                 ; gridLight                         ; work         ;
;          |countDown:onGreen|                                  ; 17 (17)             ; 8 (8)                     ; 0                 ; 0          ; 0    ; 0            ; |DE1_SoC|controller:controlSystem|gridLight:ledArray[1].ledArray2[11].LED|countDown:onGreen                                                                                                                               ; countDown                         ; work         ;
;       |gridLight:ledArray[1].ledArray2[12].LED|               ; 25 (8)              ; 11 (3)                    ; 0                 ; 0          ; 0    ; 0            ; |DE1_SoC|controller:controlSystem|gridLight:ledArray[1].ledArray2[12].LED                                                                                                                                                 ; gridLight                         ; work         ;
;          |countDown:onGreen|                                  ; 17 (17)             ; 8 (8)                     ; 0                 ; 0          ; 0    ; 0            ; |DE1_SoC|controller:controlSystem|gridLight:ledArray[1].ledArray2[12].LED|countDown:onGreen                                                                                                                               ; countDown                         ; work         ;
;       |gridLight:ledArray[1].ledArray2[13].LED|               ; 25 (8)              ; 11 (3)                    ; 0                 ; 0          ; 0    ; 0            ; |DE1_SoC|controller:controlSystem|gridLight:ledArray[1].ledArray2[13].LED                                                                                                                                                 ; gridLight                         ; work         ;
;          |countDown:onGreen|                                  ; 17 (17)             ; 8 (8)                     ; 0                 ; 0          ; 0    ; 0            ; |DE1_SoC|controller:controlSystem|gridLight:ledArray[1].ledArray2[13].LED|countDown:onGreen                                                                                                                               ; countDown                         ; work         ;
;       |gridLight:ledArray[1].ledArray2[14].LED|               ; 25 (8)              ; 11 (3)                    ; 0                 ; 0          ; 0    ; 0            ; |DE1_SoC|controller:controlSystem|gridLight:ledArray[1].ledArray2[14].LED                                                                                                                                                 ; gridLight                         ; work         ;
;          |countDown:onGreen|                                  ; 17 (17)             ; 8 (8)                     ; 0                 ; 0          ; 0    ; 0            ; |DE1_SoC|controller:controlSystem|gridLight:ledArray[1].ledArray2[14].LED|countDown:onGreen                                                                                                                               ; countDown                         ; work         ;
;       |gridLight:ledArray[1].ledArray2[15].LED|               ; 26 (9)              ; 11 (3)                    ; 0                 ; 0          ; 0    ; 0            ; |DE1_SoC|controller:controlSystem|gridLight:ledArray[1].ledArray2[15].LED                                                                                                                                                 ; gridLight                         ; work         ;
;          |countDown:onGreen|                                  ; 17 (17)             ; 8 (8)                     ; 0                 ; 0          ; 0    ; 0            ; |DE1_SoC|controller:controlSystem|gridLight:ledArray[1].ledArray2[15].LED|countDown:onGreen                                                                                                                               ; countDown                         ; work         ;
;       |gridLight:ledArray[1].ledArray2[1].LED|                ; 25 (8)              ; 11 (3)                    ; 0                 ; 0          ; 0    ; 0            ; |DE1_SoC|controller:controlSystem|gridLight:ledArray[1].ledArray2[1].LED                                                                                                                                                  ; gridLight                         ; work         ;
;          |countDown:onGreen|                                  ; 17 (17)             ; 8 (8)                     ; 0                 ; 0          ; 0    ; 0            ; |DE1_SoC|controller:controlSystem|gridLight:ledArray[1].ledArray2[1].LED|countDown:onGreen                                                                                                                                ; countDown                         ; work         ;
;       |gridLight:ledArray[1].ledArray2[2].LED|                ; 25 (8)              ; 11 (3)                    ; 0                 ; 0          ; 0    ; 0            ; |DE1_SoC|controller:controlSystem|gridLight:ledArray[1].ledArray2[2].LED                                                                                                                                                  ; gridLight                         ; work         ;
;          |countDown:onGreen|                                  ; 17 (17)             ; 8 (8)                     ; 0                 ; 0          ; 0    ; 0            ; |DE1_SoC|controller:controlSystem|gridLight:ledArray[1].ledArray2[2].LED|countDown:onGreen                                                                                                                                ; countDown                         ; work         ;
;       |gridLight:ledArray[1].ledArray2[3].LED|                ; 25 (8)              ; 11 (3)                    ; 0                 ; 0          ; 0    ; 0            ; |DE1_SoC|controller:controlSystem|gridLight:ledArray[1].ledArray2[3].LED                                                                                                                                                  ; gridLight                         ; work         ;
;          |countDown:onGreen|                                  ; 17 (17)             ; 8 (8)                     ; 0                 ; 0          ; 0    ; 0            ; |DE1_SoC|controller:controlSystem|gridLight:ledArray[1].ledArray2[3].LED|countDown:onGreen                                                                                                                                ; countDown                         ; work         ;
;       |gridLight:ledArray[1].ledArray2[4].LED|                ; 25 (8)              ; 11 (3)                    ; 0                 ; 0          ; 0    ; 0            ; |DE1_SoC|controller:controlSystem|gridLight:ledArray[1].ledArray2[4].LED                                                                                                                                                  ; gridLight                         ; work         ;
;          |countDown:onGreen|                                  ; 17 (17)             ; 8 (8)                     ; 0                 ; 0          ; 0    ; 0            ; |DE1_SoC|controller:controlSystem|gridLight:ledArray[1].ledArray2[4].LED|countDown:onGreen                                                                                                                                ; countDown                         ; work         ;
;       |gridLight:ledArray[1].ledArray2[5].LED|                ; 25 (8)              ; 11 (3)                    ; 0                 ; 0          ; 0    ; 0            ; |DE1_SoC|controller:controlSystem|gridLight:ledArray[1].ledArray2[5].LED                                                                                                                                                  ; gridLight                         ; work         ;
;          |countDown:onGreen|                                  ; 17 (17)             ; 8 (8)                     ; 0                 ; 0          ; 0    ; 0            ; |DE1_SoC|controller:controlSystem|gridLight:ledArray[1].ledArray2[5].LED|countDown:onGreen                                                                                                                                ; countDown                         ; work         ;
;       |gridLight:ledArray[1].ledArray2[6].LED|                ; 25 (8)              ; 11 (3)                    ; 0                 ; 0          ; 0    ; 0            ; |DE1_SoC|controller:controlSystem|gridLight:ledArray[1].ledArray2[6].LED                                                                                                                                                  ; gridLight                         ; work         ;
;          |countDown:onGreen|                                  ; 17 (17)             ; 8 (8)                     ; 0                 ; 0          ; 0    ; 0            ; |DE1_SoC|controller:controlSystem|gridLight:ledArray[1].ledArray2[6].LED|countDown:onGreen                                                                                                                                ; countDown                         ; work         ;
;       |gridLight:ledArray[1].ledArray2[7].LED|                ; 25 (8)              ; 11 (3)                    ; 0                 ; 0          ; 0    ; 0            ; |DE1_SoC|controller:controlSystem|gridLight:ledArray[1].ledArray2[7].LED                                                                                                                                                  ; gridLight                         ; work         ;
;          |countDown:onGreen|                                  ; 17 (17)             ; 8 (8)                     ; 0                 ; 0          ; 0    ; 0            ; |DE1_SoC|controller:controlSystem|gridLight:ledArray[1].ledArray2[7].LED|countDown:onGreen                                                                                                                                ; countDown                         ; work         ;
;       |gridLight:ledArray[1].ledArray2[8].LED|                ; 25 (8)              ; 11 (3)                    ; 0                 ; 0          ; 0    ; 0            ; |DE1_SoC|controller:controlSystem|gridLight:ledArray[1].ledArray2[8].LED                                                                                                                                                  ; gridLight                         ; work         ;
;          |countDown:onGreen|                                  ; 17 (17)             ; 8 (8)                     ; 0                 ; 0          ; 0    ; 0            ; |DE1_SoC|controller:controlSystem|gridLight:ledArray[1].ledArray2[8].LED|countDown:onGreen                                                                                                                                ; countDown                         ; work         ;
;       |gridLight:ledArray[1].ledArray2[9].LED|                ; 25 (8)              ; 11 (3)                    ; 0                 ; 0          ; 0    ; 0            ; |DE1_SoC|controller:controlSystem|gridLight:ledArray[1].ledArray2[9].LED                                                                                                                                                  ; gridLight                         ; work         ;
;          |countDown:onGreen|                                  ; 17 (17)             ; 8 (8)                     ; 0                 ; 0          ; 0    ; 0            ; |DE1_SoC|controller:controlSystem|gridLight:ledArray[1].ledArray2[9].LED|countDown:onGreen                                                                                                                                ; countDown                         ; work         ;
;       |gridLight:ledArray[2].ledArray2[0].LED|                ; 26 (9)              ; 11 (3)                    ; 0                 ; 0          ; 0    ; 0            ; |DE1_SoC|controller:controlSystem|gridLight:ledArray[2].ledArray2[0].LED                                                                                                                                                  ; gridLight                         ; work         ;
;          |countDown:onGreen|                                  ; 17 (17)             ; 8 (8)                     ; 0                 ; 0          ; 0    ; 0            ; |DE1_SoC|controller:controlSystem|gridLight:ledArray[2].ledArray2[0].LED|countDown:onGreen                                                                                                                                ; countDown                         ; work         ;
;       |gridLight:ledArray[2].ledArray2[10].LED|               ; 26 (9)              ; 11 (3)                    ; 0                 ; 0          ; 0    ; 0            ; |DE1_SoC|controller:controlSystem|gridLight:ledArray[2].ledArray2[10].LED                                                                                                                                                 ; gridLight                         ; work         ;
;          |countDown:onGreen|                                  ; 17 (17)             ; 8 (8)                     ; 0                 ; 0          ; 0    ; 0            ; |DE1_SoC|controller:controlSystem|gridLight:ledArray[2].ledArray2[10].LED|countDown:onGreen                                                                                                                               ; countDown                         ; work         ;
;       |gridLight:ledArray[2].ledArray2[11].LED|               ; 26 (9)              ; 11 (3)                    ; 0                 ; 0          ; 0    ; 0            ; |DE1_SoC|controller:controlSystem|gridLight:ledArray[2].ledArray2[11].LED                                                                                                                                                 ; gridLight                         ; work         ;
;          |countDown:onGreen|                                  ; 17 (17)             ; 8 (8)                     ; 0                 ; 0          ; 0    ; 0            ; |DE1_SoC|controller:controlSystem|gridLight:ledArray[2].ledArray2[11].LED|countDown:onGreen                                                                                                                               ; countDown                         ; work         ;
;       |gridLight:ledArray[2].ledArray2[12].LED|               ; 26 (9)              ; 11 (3)                    ; 0                 ; 0          ; 0    ; 0            ; |DE1_SoC|controller:controlSystem|gridLight:ledArray[2].ledArray2[12].LED                                                                                                                                                 ; gridLight                         ; work         ;
;          |countDown:onGreen|                                  ; 17 (17)             ; 8 (8)                     ; 0                 ; 0          ; 0    ; 0            ; |DE1_SoC|controller:controlSystem|gridLight:ledArray[2].ledArray2[12].LED|countDown:onGreen                                                                                                                               ; countDown                         ; work         ;
;       |gridLight:ledArray[2].ledArray2[13].LED|               ; 26 (9)              ; 11 (3)                    ; 0                 ; 0          ; 0    ; 0            ; |DE1_SoC|controller:controlSystem|gridLight:ledArray[2].ledArray2[13].LED                                                                                                                                                 ; gridLight                         ; work         ;
;          |countDown:onGreen|                                  ; 17 (17)             ; 8 (8)                     ; 0                 ; 0          ; 0    ; 0            ; |DE1_SoC|controller:controlSystem|gridLight:ledArray[2].ledArray2[13].LED|countDown:onGreen                                                                                                                               ; countDown                         ; work         ;
;       |gridLight:ledArray[2].ledArray2[14].LED|               ; 26 (9)              ; 11 (3)                    ; 0                 ; 0          ; 0    ; 0            ; |DE1_SoC|controller:controlSystem|gridLight:ledArray[2].ledArray2[14].LED                                                                                                                                                 ; gridLight                         ; work         ;
;          |countDown:onGreen|                                  ; 17 (17)             ; 8 (8)                     ; 0                 ; 0          ; 0    ; 0            ; |DE1_SoC|controller:controlSystem|gridLight:ledArray[2].ledArray2[14].LED|countDown:onGreen                                                                                                                               ; countDown                         ; work         ;
;       |gridLight:ledArray[2].ledArray2[15].LED|               ; 26 (9)              ; 11 (3)                    ; 0                 ; 0          ; 0    ; 0            ; |DE1_SoC|controller:controlSystem|gridLight:ledArray[2].ledArray2[15].LED                                                                                                                                                 ; gridLight                         ; work         ;
;          |countDown:onGreen|                                  ; 17 (17)             ; 8 (8)                     ; 0                 ; 0          ; 0    ; 0            ; |DE1_SoC|controller:controlSystem|gridLight:ledArray[2].ledArray2[15].LED|countDown:onGreen                                                                                                                               ; countDown                         ; work         ;
;       |gridLight:ledArray[2].ledArray2[1].LED|                ; 26 (9)              ; 11 (3)                    ; 0                 ; 0          ; 0    ; 0            ; |DE1_SoC|controller:controlSystem|gridLight:ledArray[2].ledArray2[1].LED                                                                                                                                                  ; gridLight                         ; work         ;
;          |countDown:onGreen|                                  ; 17 (17)             ; 8 (8)                     ; 0                 ; 0          ; 0    ; 0            ; |DE1_SoC|controller:controlSystem|gridLight:ledArray[2].ledArray2[1].LED|countDown:onGreen                                                                                                                                ; countDown                         ; work         ;
;       |gridLight:ledArray[2].ledArray2[2].LED|                ; 26 (9)              ; 11 (3)                    ; 0                 ; 0          ; 0    ; 0            ; |DE1_SoC|controller:controlSystem|gridLight:ledArray[2].ledArray2[2].LED                                                                                                                                                  ; gridLight                         ; work         ;
;          |countDown:onGreen|                                  ; 17 (17)             ; 8 (8)                     ; 0                 ; 0          ; 0    ; 0            ; |DE1_SoC|controller:controlSystem|gridLight:ledArray[2].ledArray2[2].LED|countDown:onGreen                                                                                                                                ; countDown                         ; work         ;
;       |gridLight:ledArray[2].ledArray2[3].LED|                ; 26 (9)              ; 11 (3)                    ; 0                 ; 0          ; 0    ; 0            ; |DE1_SoC|controller:controlSystem|gridLight:ledArray[2].ledArray2[3].LED                                                                                                                                                  ; gridLight                         ; work         ;
;          |countDown:onGreen|                                  ; 17 (17)             ; 8 (8)                     ; 0                 ; 0          ; 0    ; 0            ; |DE1_SoC|controller:controlSystem|gridLight:ledArray[2].ledArray2[3].LED|countDown:onGreen                                                                                                                                ; countDown                         ; work         ;
;       |gridLight:ledArray[2].ledArray2[4].LED|                ; 26 (9)              ; 11 (3)                    ; 0                 ; 0          ; 0    ; 0            ; |DE1_SoC|controller:controlSystem|gridLight:ledArray[2].ledArray2[4].LED                                                                                                                                                  ; gridLight                         ; work         ;
;          |countDown:onGreen|                                  ; 17 (17)             ; 8 (8)                     ; 0                 ; 0          ; 0    ; 0            ; |DE1_SoC|controller:controlSystem|gridLight:ledArray[2].ledArray2[4].LED|countDown:onGreen                                                                                                                                ; countDown                         ; work         ;
;       |gridLight:ledArray[2].ledArray2[5].LED|                ; 26 (9)              ; 11 (3)                    ; 0                 ; 0          ; 0    ; 0            ; |DE1_SoC|controller:controlSystem|gridLight:ledArray[2].ledArray2[5].LED                                                                                                                                                  ; gridLight                         ; work         ;
;          |countDown:onGreen|                                  ; 17 (17)             ; 8 (8)                     ; 0                 ; 0          ; 0    ; 0            ; |DE1_SoC|controller:controlSystem|gridLight:ledArray[2].ledArray2[5].LED|countDown:onGreen                                                                                                                                ; countDown                         ; work         ;
;       |gridLight:ledArray[2].ledArray2[6].LED|                ; 26 (9)              ; 11 (3)                    ; 0                 ; 0          ; 0    ; 0            ; |DE1_SoC|controller:controlSystem|gridLight:ledArray[2].ledArray2[6].LED                                                                                                                                                  ; gridLight                         ; work         ;
;          |countDown:onGreen|                                  ; 17 (17)             ; 8 (8)                     ; 0                 ; 0          ; 0    ; 0            ; |DE1_SoC|controller:controlSystem|gridLight:ledArray[2].ledArray2[6].LED|countDown:onGreen                                                                                                                                ; countDown                         ; work         ;
;       |gridLight:ledArray[2].ledArray2[7].LED|                ; 26 (9)              ; 11 (3)                    ; 0                 ; 0          ; 0    ; 0            ; |DE1_SoC|controller:controlSystem|gridLight:ledArray[2].ledArray2[7].LED                                                                                                                                                  ; gridLight                         ; work         ;
;          |countDown:onGreen|                                  ; 17 (17)             ; 8 (8)                     ; 0                 ; 0          ; 0    ; 0            ; |DE1_SoC|controller:controlSystem|gridLight:ledArray[2].ledArray2[7].LED|countDown:onGreen                                                                                                                                ; countDown                         ; work         ;
;       |gridLight:ledArray[2].ledArray2[8].LED|                ; 26 (9)              ; 11 (3)                    ; 0                 ; 0          ; 0    ; 0            ; |DE1_SoC|controller:controlSystem|gridLight:ledArray[2].ledArray2[8].LED                                                                                                                                                  ; gridLight                         ; work         ;
;          |countDown:onGreen|                                  ; 17 (17)             ; 8 (8)                     ; 0                 ; 0          ; 0    ; 0            ; |DE1_SoC|controller:controlSystem|gridLight:ledArray[2].ledArray2[8].LED|countDown:onGreen                                                                                                                                ; countDown                         ; work         ;
;       |gridLight:ledArray[2].ledArray2[9].LED|                ; 26 (9)              ; 11 (3)                    ; 0                 ; 0          ; 0    ; 0            ; |DE1_SoC|controller:controlSystem|gridLight:ledArray[2].ledArray2[9].LED                                                                                                                                                  ; gridLight                         ; work         ;
;          |countDown:onGreen|                                  ; 17 (17)             ; 8 (8)                     ; 0                 ; 0          ; 0    ; 0            ; |DE1_SoC|controller:controlSystem|gridLight:ledArray[2].ledArray2[9].LED|countDown:onGreen                                                                                                                                ; countDown                         ; work         ;
;       |gridLight:ledArray[3].ledArray2[0].LED|                ; 26 (9)              ; 11 (3)                    ; 0                 ; 0          ; 0    ; 0            ; |DE1_SoC|controller:controlSystem|gridLight:ledArray[3].ledArray2[0].LED                                                                                                                                                  ; gridLight                         ; work         ;
;          |countDown:onGreen|                                  ; 17 (17)             ; 8 (8)                     ; 0                 ; 0          ; 0    ; 0            ; |DE1_SoC|controller:controlSystem|gridLight:ledArray[3].ledArray2[0].LED|countDown:onGreen                                                                                                                                ; countDown                         ; work         ;
;       |gridLight:ledArray[3].ledArray2[10].LED|               ; 26 (9)              ; 11 (3)                    ; 0                 ; 0          ; 0    ; 0            ; |DE1_SoC|controller:controlSystem|gridLight:ledArray[3].ledArray2[10].LED                                                                                                                                                 ; gridLight                         ; work         ;
;          |countDown:onGreen|                                  ; 17 (17)             ; 8 (8)                     ; 0                 ; 0          ; 0    ; 0            ; |DE1_SoC|controller:controlSystem|gridLight:ledArray[3].ledArray2[10].LED|countDown:onGreen                                                                                                                               ; countDown                         ; work         ;
;       |gridLight:ledArray[3].ledArray2[11].LED|               ; 26 (9)              ; 11 (3)                    ; 0                 ; 0          ; 0    ; 0            ; |DE1_SoC|controller:controlSystem|gridLight:ledArray[3].ledArray2[11].LED                                                                                                                                                 ; gridLight                         ; work         ;
;          |countDown:onGreen|                                  ; 17 (17)             ; 8 (8)                     ; 0                 ; 0          ; 0    ; 0            ; |DE1_SoC|controller:controlSystem|gridLight:ledArray[3].ledArray2[11].LED|countDown:onGreen                                                                                                                               ; countDown                         ; work         ;
;       |gridLight:ledArray[3].ledArray2[12].LED|               ; 26 (9)              ; 11 (3)                    ; 0                 ; 0          ; 0    ; 0            ; |DE1_SoC|controller:controlSystem|gridLight:ledArray[3].ledArray2[12].LED                                                                                                                                                 ; gridLight                         ; work         ;
;          |countDown:onGreen|                                  ; 17 (17)             ; 8 (8)                     ; 0                 ; 0          ; 0    ; 0            ; |DE1_SoC|controller:controlSystem|gridLight:ledArray[3].ledArray2[12].LED|countDown:onGreen                                                                                                                               ; countDown                         ; work         ;
;       |gridLight:ledArray[3].ledArray2[13].LED|               ; 26 (9)              ; 11 (3)                    ; 0                 ; 0          ; 0    ; 0            ; |DE1_SoC|controller:controlSystem|gridLight:ledArray[3].ledArray2[13].LED                                                                                                                                                 ; gridLight                         ; work         ;
;          |countDown:onGreen|                                  ; 17 (17)             ; 8 (8)                     ; 0                 ; 0          ; 0    ; 0            ; |DE1_SoC|controller:controlSystem|gridLight:ledArray[3].ledArray2[13].LED|countDown:onGreen                                                                                                                               ; countDown                         ; work         ;
;       |gridLight:ledArray[3].ledArray2[14].LED|               ; 26 (9)              ; 11 (3)                    ; 0                 ; 0          ; 0    ; 0            ; |DE1_SoC|controller:controlSystem|gridLight:ledArray[3].ledArray2[14].LED                                                                                                                                                 ; gridLight                         ; work         ;
;          |countDown:onGreen|                                  ; 17 (17)             ; 8 (8)                     ; 0                 ; 0          ; 0    ; 0            ; |DE1_SoC|controller:controlSystem|gridLight:ledArray[3].ledArray2[14].LED|countDown:onGreen                                                                                                                               ; countDown                         ; work         ;
;       |gridLight:ledArray[3].ledArray2[15].LED|               ; 26 (9)              ; 11 (3)                    ; 0                 ; 0          ; 0    ; 0            ; |DE1_SoC|controller:controlSystem|gridLight:ledArray[3].ledArray2[15].LED                                                                                                                                                 ; gridLight                         ; work         ;
;          |countDown:onGreen|                                  ; 17 (17)             ; 8 (8)                     ; 0                 ; 0          ; 0    ; 0            ; |DE1_SoC|controller:controlSystem|gridLight:ledArray[3].ledArray2[15].LED|countDown:onGreen                                                                                                                               ; countDown                         ; work         ;
;       |gridLight:ledArray[3].ledArray2[1].LED|                ; 26 (9)              ; 11 (3)                    ; 0                 ; 0          ; 0    ; 0            ; |DE1_SoC|controller:controlSystem|gridLight:ledArray[3].ledArray2[1].LED                                                                                                                                                  ; gridLight                         ; work         ;
;          |countDown:onGreen|                                  ; 17 (17)             ; 8 (8)                     ; 0                 ; 0          ; 0    ; 0            ; |DE1_SoC|controller:controlSystem|gridLight:ledArray[3].ledArray2[1].LED|countDown:onGreen                                                                                                                                ; countDown                         ; work         ;
;       |gridLight:ledArray[3].ledArray2[2].LED|                ; 26 (9)              ; 11 (3)                    ; 0                 ; 0          ; 0    ; 0            ; |DE1_SoC|controller:controlSystem|gridLight:ledArray[3].ledArray2[2].LED                                                                                                                                                  ; gridLight                         ; work         ;
;          |countDown:onGreen|                                  ; 17 (17)             ; 8 (8)                     ; 0                 ; 0          ; 0    ; 0            ; |DE1_SoC|controller:controlSystem|gridLight:ledArray[3].ledArray2[2].LED|countDown:onGreen                                                                                                                                ; countDown                         ; work         ;
;       |gridLight:ledArray[3].ledArray2[3].LED|                ; 26 (9)              ; 11 (3)                    ; 0                 ; 0          ; 0    ; 0            ; |DE1_SoC|controller:controlSystem|gridLight:ledArray[3].ledArray2[3].LED                                                                                                                                                  ; gridLight                         ; work         ;
;          |countDown:onGreen|                                  ; 17 (17)             ; 8 (8)                     ; 0                 ; 0          ; 0    ; 0            ; |DE1_SoC|controller:controlSystem|gridLight:ledArray[3].ledArray2[3].LED|countDown:onGreen                                                                                                                                ; countDown                         ; work         ;
;       |gridLight:ledArray[3].ledArray2[4].LED|                ; 26 (9)              ; 11 (3)                    ; 0                 ; 0          ; 0    ; 0            ; |DE1_SoC|controller:controlSystem|gridLight:ledArray[3].ledArray2[4].LED                                                                                                                                                  ; gridLight                         ; work         ;
;          |countDown:onGreen|                                  ; 17 (17)             ; 8 (8)                     ; 0                 ; 0          ; 0    ; 0            ; |DE1_SoC|controller:controlSystem|gridLight:ledArray[3].ledArray2[4].LED|countDown:onGreen                                                                                                                                ; countDown                         ; work         ;
;       |gridLight:ledArray[3].ledArray2[5].LED|                ; 26 (9)              ; 11 (3)                    ; 0                 ; 0          ; 0    ; 0            ; |DE1_SoC|controller:controlSystem|gridLight:ledArray[3].ledArray2[5].LED                                                                                                                                                  ; gridLight                         ; work         ;
;          |countDown:onGreen|                                  ; 17 (17)             ; 8 (8)                     ; 0                 ; 0          ; 0    ; 0            ; |DE1_SoC|controller:controlSystem|gridLight:ledArray[3].ledArray2[5].LED|countDown:onGreen                                                                                                                                ; countDown                         ; work         ;
;       |gridLight:ledArray[3].ledArray2[6].LED|                ; 26 (9)              ; 11 (3)                    ; 0                 ; 0          ; 0    ; 0            ; |DE1_SoC|controller:controlSystem|gridLight:ledArray[3].ledArray2[6].LED                                                                                                                                                  ; gridLight                         ; work         ;
;          |countDown:onGreen|                                  ; 17 (17)             ; 8 (8)                     ; 0                 ; 0          ; 0    ; 0            ; |DE1_SoC|controller:controlSystem|gridLight:ledArray[3].ledArray2[6].LED|countDown:onGreen                                                                                                                                ; countDown                         ; work         ;
;       |gridLight:ledArray[3].ledArray2[7].LED|                ; 26 (9)              ; 11 (3)                    ; 0                 ; 0          ; 0    ; 0            ; |DE1_SoC|controller:controlSystem|gridLight:ledArray[3].ledArray2[7].LED                                                                                                                                                  ; gridLight                         ; work         ;
;          |countDown:onGreen|                                  ; 17 (17)             ; 8 (8)                     ; 0                 ; 0          ; 0    ; 0            ; |DE1_SoC|controller:controlSystem|gridLight:ledArray[3].ledArray2[7].LED|countDown:onGreen                                                                                                                                ; countDown                         ; work         ;
;       |gridLight:ledArray[3].ledArray2[8].LED|                ; 26 (9)              ; 11 (3)                    ; 0                 ; 0          ; 0    ; 0            ; |DE1_SoC|controller:controlSystem|gridLight:ledArray[3].ledArray2[8].LED                                                                                                                                                  ; gridLight                         ; work         ;
;          |countDown:onGreen|                                  ; 17 (17)             ; 8 (8)                     ; 0                 ; 0          ; 0    ; 0            ; |DE1_SoC|controller:controlSystem|gridLight:ledArray[3].ledArray2[8].LED|countDown:onGreen                                                                                                                                ; countDown                         ; work         ;
;       |gridLight:ledArray[3].ledArray2[9].LED|                ; 26 (9)              ; 11 (3)                    ; 0                 ; 0          ; 0    ; 0            ; |DE1_SoC|controller:controlSystem|gridLight:ledArray[3].ledArray2[9].LED                                                                                                                                                  ; gridLight                         ; work         ;
;          |countDown:onGreen|                                  ; 17 (17)             ; 8 (8)                     ; 0                 ; 0          ; 0    ; 0            ; |DE1_SoC|controller:controlSystem|gridLight:ledArray[3].ledArray2[9].LED|countDown:onGreen                                                                                                                                ; countDown                         ; work         ;
;       |gridLight:ledArray[4].ledArray2[0].LED|                ; 26 (9)              ; 11 (3)                    ; 0                 ; 0          ; 0    ; 0            ; |DE1_SoC|controller:controlSystem|gridLight:ledArray[4].ledArray2[0].LED                                                                                                                                                  ; gridLight                         ; work         ;
;          |countDown:onGreen|                                  ; 17 (17)             ; 8 (8)                     ; 0                 ; 0          ; 0    ; 0            ; |DE1_SoC|controller:controlSystem|gridLight:ledArray[4].ledArray2[0].LED|countDown:onGreen                                                                                                                                ; countDown                         ; work         ;
;       |gridLight:ledArray[4].ledArray2[10].LED|               ; 26 (9)              ; 11 (3)                    ; 0                 ; 0          ; 0    ; 0            ; |DE1_SoC|controller:controlSystem|gridLight:ledArray[4].ledArray2[10].LED                                                                                                                                                 ; gridLight                         ; work         ;
;          |countDown:onGreen|                                  ; 17 (17)             ; 8 (8)                     ; 0                 ; 0          ; 0    ; 0            ; |DE1_SoC|controller:controlSystem|gridLight:ledArray[4].ledArray2[10].LED|countDown:onGreen                                                                                                                               ; countDown                         ; work         ;
;       |gridLight:ledArray[4].ledArray2[11].LED|               ; 26 (9)              ; 11 (3)                    ; 0                 ; 0          ; 0    ; 0            ; |DE1_SoC|controller:controlSystem|gridLight:ledArray[4].ledArray2[11].LED                                                                                                                                                 ; gridLight                         ; work         ;
;          |countDown:onGreen|                                  ; 17 (17)             ; 8 (8)                     ; 0                 ; 0          ; 0    ; 0            ; |DE1_SoC|controller:controlSystem|gridLight:ledArray[4].ledArray2[11].LED|countDown:onGreen                                                                                                                               ; countDown                         ; work         ;
;       |gridLight:ledArray[4].ledArray2[12].LED|               ; 26 (9)              ; 11 (3)                    ; 0                 ; 0          ; 0    ; 0            ; |DE1_SoC|controller:controlSystem|gridLight:ledArray[4].ledArray2[12].LED                                                                                                                                                 ; gridLight                         ; work         ;
;          |countDown:onGreen|                                  ; 17 (17)             ; 8 (8)                     ; 0                 ; 0          ; 0    ; 0            ; |DE1_SoC|controller:controlSystem|gridLight:ledArray[4].ledArray2[12].LED|countDown:onGreen                                                                                                                               ; countDown                         ; work         ;
;       |gridLight:ledArray[4].ledArray2[13].LED|               ; 26 (9)              ; 11 (3)                    ; 0                 ; 0          ; 0    ; 0            ; |DE1_SoC|controller:controlSystem|gridLight:ledArray[4].ledArray2[13].LED                                                                                                                                                 ; gridLight                         ; work         ;
;          |countDown:onGreen|                                  ; 17 (17)             ; 8 (8)                     ; 0                 ; 0          ; 0    ; 0            ; |DE1_SoC|controller:controlSystem|gridLight:ledArray[4].ledArray2[13].LED|countDown:onGreen                                                                                                                               ; countDown                         ; work         ;
;       |gridLight:ledArray[4].ledArray2[14].LED|               ; 26 (9)              ; 11 (3)                    ; 0                 ; 0          ; 0    ; 0            ; |DE1_SoC|controller:controlSystem|gridLight:ledArray[4].ledArray2[14].LED                                                                                                                                                 ; gridLight                         ; work         ;
;          |countDown:onGreen|                                  ; 17 (17)             ; 8 (8)                     ; 0                 ; 0          ; 0    ; 0            ; |DE1_SoC|controller:controlSystem|gridLight:ledArray[4].ledArray2[14].LED|countDown:onGreen                                                                                                                               ; countDown                         ; work         ;
;       |gridLight:ledArray[4].ledArray2[15].LED|               ; 26 (9)              ; 11 (3)                    ; 0                 ; 0          ; 0    ; 0            ; |DE1_SoC|controller:controlSystem|gridLight:ledArray[4].ledArray2[15].LED                                                                                                                                                 ; gridLight                         ; work         ;
;          |countDown:onGreen|                                  ; 17 (17)             ; 8 (8)                     ; 0                 ; 0          ; 0    ; 0            ; |DE1_SoC|controller:controlSystem|gridLight:ledArray[4].ledArray2[15].LED|countDown:onGreen                                                                                                                               ; countDown                         ; work         ;
;       |gridLight:ledArray[4].ledArray2[1].LED|                ; 26 (9)              ; 11 (3)                    ; 0                 ; 0          ; 0    ; 0            ; |DE1_SoC|controller:controlSystem|gridLight:ledArray[4].ledArray2[1].LED                                                                                                                                                  ; gridLight                         ; work         ;
;          |countDown:onGreen|                                  ; 17 (17)             ; 8 (8)                     ; 0                 ; 0          ; 0    ; 0            ; |DE1_SoC|controller:controlSystem|gridLight:ledArray[4].ledArray2[1].LED|countDown:onGreen                                                                                                                                ; countDown                         ; work         ;
;       |gridLight:ledArray[4].ledArray2[2].LED|                ; 26 (9)              ; 11 (3)                    ; 0                 ; 0          ; 0    ; 0            ; |DE1_SoC|controller:controlSystem|gridLight:ledArray[4].ledArray2[2].LED                                                                                                                                                  ; gridLight                         ; work         ;
;          |countDown:onGreen|                                  ; 17 (17)             ; 8 (8)                     ; 0                 ; 0          ; 0    ; 0            ; |DE1_SoC|controller:controlSystem|gridLight:ledArray[4].ledArray2[2].LED|countDown:onGreen                                                                                                                                ; countDown                         ; work         ;
;       |gridLight:ledArray[4].ledArray2[3].LED|                ; 26 (9)              ; 11 (3)                    ; 0                 ; 0          ; 0    ; 0            ; |DE1_SoC|controller:controlSystem|gridLight:ledArray[4].ledArray2[3].LED                                                                                                                                                  ; gridLight                         ; work         ;
;          |countDown:onGreen|                                  ; 17 (17)             ; 8 (8)                     ; 0                 ; 0          ; 0    ; 0            ; |DE1_SoC|controller:controlSystem|gridLight:ledArray[4].ledArray2[3].LED|countDown:onGreen                                                                                                                                ; countDown                         ; work         ;
;       |gridLight:ledArray[4].ledArray2[4].LED|                ; 26 (9)              ; 11 (3)                    ; 0                 ; 0          ; 0    ; 0            ; |DE1_SoC|controller:controlSystem|gridLight:ledArray[4].ledArray2[4].LED                                                                                                                                                  ; gridLight                         ; work         ;
;          |countDown:onGreen|                                  ; 17 (17)             ; 8 (8)                     ; 0                 ; 0          ; 0    ; 0            ; |DE1_SoC|controller:controlSystem|gridLight:ledArray[4].ledArray2[4].LED|countDown:onGreen                                                                                                                                ; countDown                         ; work         ;
;       |gridLight:ledArray[4].ledArray2[5].LED|                ; 26 (9)              ; 11 (3)                    ; 0                 ; 0          ; 0    ; 0            ; |DE1_SoC|controller:controlSystem|gridLight:ledArray[4].ledArray2[5].LED                                                                                                                                                  ; gridLight                         ; work         ;
;          |countDown:onGreen|                                  ; 17 (17)             ; 8 (8)                     ; 0                 ; 0          ; 0    ; 0            ; |DE1_SoC|controller:controlSystem|gridLight:ledArray[4].ledArray2[5].LED|countDown:onGreen                                                                                                                                ; countDown                         ; work         ;
;       |gridLight:ledArray[4].ledArray2[6].LED|                ; 26 (9)              ; 11 (3)                    ; 0                 ; 0          ; 0    ; 0            ; |DE1_SoC|controller:controlSystem|gridLight:ledArray[4].ledArray2[6].LED                                                                                                                                                  ; gridLight                         ; work         ;
;          |countDown:onGreen|                                  ; 17 (17)             ; 8 (8)                     ; 0                 ; 0          ; 0    ; 0            ; |DE1_SoC|controller:controlSystem|gridLight:ledArray[4].ledArray2[6].LED|countDown:onGreen                                                                                                                                ; countDown                         ; work         ;
;       |gridLight:ledArray[4].ledArray2[7].LED|                ; 26 (9)              ; 11 (3)                    ; 0                 ; 0          ; 0    ; 0            ; |DE1_SoC|controller:controlSystem|gridLight:ledArray[4].ledArray2[7].LED                                                                                                                                                  ; gridLight                         ; work         ;
;          |countDown:onGreen|                                  ; 17 (17)             ; 8 (8)                     ; 0                 ; 0          ; 0    ; 0            ; |DE1_SoC|controller:controlSystem|gridLight:ledArray[4].ledArray2[7].LED|countDown:onGreen                                                                                                                                ; countDown                         ; work         ;
;       |gridLight:ledArray[4].ledArray2[8].LED|                ; 26 (9)              ; 11 (3)                    ; 0                 ; 0          ; 0    ; 0            ; |DE1_SoC|controller:controlSystem|gridLight:ledArray[4].ledArray2[8].LED                                                                                                                                                  ; gridLight                         ; work         ;
;          |countDown:onGreen|                                  ; 17 (17)             ; 8 (8)                     ; 0                 ; 0          ; 0    ; 0            ; |DE1_SoC|controller:controlSystem|gridLight:ledArray[4].ledArray2[8].LED|countDown:onGreen                                                                                                                                ; countDown                         ; work         ;
;       |gridLight:ledArray[4].ledArray2[9].LED|                ; 26 (9)              ; 11 (3)                    ; 0                 ; 0          ; 0    ; 0            ; |DE1_SoC|controller:controlSystem|gridLight:ledArray[4].ledArray2[9].LED                                                                                                                                                  ; gridLight                         ; work         ;
;          |countDown:onGreen|                                  ; 17 (17)             ; 8 (8)                     ; 0                 ; 0          ; 0    ; 0            ; |DE1_SoC|controller:controlSystem|gridLight:ledArray[4].ledArray2[9].LED|countDown:onGreen                                                                                                                                ; countDown                         ; work         ;
;       |gridLight:ledArray[5].ledArray2[0].LED|                ; 26 (9)              ; 11 (3)                    ; 0                 ; 0          ; 0    ; 0            ; |DE1_SoC|controller:controlSystem|gridLight:ledArray[5].ledArray2[0].LED                                                                                                                                                  ; gridLight                         ; work         ;
;          |countDown:onGreen|                                  ; 17 (17)             ; 8 (8)                     ; 0                 ; 0          ; 0    ; 0            ; |DE1_SoC|controller:controlSystem|gridLight:ledArray[5].ledArray2[0].LED|countDown:onGreen                                                                                                                                ; countDown                         ; work         ;
;       |gridLight:ledArray[5].ledArray2[10].LED|               ; 26 (9)              ; 11 (3)                    ; 0                 ; 0          ; 0    ; 0            ; |DE1_SoC|controller:controlSystem|gridLight:ledArray[5].ledArray2[10].LED                                                                                                                                                 ; gridLight                         ; work         ;
;          |countDown:onGreen|                                  ; 17 (17)             ; 8 (8)                     ; 0                 ; 0          ; 0    ; 0            ; |DE1_SoC|controller:controlSystem|gridLight:ledArray[5].ledArray2[10].LED|countDown:onGreen                                                                                                                               ; countDown                         ; work         ;
;       |gridLight:ledArray[5].ledArray2[11].LED|               ; 26 (9)              ; 11 (3)                    ; 0                 ; 0          ; 0    ; 0            ; |DE1_SoC|controller:controlSystem|gridLight:ledArray[5].ledArray2[11].LED                                                                                                                                                 ; gridLight                         ; work         ;
;          |countDown:onGreen|                                  ; 17 (17)             ; 8 (8)                     ; 0                 ; 0          ; 0    ; 0            ; |DE1_SoC|controller:controlSystem|gridLight:ledArray[5].ledArray2[11].LED|countDown:onGreen                                                                                                                               ; countDown                         ; work         ;
;       |gridLight:ledArray[5].ledArray2[12].LED|               ; 26 (9)              ; 11 (3)                    ; 0                 ; 0          ; 0    ; 0            ; |DE1_SoC|controller:controlSystem|gridLight:ledArray[5].ledArray2[12].LED                                                                                                                                                 ; gridLight                         ; work         ;
;          |countDown:onGreen|                                  ; 17 (17)             ; 8 (8)                     ; 0                 ; 0          ; 0    ; 0            ; |DE1_SoC|controller:controlSystem|gridLight:ledArray[5].ledArray2[12].LED|countDown:onGreen                                                                                                                               ; countDown                         ; work         ;
;       |gridLight:ledArray[5].ledArray2[13].LED|               ; 26 (9)              ; 11 (3)                    ; 0                 ; 0          ; 0    ; 0            ; |DE1_SoC|controller:controlSystem|gridLight:ledArray[5].ledArray2[13].LED                                                                                                                                                 ; gridLight                         ; work         ;
;          |countDown:onGreen|                                  ; 17 (17)             ; 8 (8)                     ; 0                 ; 0          ; 0    ; 0            ; |DE1_SoC|controller:controlSystem|gridLight:ledArray[5].ledArray2[13].LED|countDown:onGreen                                                                                                                               ; countDown                         ; work         ;
;       |gridLight:ledArray[5].ledArray2[14].LED|               ; 26 (9)              ; 11 (3)                    ; 0                 ; 0          ; 0    ; 0            ; |DE1_SoC|controller:controlSystem|gridLight:ledArray[5].ledArray2[14].LED                                                                                                                                                 ; gridLight                         ; work         ;
;          |countDown:onGreen|                                  ; 17 (17)             ; 8 (8)                     ; 0                 ; 0          ; 0    ; 0            ; |DE1_SoC|controller:controlSystem|gridLight:ledArray[5].ledArray2[14].LED|countDown:onGreen                                                                                                                               ; countDown                         ; work         ;
;       |gridLight:ledArray[5].ledArray2[15].LED|               ; 26 (9)              ; 11 (3)                    ; 0                 ; 0          ; 0    ; 0            ; |DE1_SoC|controller:controlSystem|gridLight:ledArray[5].ledArray2[15].LED                                                                                                                                                 ; gridLight                         ; work         ;
;          |countDown:onGreen|                                  ; 17 (17)             ; 8 (8)                     ; 0                 ; 0          ; 0    ; 0            ; |DE1_SoC|controller:controlSystem|gridLight:ledArray[5].ledArray2[15].LED|countDown:onGreen                                                                                                                               ; countDown                         ; work         ;
;       |gridLight:ledArray[5].ledArray2[1].LED|                ; 26 (9)              ; 11 (3)                    ; 0                 ; 0          ; 0    ; 0            ; |DE1_SoC|controller:controlSystem|gridLight:ledArray[5].ledArray2[1].LED                                                                                                                                                  ; gridLight                         ; work         ;
;          |countDown:onGreen|                                  ; 17 (17)             ; 8 (8)                     ; 0                 ; 0          ; 0    ; 0            ; |DE1_SoC|controller:controlSystem|gridLight:ledArray[5].ledArray2[1].LED|countDown:onGreen                                                                                                                                ; countDown                         ; work         ;
;       |gridLight:ledArray[5].ledArray2[2].LED|                ; 26 (9)              ; 11 (3)                    ; 0                 ; 0          ; 0    ; 0            ; |DE1_SoC|controller:controlSystem|gridLight:ledArray[5].ledArray2[2].LED                                                                                                                                                  ; gridLight                         ; work         ;
;          |countDown:onGreen|                                  ; 17 (17)             ; 8 (8)                     ; 0                 ; 0          ; 0    ; 0            ; |DE1_SoC|controller:controlSystem|gridLight:ledArray[5].ledArray2[2].LED|countDown:onGreen                                                                                                                                ; countDown                         ; work         ;
;       |gridLight:ledArray[5].ledArray2[3].LED|                ; 26 (9)              ; 11 (3)                    ; 0                 ; 0          ; 0    ; 0            ; |DE1_SoC|controller:controlSystem|gridLight:ledArray[5].ledArray2[3].LED                                                                                                                                                  ; gridLight                         ; work         ;
;          |countDown:onGreen|                                  ; 17 (17)             ; 8 (8)                     ; 0                 ; 0          ; 0    ; 0            ; |DE1_SoC|controller:controlSystem|gridLight:ledArray[5].ledArray2[3].LED|countDown:onGreen                                                                                                                                ; countDown                         ; work         ;
;       |gridLight:ledArray[5].ledArray2[4].LED|                ; 26 (9)              ; 11 (3)                    ; 0                 ; 0          ; 0    ; 0            ; |DE1_SoC|controller:controlSystem|gridLight:ledArray[5].ledArray2[4].LED                                                                                                                                                  ; gridLight                         ; work         ;
;          |countDown:onGreen|                                  ; 17 (17)             ; 8 (8)                     ; 0                 ; 0          ; 0    ; 0            ; |DE1_SoC|controller:controlSystem|gridLight:ledArray[5].ledArray2[4].LED|countDown:onGreen                                                                                                                                ; countDown                         ; work         ;
;       |gridLight:ledArray[5].ledArray2[5].LED|                ; 26 (9)              ; 11 (3)                    ; 0                 ; 0          ; 0    ; 0            ; |DE1_SoC|controller:controlSystem|gridLight:ledArray[5].ledArray2[5].LED                                                                                                                                                  ; gridLight                         ; work         ;
;          |countDown:onGreen|                                  ; 17 (17)             ; 8 (8)                     ; 0                 ; 0          ; 0    ; 0            ; |DE1_SoC|controller:controlSystem|gridLight:ledArray[5].ledArray2[5].LED|countDown:onGreen                                                                                                                                ; countDown                         ; work         ;
;       |gridLight:ledArray[5].ledArray2[6].LED|                ; 26 (9)              ; 11 (3)                    ; 0                 ; 0          ; 0    ; 0            ; |DE1_SoC|controller:controlSystem|gridLight:ledArray[5].ledArray2[6].LED                                                                                                                                                  ; gridLight                         ; work         ;
;          |countDown:onGreen|                                  ; 17 (17)             ; 8 (8)                     ; 0                 ; 0          ; 0    ; 0            ; |DE1_SoC|controller:controlSystem|gridLight:ledArray[5].ledArray2[6].LED|countDown:onGreen                                                                                                                                ; countDown                         ; work         ;
;       |gridLight:ledArray[5].ledArray2[7].LED|                ; 26 (9)              ; 11 (3)                    ; 0                 ; 0          ; 0    ; 0            ; |DE1_SoC|controller:controlSystem|gridLight:ledArray[5].ledArray2[7].LED                                                                                                                                                  ; gridLight                         ; work         ;
;          |countDown:onGreen|                                  ; 17 (17)             ; 8 (8)                     ; 0                 ; 0          ; 0    ; 0            ; |DE1_SoC|controller:controlSystem|gridLight:ledArray[5].ledArray2[7].LED|countDown:onGreen                                                                                                                                ; countDown                         ; work         ;
;       |gridLight:ledArray[5].ledArray2[8].LED|                ; 26 (9)              ; 11 (3)                    ; 0                 ; 0          ; 0    ; 0            ; |DE1_SoC|controller:controlSystem|gridLight:ledArray[5].ledArray2[8].LED                                                                                                                                                  ; gridLight                         ; work         ;
;          |countDown:onGreen|                                  ; 17 (17)             ; 8 (8)                     ; 0                 ; 0          ; 0    ; 0            ; |DE1_SoC|controller:controlSystem|gridLight:ledArray[5].ledArray2[8].LED|countDown:onGreen                                                                                                                                ; countDown                         ; work         ;
;       |gridLight:ledArray[5].ledArray2[9].LED|                ; 26 (9)              ; 11 (3)                    ; 0                 ; 0          ; 0    ; 0            ; |DE1_SoC|controller:controlSystem|gridLight:ledArray[5].ledArray2[9].LED                                                                                                                                                  ; gridLight                         ; work         ;
;          |countDown:onGreen|                                  ; 17 (17)             ; 8 (8)                     ; 0                 ; 0          ; 0    ; 0            ; |DE1_SoC|controller:controlSystem|gridLight:ledArray[5].ledArray2[9].LED|countDown:onGreen                                                                                                                                ; countDown                         ; work         ;
;       |gridLight:ledArray[6].ledArray2[0].LED|                ; 26 (9)              ; 11 (3)                    ; 0                 ; 0          ; 0    ; 0            ; |DE1_SoC|controller:controlSystem|gridLight:ledArray[6].ledArray2[0].LED                                                                                                                                                  ; gridLight                         ; work         ;
;          |countDown:onGreen|                                  ; 17 (17)             ; 8 (8)                     ; 0                 ; 0          ; 0    ; 0            ; |DE1_SoC|controller:controlSystem|gridLight:ledArray[6].ledArray2[0].LED|countDown:onGreen                                                                                                                                ; countDown                         ; work         ;
;       |gridLight:ledArray[6].ledArray2[10].LED|               ; 26 (9)              ; 11 (3)                    ; 0                 ; 0          ; 0    ; 0            ; |DE1_SoC|controller:controlSystem|gridLight:ledArray[6].ledArray2[10].LED                                                                                                                                                 ; gridLight                         ; work         ;
;          |countDown:onGreen|                                  ; 17 (17)             ; 8 (8)                     ; 0                 ; 0          ; 0    ; 0            ; |DE1_SoC|controller:controlSystem|gridLight:ledArray[6].ledArray2[10].LED|countDown:onGreen                                                                                                                               ; countDown                         ; work         ;
;       |gridLight:ledArray[6].ledArray2[11].LED|               ; 26 (9)              ; 11 (3)                    ; 0                 ; 0          ; 0    ; 0            ; |DE1_SoC|controller:controlSystem|gridLight:ledArray[6].ledArray2[11].LED                                                                                                                                                 ; gridLight                         ; work         ;
;          |countDown:onGreen|                                  ; 17 (17)             ; 8 (8)                     ; 0                 ; 0          ; 0    ; 0            ; |DE1_SoC|controller:controlSystem|gridLight:ledArray[6].ledArray2[11].LED|countDown:onGreen                                                                                                                               ; countDown                         ; work         ;
;       |gridLight:ledArray[6].ledArray2[12].LED|               ; 26 (9)              ; 11 (3)                    ; 0                 ; 0          ; 0    ; 0            ; |DE1_SoC|controller:controlSystem|gridLight:ledArray[6].ledArray2[12].LED                                                                                                                                                 ; gridLight                         ; work         ;
;          |countDown:onGreen|                                  ; 17 (17)             ; 8 (8)                     ; 0                 ; 0          ; 0    ; 0            ; |DE1_SoC|controller:controlSystem|gridLight:ledArray[6].ledArray2[12].LED|countDown:onGreen                                                                                                                               ; countDown                         ; work         ;
;       |gridLight:ledArray[6].ledArray2[13].LED|               ; 26 (9)              ; 11 (3)                    ; 0                 ; 0          ; 0    ; 0            ; |DE1_SoC|controller:controlSystem|gridLight:ledArray[6].ledArray2[13].LED                                                                                                                                                 ; gridLight                         ; work         ;
;          |countDown:onGreen|                                  ; 17 (17)             ; 8 (8)                     ; 0                 ; 0          ; 0    ; 0            ; |DE1_SoC|controller:controlSystem|gridLight:ledArray[6].ledArray2[13].LED|countDown:onGreen                                                                                                                               ; countDown                         ; work         ;
;       |gridLight:ledArray[6].ledArray2[14].LED|               ; 26 (9)              ; 11 (3)                    ; 0                 ; 0          ; 0    ; 0            ; |DE1_SoC|controller:controlSystem|gridLight:ledArray[6].ledArray2[14].LED                                                                                                                                                 ; gridLight                         ; work         ;
;          |countDown:onGreen|                                  ; 17 (17)             ; 8 (8)                     ; 0                 ; 0          ; 0    ; 0            ; |DE1_SoC|controller:controlSystem|gridLight:ledArray[6].ledArray2[14].LED|countDown:onGreen                                                                                                                               ; countDown                         ; work         ;
;       |gridLight:ledArray[6].ledArray2[15].LED|               ; 26 (9)              ; 11 (3)                    ; 0                 ; 0          ; 0    ; 0            ; |DE1_SoC|controller:controlSystem|gridLight:ledArray[6].ledArray2[15].LED                                                                                                                                                 ; gridLight                         ; work         ;
;          |countDown:onGreen|                                  ; 17 (17)             ; 8 (8)                     ; 0                 ; 0          ; 0    ; 0            ; |DE1_SoC|controller:controlSystem|gridLight:ledArray[6].ledArray2[15].LED|countDown:onGreen                                                                                                                               ; countDown                         ; work         ;
;       |gridLight:ledArray[6].ledArray2[1].LED|                ; 26 (9)              ; 11 (3)                    ; 0                 ; 0          ; 0    ; 0            ; |DE1_SoC|controller:controlSystem|gridLight:ledArray[6].ledArray2[1].LED                                                                                                                                                  ; gridLight                         ; work         ;
;          |countDown:onGreen|                                  ; 17 (17)             ; 8 (8)                     ; 0                 ; 0          ; 0    ; 0            ; |DE1_SoC|controller:controlSystem|gridLight:ledArray[6].ledArray2[1].LED|countDown:onGreen                                                                                                                                ; countDown                         ; work         ;
;       |gridLight:ledArray[6].ledArray2[2].LED|                ; 26 (9)              ; 11 (3)                    ; 0                 ; 0          ; 0    ; 0            ; |DE1_SoC|controller:controlSystem|gridLight:ledArray[6].ledArray2[2].LED                                                                                                                                                  ; gridLight                         ; work         ;
;          |countDown:onGreen|                                  ; 17 (17)             ; 8 (8)                     ; 0                 ; 0          ; 0    ; 0            ; |DE1_SoC|controller:controlSystem|gridLight:ledArray[6].ledArray2[2].LED|countDown:onGreen                                                                                                                                ; countDown                         ; work         ;
;       |gridLight:ledArray[6].ledArray2[3].LED|                ; 26 (9)              ; 11 (3)                    ; 0                 ; 0          ; 0    ; 0            ; |DE1_SoC|controller:controlSystem|gridLight:ledArray[6].ledArray2[3].LED                                                                                                                                                  ; gridLight                         ; work         ;
;          |countDown:onGreen|                                  ; 17 (17)             ; 8 (8)                     ; 0                 ; 0          ; 0    ; 0            ; |DE1_SoC|controller:controlSystem|gridLight:ledArray[6].ledArray2[3].LED|countDown:onGreen                                                                                                                                ; countDown                         ; work         ;
;       |gridLight:ledArray[6].ledArray2[4].LED|                ; 26 (9)              ; 11 (3)                    ; 0                 ; 0          ; 0    ; 0            ; |DE1_SoC|controller:controlSystem|gridLight:ledArray[6].ledArray2[4].LED                                                                                                                                                  ; gridLight                         ; work         ;
;          |countDown:onGreen|                                  ; 17 (17)             ; 8 (8)                     ; 0                 ; 0          ; 0    ; 0            ; |DE1_SoC|controller:controlSystem|gridLight:ledArray[6].ledArray2[4].LED|countDown:onGreen                                                                                                                                ; countDown                         ; work         ;
;       |gridLight:ledArray[6].ledArray2[5].LED|                ; 26 (9)              ; 11 (3)                    ; 0                 ; 0          ; 0    ; 0            ; |DE1_SoC|controller:controlSystem|gridLight:ledArray[6].ledArray2[5].LED                                                                                                                                                  ; gridLight                         ; work         ;
;          |countDown:onGreen|                                  ; 17 (17)             ; 8 (8)                     ; 0                 ; 0          ; 0    ; 0            ; |DE1_SoC|controller:controlSystem|gridLight:ledArray[6].ledArray2[5].LED|countDown:onGreen                                                                                                                                ; countDown                         ; work         ;
;       |gridLight:ledArray[6].ledArray2[6].LED|                ; 26 (9)              ; 11 (3)                    ; 0                 ; 0          ; 0    ; 0            ; |DE1_SoC|controller:controlSystem|gridLight:ledArray[6].ledArray2[6].LED                                                                                                                                                  ; gridLight                         ; work         ;
;          |countDown:onGreen|                                  ; 17 (17)             ; 8 (8)                     ; 0                 ; 0          ; 0    ; 0            ; |DE1_SoC|controller:controlSystem|gridLight:ledArray[6].ledArray2[6].LED|countDown:onGreen                                                                                                                                ; countDown                         ; work         ;
;       |gridLight:ledArray[6].ledArray2[7].LED|                ; 26 (9)              ; 11 (3)                    ; 0                 ; 0          ; 0    ; 0            ; |DE1_SoC|controller:controlSystem|gridLight:ledArray[6].ledArray2[7].LED                                                                                                                                                  ; gridLight                         ; work         ;
;          |countDown:onGreen|                                  ; 17 (17)             ; 8 (8)                     ; 0                 ; 0          ; 0    ; 0            ; |DE1_SoC|controller:controlSystem|gridLight:ledArray[6].ledArray2[7].LED|countDown:onGreen                                                                                                                                ; countDown                         ; work         ;
;       |gridLight:ledArray[6].ledArray2[8].LED|                ; 26 (9)              ; 11 (3)                    ; 0                 ; 0          ; 0    ; 0            ; |DE1_SoC|controller:controlSystem|gridLight:ledArray[6].ledArray2[8].LED                                                                                                                                                  ; gridLight                         ; work         ;
;          |countDown:onGreen|                                  ; 17 (17)             ; 8 (8)                     ; 0                 ; 0          ; 0    ; 0            ; |DE1_SoC|controller:controlSystem|gridLight:ledArray[6].ledArray2[8].LED|countDown:onGreen                                                                                                                                ; countDown                         ; work         ;
;       |gridLight:ledArray[6].ledArray2[9].LED|                ; 26 (9)              ; 11 (3)                    ; 0                 ; 0          ; 0    ; 0            ; |DE1_SoC|controller:controlSystem|gridLight:ledArray[6].ledArray2[9].LED                                                                                                                                                  ; gridLight                         ; work         ;
;          |countDown:onGreen|                                  ; 17 (17)             ; 8 (8)                     ; 0                 ; 0          ; 0    ; 0            ; |DE1_SoC|controller:controlSystem|gridLight:ledArray[6].ledArray2[9].LED|countDown:onGreen                                                                                                                                ; countDown                         ; work         ;
;       |gridLight:ledArray[7].ledArray2[0].LED|                ; 26 (9)              ; 11 (3)                    ; 0                 ; 0          ; 0    ; 0            ; |DE1_SoC|controller:controlSystem|gridLight:ledArray[7].ledArray2[0].LED                                                                                                                                                  ; gridLight                         ; work         ;
;          |countDown:onGreen|                                  ; 17 (17)             ; 8 (8)                     ; 0                 ; 0          ; 0    ; 0            ; |DE1_SoC|controller:controlSystem|gridLight:ledArray[7].ledArray2[0].LED|countDown:onGreen                                                                                                                                ; countDown                         ; work         ;
;       |gridLight:ledArray[7].ledArray2[10].LED|               ; 26 (9)              ; 11 (3)                    ; 0                 ; 0          ; 0    ; 0            ; |DE1_SoC|controller:controlSystem|gridLight:ledArray[7].ledArray2[10].LED                                                                                                                                                 ; gridLight                         ; work         ;
;          |countDown:onGreen|                                  ; 17 (17)             ; 8 (8)                     ; 0                 ; 0          ; 0    ; 0            ; |DE1_SoC|controller:controlSystem|gridLight:ledArray[7].ledArray2[10].LED|countDown:onGreen                                                                                                                               ; countDown                         ; work         ;
;       |gridLight:ledArray[7].ledArray2[11].LED|               ; 26 (9)              ; 11 (3)                    ; 0                 ; 0          ; 0    ; 0            ; |DE1_SoC|controller:controlSystem|gridLight:ledArray[7].ledArray2[11].LED                                                                                                                                                 ; gridLight                         ; work         ;
;          |countDown:onGreen|                                  ; 17 (17)             ; 8 (8)                     ; 0                 ; 0          ; 0    ; 0            ; |DE1_SoC|controller:controlSystem|gridLight:ledArray[7].ledArray2[11].LED|countDown:onGreen                                                                                                                               ; countDown                         ; work         ;
;       |gridLight:ledArray[7].ledArray2[12].LED|               ; 26 (9)              ; 11 (3)                    ; 0                 ; 0          ; 0    ; 0            ; |DE1_SoC|controller:controlSystem|gridLight:ledArray[7].ledArray2[12].LED                                                                                                                                                 ; gridLight                         ; work         ;
;          |countDown:onGreen|                                  ; 17 (17)             ; 8 (8)                     ; 0                 ; 0          ; 0    ; 0            ; |DE1_SoC|controller:controlSystem|gridLight:ledArray[7].ledArray2[12].LED|countDown:onGreen                                                                                                                               ; countDown                         ; work         ;
;       |gridLight:ledArray[7].ledArray2[13].LED|               ; 26 (9)              ; 11 (3)                    ; 0                 ; 0          ; 0    ; 0            ; |DE1_SoC|controller:controlSystem|gridLight:ledArray[7].ledArray2[13].LED                                                                                                                                                 ; gridLight                         ; work         ;
;          |countDown:onGreen|                                  ; 17 (17)             ; 8 (8)                     ; 0                 ; 0          ; 0    ; 0            ; |DE1_SoC|controller:controlSystem|gridLight:ledArray[7].ledArray2[13].LED|countDown:onGreen                                                                                                                               ; countDown                         ; work         ;
;       |gridLight:ledArray[7].ledArray2[14].LED|               ; 26 (9)              ; 11 (3)                    ; 0                 ; 0          ; 0    ; 0            ; |DE1_SoC|controller:controlSystem|gridLight:ledArray[7].ledArray2[14].LED                                                                                                                                                 ; gridLight                         ; work         ;
;          |countDown:onGreen|                                  ; 17 (17)             ; 8 (8)                     ; 0                 ; 0          ; 0    ; 0            ; |DE1_SoC|controller:controlSystem|gridLight:ledArray[7].ledArray2[14].LED|countDown:onGreen                                                                                                                               ; countDown                         ; work         ;
;       |gridLight:ledArray[7].ledArray2[15].LED|               ; 26 (9)              ; 11 (3)                    ; 0                 ; 0          ; 0    ; 0            ; |DE1_SoC|controller:controlSystem|gridLight:ledArray[7].ledArray2[15].LED                                                                                                                                                 ; gridLight                         ; work         ;
;          |countDown:onGreen|                                  ; 17 (17)             ; 8 (8)                     ; 0                 ; 0          ; 0    ; 0            ; |DE1_SoC|controller:controlSystem|gridLight:ledArray[7].ledArray2[15].LED|countDown:onGreen                                                                                                                               ; countDown                         ; work         ;
;       |gridLight:ledArray[7].ledArray2[1].LED|                ; 26 (9)              ; 11 (3)                    ; 0                 ; 0          ; 0    ; 0            ; |DE1_SoC|controller:controlSystem|gridLight:ledArray[7].ledArray2[1].LED                                                                                                                                                  ; gridLight                         ; work         ;
;          |countDown:onGreen|                                  ; 17 (17)             ; 8 (8)                     ; 0                 ; 0          ; 0    ; 0            ; |DE1_SoC|controller:controlSystem|gridLight:ledArray[7].ledArray2[1].LED|countDown:onGreen                                                                                                                                ; countDown                         ; work         ;
;       |gridLight:ledArray[7].ledArray2[2].LED|                ; 26 (9)              ; 11 (3)                    ; 0                 ; 0          ; 0    ; 0            ; |DE1_SoC|controller:controlSystem|gridLight:ledArray[7].ledArray2[2].LED                                                                                                                                                  ; gridLight                         ; work         ;
;          |countDown:onGreen|                                  ; 17 (17)             ; 8 (8)                     ; 0                 ; 0          ; 0    ; 0            ; |DE1_SoC|controller:controlSystem|gridLight:ledArray[7].ledArray2[2].LED|countDown:onGreen                                                                                                                                ; countDown                         ; work         ;
;       |gridLight:ledArray[7].ledArray2[3].LED|                ; 26 (9)              ; 11 (3)                    ; 0                 ; 0          ; 0    ; 0            ; |DE1_SoC|controller:controlSystem|gridLight:ledArray[7].ledArray2[3].LED                                                                                                                                                  ; gridLight                         ; work         ;
;          |countDown:onGreen|                                  ; 17 (17)             ; 8 (8)                     ; 0                 ; 0          ; 0    ; 0            ; |DE1_SoC|controller:controlSystem|gridLight:ledArray[7].ledArray2[3].LED|countDown:onGreen                                                                                                                                ; countDown                         ; work         ;
;       |gridLight:ledArray[7].ledArray2[4].LED|                ; 26 (9)              ; 11 (3)                    ; 0                 ; 0          ; 0    ; 0            ; |DE1_SoC|controller:controlSystem|gridLight:ledArray[7].ledArray2[4].LED                                                                                                                                                  ; gridLight                         ; work         ;
;          |countDown:onGreen|                                  ; 17 (17)             ; 8 (8)                     ; 0                 ; 0          ; 0    ; 0            ; |DE1_SoC|controller:controlSystem|gridLight:ledArray[7].ledArray2[4].LED|countDown:onGreen                                                                                                                                ; countDown                         ; work         ;
;       |gridLight:ledArray[7].ledArray2[5].LED|                ; 26 (9)              ; 11 (3)                    ; 0                 ; 0          ; 0    ; 0            ; |DE1_SoC|controller:controlSystem|gridLight:ledArray[7].ledArray2[5].LED                                                                                                                                                  ; gridLight                         ; work         ;
;          |countDown:onGreen|                                  ; 17 (17)             ; 8 (8)                     ; 0                 ; 0          ; 0    ; 0            ; |DE1_SoC|controller:controlSystem|gridLight:ledArray[7].ledArray2[5].LED|countDown:onGreen                                                                                                                                ; countDown                         ; work         ;
;       |gridLight:ledArray[7].ledArray2[6].LED|                ; 26 (9)              ; 11 (3)                    ; 0                 ; 0          ; 0    ; 0            ; |DE1_SoC|controller:controlSystem|gridLight:ledArray[7].ledArray2[6].LED                                                                                                                                                  ; gridLight                         ; work         ;
;          |countDown:onGreen|                                  ; 17 (17)             ; 8 (8)                     ; 0                 ; 0          ; 0    ; 0            ; |DE1_SoC|controller:controlSystem|gridLight:ledArray[7].ledArray2[6].LED|countDown:onGreen                                                                                                                                ; countDown                         ; work         ;
;       |gridLight:ledArray[7].ledArray2[7].LED|                ; 26 (9)              ; 11 (3)                    ; 0                 ; 0          ; 0    ; 0            ; |DE1_SoC|controller:controlSystem|gridLight:ledArray[7].ledArray2[7].LED                                                                                                                                                  ; gridLight                         ; work         ;
;          |countDown:onGreen|                                  ; 17 (17)             ; 8 (8)                     ; 0                 ; 0          ; 0    ; 0            ; |DE1_SoC|controller:controlSystem|gridLight:ledArray[7].ledArray2[7].LED|countDown:onGreen                                                                                                                                ; countDown                         ; work         ;
;       |gridLight:ledArray[7].ledArray2[8].LED|                ; 26 (9)              ; 11 (3)                    ; 0                 ; 0          ; 0    ; 0            ; |DE1_SoC|controller:controlSystem|gridLight:ledArray[7].ledArray2[8].LED                                                                                                                                                  ; gridLight                         ; work         ;
;          |countDown:onGreen|                                  ; 17 (17)             ; 8 (8)                     ; 0                 ; 0          ; 0    ; 0            ; |DE1_SoC|controller:controlSystem|gridLight:ledArray[7].ledArray2[8].LED|countDown:onGreen                                                                                                                                ; countDown                         ; work         ;
;       |gridLight:ledArray[7].ledArray2[9].LED|                ; 26 (9)              ; 11 (3)                    ; 0                 ; 0          ; 0    ; 0            ; |DE1_SoC|controller:controlSystem|gridLight:ledArray[7].ledArray2[9].LED                                                                                                                                                  ; gridLight                         ; work         ;
;          |countDown:onGreen|                                  ; 17 (17)             ; 8 (8)                     ; 0                 ; 0          ; 0    ; 0            ; |DE1_SoC|controller:controlSystem|gridLight:ledArray[7].ledArray2[9].LED|countDown:onGreen                                                                                                                                ; countDown                         ; work         ;
;       |gridLight:ledArray[8].ledArray2[0].LED|                ; 26 (9)              ; 11 (3)                    ; 0                 ; 0          ; 0    ; 0            ; |DE1_SoC|controller:controlSystem|gridLight:ledArray[8].ledArray2[0].LED                                                                                                                                                  ; gridLight                         ; work         ;
;          |countDown:onGreen|                                  ; 17 (17)             ; 8 (8)                     ; 0                 ; 0          ; 0    ; 0            ; |DE1_SoC|controller:controlSystem|gridLight:ledArray[8].ledArray2[0].LED|countDown:onGreen                                                                                                                                ; countDown                         ; work         ;
;       |gridLight:ledArray[8].ledArray2[10].LED|               ; 26 (9)              ; 11 (3)                    ; 0                 ; 0          ; 0    ; 0            ; |DE1_SoC|controller:controlSystem|gridLight:ledArray[8].ledArray2[10].LED                                                                                                                                                 ; gridLight                         ; work         ;
;          |countDown:onGreen|                                  ; 17 (17)             ; 8 (8)                     ; 0                 ; 0          ; 0    ; 0            ; |DE1_SoC|controller:controlSystem|gridLight:ledArray[8].ledArray2[10].LED|countDown:onGreen                                                                                                                               ; countDown                         ; work         ;
;       |gridLight:ledArray[8].ledArray2[11].LED|               ; 26 (9)              ; 11 (3)                    ; 0                 ; 0          ; 0    ; 0            ; |DE1_SoC|controller:controlSystem|gridLight:ledArray[8].ledArray2[11].LED                                                                                                                                                 ; gridLight                         ; work         ;
;          |countDown:onGreen|                                  ; 17 (17)             ; 8 (8)                     ; 0                 ; 0          ; 0    ; 0            ; |DE1_SoC|controller:controlSystem|gridLight:ledArray[8].ledArray2[11].LED|countDown:onGreen                                                                                                                               ; countDown                         ; work         ;
;       |gridLight:ledArray[8].ledArray2[12].LED|               ; 26 (9)              ; 11 (3)                    ; 0                 ; 0          ; 0    ; 0            ; |DE1_SoC|controller:controlSystem|gridLight:ledArray[8].ledArray2[12].LED                                                                                                                                                 ; gridLight                         ; work         ;
;          |countDown:onGreen|                                  ; 17 (17)             ; 8 (8)                     ; 0                 ; 0          ; 0    ; 0            ; |DE1_SoC|controller:controlSystem|gridLight:ledArray[8].ledArray2[12].LED|countDown:onGreen                                                                                                                               ; countDown                         ; work         ;
;       |gridLight:ledArray[8].ledArray2[13].LED|               ; 26 (9)              ; 11 (3)                    ; 0                 ; 0          ; 0    ; 0            ; |DE1_SoC|controller:controlSystem|gridLight:ledArray[8].ledArray2[13].LED                                                                                                                                                 ; gridLight                         ; work         ;
;          |countDown:onGreen|                                  ; 17 (17)             ; 8 (8)                     ; 0                 ; 0          ; 0    ; 0            ; |DE1_SoC|controller:controlSystem|gridLight:ledArray[8].ledArray2[13].LED|countDown:onGreen                                                                                                                               ; countDown                         ; work         ;
;       |gridLight:ledArray[8].ledArray2[14].LED|               ; 26 (9)              ; 11 (3)                    ; 0                 ; 0          ; 0    ; 0            ; |DE1_SoC|controller:controlSystem|gridLight:ledArray[8].ledArray2[14].LED                                                                                                                                                 ; gridLight                         ; work         ;
;          |countDown:onGreen|                                  ; 17 (17)             ; 8 (8)                     ; 0                 ; 0          ; 0    ; 0            ; |DE1_SoC|controller:controlSystem|gridLight:ledArray[8].ledArray2[14].LED|countDown:onGreen                                                                                                                               ; countDown                         ; work         ;
;       |gridLight:ledArray[8].ledArray2[15].LED|               ; 26 (9)              ; 11 (3)                    ; 0                 ; 0          ; 0    ; 0            ; |DE1_SoC|controller:controlSystem|gridLight:ledArray[8].ledArray2[15].LED                                                                                                                                                 ; gridLight                         ; work         ;
;          |countDown:onGreen|                                  ; 17 (17)             ; 8 (8)                     ; 0                 ; 0          ; 0    ; 0            ; |DE1_SoC|controller:controlSystem|gridLight:ledArray[8].ledArray2[15].LED|countDown:onGreen                                                                                                                               ; countDown                         ; work         ;
;       |gridLight:ledArray[8].ledArray2[1].LED|                ; 26 (9)              ; 11 (3)                    ; 0                 ; 0          ; 0    ; 0            ; |DE1_SoC|controller:controlSystem|gridLight:ledArray[8].ledArray2[1].LED                                                                                                                                                  ; gridLight                         ; work         ;
;          |countDown:onGreen|                                  ; 17 (17)             ; 8 (8)                     ; 0                 ; 0          ; 0    ; 0            ; |DE1_SoC|controller:controlSystem|gridLight:ledArray[8].ledArray2[1].LED|countDown:onGreen                                                                                                                                ; countDown                         ; work         ;
;       |gridLight:ledArray[8].ledArray2[2].LED|                ; 26 (9)              ; 11 (3)                    ; 0                 ; 0          ; 0    ; 0            ; |DE1_SoC|controller:controlSystem|gridLight:ledArray[8].ledArray2[2].LED                                                                                                                                                  ; gridLight                         ; work         ;
;          |countDown:onGreen|                                  ; 17 (17)             ; 8 (8)                     ; 0                 ; 0          ; 0    ; 0            ; |DE1_SoC|controller:controlSystem|gridLight:ledArray[8].ledArray2[2].LED|countDown:onGreen                                                                                                                                ; countDown                         ; work         ;
;       |gridLight:ledArray[8].ledArray2[3].LED|                ; 26 (9)              ; 11 (3)                    ; 0                 ; 0          ; 0    ; 0            ; |DE1_SoC|controller:controlSystem|gridLight:ledArray[8].ledArray2[3].LED                                                                                                                                                  ; gridLight                         ; work         ;
;          |countDown:onGreen|                                  ; 17 (17)             ; 8 (8)                     ; 0                 ; 0          ; 0    ; 0            ; |DE1_SoC|controller:controlSystem|gridLight:ledArray[8].ledArray2[3].LED|countDown:onGreen                                                                                                                                ; countDown                         ; work         ;
;       |gridLight:ledArray[8].ledArray2[4].LED|                ; 26 (9)              ; 11 (3)                    ; 0                 ; 0          ; 0    ; 0            ; |DE1_SoC|controller:controlSystem|gridLight:ledArray[8].ledArray2[4].LED                                                                                                                                                  ; gridLight                         ; work         ;
;          |countDown:onGreen|                                  ; 17 (17)             ; 8 (8)                     ; 0                 ; 0          ; 0    ; 0            ; |DE1_SoC|controller:controlSystem|gridLight:ledArray[8].ledArray2[4].LED|countDown:onGreen                                                                                                                                ; countDown                         ; work         ;
;       |gridLight:ledArray[8].ledArray2[5].LED|                ; 26 (9)              ; 11 (3)                    ; 0                 ; 0          ; 0    ; 0            ; |DE1_SoC|controller:controlSystem|gridLight:ledArray[8].ledArray2[5].LED                                                                                                                                                  ; gridLight                         ; work         ;
;          |countDown:onGreen|                                  ; 17 (17)             ; 8 (8)                     ; 0                 ; 0          ; 0    ; 0            ; |DE1_SoC|controller:controlSystem|gridLight:ledArray[8].ledArray2[5].LED|countDown:onGreen                                                                                                                                ; countDown                         ; work         ;
;       |gridLight:ledArray[8].ledArray2[6].LED|                ; 26 (9)              ; 11 (3)                    ; 0                 ; 0          ; 0    ; 0            ; |DE1_SoC|controller:controlSystem|gridLight:ledArray[8].ledArray2[6].LED                                                                                                                                                  ; gridLight                         ; work         ;
;          |countDown:onGreen|                                  ; 17 (17)             ; 8 (8)                     ; 0                 ; 0          ; 0    ; 0            ; |DE1_SoC|controller:controlSystem|gridLight:ledArray[8].ledArray2[6].LED|countDown:onGreen                                                                                                                                ; countDown                         ; work         ;
;       |gridLight:ledArray[8].ledArray2[7].LED|                ; 26 (9)              ; 11 (3)                    ; 0                 ; 0          ; 0    ; 0            ; |DE1_SoC|controller:controlSystem|gridLight:ledArray[8].ledArray2[7].LED                                                                                                                                                  ; gridLight                         ; work         ;
;          |countDown:onGreen|                                  ; 17 (17)             ; 8 (8)                     ; 0                 ; 0          ; 0    ; 0            ; |DE1_SoC|controller:controlSystem|gridLight:ledArray[8].ledArray2[7].LED|countDown:onGreen                                                                                                                                ; countDown                         ; work         ;
;       |gridLight:ledArray[8].ledArray2[8].LED|                ; 26 (9)              ; 11 (3)                    ; 0                 ; 0          ; 0    ; 0            ; |DE1_SoC|controller:controlSystem|gridLight:ledArray[8].ledArray2[8].LED                                                                                                                                                  ; gridLight                         ; work         ;
;          |countDown:onGreen|                                  ; 17 (17)             ; 8 (8)                     ; 0                 ; 0          ; 0    ; 0            ; |DE1_SoC|controller:controlSystem|gridLight:ledArray[8].ledArray2[8].LED|countDown:onGreen                                                                                                                                ; countDown                         ; work         ;
;       |gridLight:ledArray[8].ledArray2[9].LED|                ; 26 (9)              ; 11 (3)                    ; 0                 ; 0          ; 0    ; 0            ; |DE1_SoC|controller:controlSystem|gridLight:ledArray[8].ledArray2[9].LED                                                                                                                                                  ; gridLight                         ; work         ;
;          |countDown:onGreen|                                  ; 17 (17)             ; 8 (8)                     ; 0                 ; 0          ; 0    ; 0            ; |DE1_SoC|controller:controlSystem|gridLight:ledArray[8].ledArray2[9].LED|countDown:onGreen                                                                                                                                ; countDown                         ; work         ;
;       |gridLight:ledArray[9].ledArray2[0].LED|                ; 26 (9)              ; 11 (3)                    ; 0                 ; 0          ; 0    ; 0            ; |DE1_SoC|controller:controlSystem|gridLight:ledArray[9].ledArray2[0].LED                                                                                                                                                  ; gridLight                         ; work         ;
;          |countDown:onGreen|                                  ; 17 (17)             ; 8 (8)                     ; 0                 ; 0          ; 0    ; 0            ; |DE1_SoC|controller:controlSystem|gridLight:ledArray[9].ledArray2[0].LED|countDown:onGreen                                                                                                                                ; countDown                         ; work         ;
;       |gridLight:ledArray[9].ledArray2[10].LED|               ; 26 (9)              ; 11 (3)                    ; 0                 ; 0          ; 0    ; 0            ; |DE1_SoC|controller:controlSystem|gridLight:ledArray[9].ledArray2[10].LED                                                                                                                                                 ; gridLight                         ; work         ;
;          |countDown:onGreen|                                  ; 17 (17)             ; 8 (8)                     ; 0                 ; 0          ; 0    ; 0            ; |DE1_SoC|controller:controlSystem|gridLight:ledArray[9].ledArray2[10].LED|countDown:onGreen                                                                                                                               ; countDown                         ; work         ;
;       |gridLight:ledArray[9].ledArray2[11].LED|               ; 26 (9)              ; 11 (3)                    ; 0                 ; 0          ; 0    ; 0            ; |DE1_SoC|controller:controlSystem|gridLight:ledArray[9].ledArray2[11].LED                                                                                                                                                 ; gridLight                         ; work         ;
;          |countDown:onGreen|                                  ; 17 (17)             ; 8 (8)                     ; 0                 ; 0          ; 0    ; 0            ; |DE1_SoC|controller:controlSystem|gridLight:ledArray[9].ledArray2[11].LED|countDown:onGreen                                                                                                                               ; countDown                         ; work         ;
;       |gridLight:ledArray[9].ledArray2[12].LED|               ; 26 (9)              ; 11 (3)                    ; 0                 ; 0          ; 0    ; 0            ; |DE1_SoC|controller:controlSystem|gridLight:ledArray[9].ledArray2[12].LED                                                                                                                                                 ; gridLight                         ; work         ;
;          |countDown:onGreen|                                  ; 17 (17)             ; 8 (8)                     ; 0                 ; 0          ; 0    ; 0            ; |DE1_SoC|controller:controlSystem|gridLight:ledArray[9].ledArray2[12].LED|countDown:onGreen                                                                                                                               ; countDown                         ; work         ;
;       |gridLight:ledArray[9].ledArray2[13].LED|               ; 26 (9)              ; 11 (3)                    ; 0                 ; 0          ; 0    ; 0            ; |DE1_SoC|controller:controlSystem|gridLight:ledArray[9].ledArray2[13].LED                                                                                                                                                 ; gridLight                         ; work         ;
;          |countDown:onGreen|                                  ; 17 (17)             ; 8 (8)                     ; 0                 ; 0          ; 0    ; 0            ; |DE1_SoC|controller:controlSystem|gridLight:ledArray[9].ledArray2[13].LED|countDown:onGreen                                                                                                                               ; countDown                         ; work         ;
;       |gridLight:ledArray[9].ledArray2[14].LED|               ; 26 (9)              ; 11 (3)                    ; 0                 ; 0          ; 0    ; 0            ; |DE1_SoC|controller:controlSystem|gridLight:ledArray[9].ledArray2[14].LED                                                                                                                                                 ; gridLight                         ; work         ;
;          |countDown:onGreen|                                  ; 17 (17)             ; 8 (8)                     ; 0                 ; 0          ; 0    ; 0            ; |DE1_SoC|controller:controlSystem|gridLight:ledArray[9].ledArray2[14].LED|countDown:onGreen                                                                                                                               ; countDown                         ; work         ;
;       |gridLight:ledArray[9].ledArray2[15].LED|               ; 26 (9)              ; 11 (3)                    ; 0                 ; 0          ; 0    ; 0            ; |DE1_SoC|controller:controlSystem|gridLight:ledArray[9].ledArray2[15].LED                                                                                                                                                 ; gridLight                         ; work         ;
;          |countDown:onGreen|                                  ; 17 (17)             ; 8 (8)                     ; 0                 ; 0          ; 0    ; 0            ; |DE1_SoC|controller:controlSystem|gridLight:ledArray[9].ledArray2[15].LED|countDown:onGreen                                                                                                                               ; countDown                         ; work         ;
;       |gridLight:ledArray[9].ledArray2[1].LED|                ; 26 (9)              ; 11 (3)                    ; 0                 ; 0          ; 0    ; 0            ; |DE1_SoC|controller:controlSystem|gridLight:ledArray[9].ledArray2[1].LED                                                                                                                                                  ; gridLight                         ; work         ;
;          |countDown:onGreen|                                  ; 17 (17)             ; 8 (8)                     ; 0                 ; 0          ; 0    ; 0            ; |DE1_SoC|controller:controlSystem|gridLight:ledArray[9].ledArray2[1].LED|countDown:onGreen                                                                                                                                ; countDown                         ; work         ;
;       |gridLight:ledArray[9].ledArray2[2].LED|                ; 26 (9)              ; 11 (3)                    ; 0                 ; 0          ; 0    ; 0            ; |DE1_SoC|controller:controlSystem|gridLight:ledArray[9].ledArray2[2].LED                                                                                                                                                  ; gridLight                         ; work         ;
;          |countDown:onGreen|                                  ; 17 (17)             ; 8 (8)                     ; 0                 ; 0          ; 0    ; 0            ; |DE1_SoC|controller:controlSystem|gridLight:ledArray[9].ledArray2[2].LED|countDown:onGreen                                                                                                                                ; countDown                         ; work         ;
;       |gridLight:ledArray[9].ledArray2[3].LED|                ; 26 (9)              ; 11 (3)                    ; 0                 ; 0          ; 0    ; 0            ; |DE1_SoC|controller:controlSystem|gridLight:ledArray[9].ledArray2[3].LED                                                                                                                                                  ; gridLight                         ; work         ;
;          |countDown:onGreen|                                  ; 17 (17)             ; 8 (8)                     ; 0                 ; 0          ; 0    ; 0            ; |DE1_SoC|controller:controlSystem|gridLight:ledArray[9].ledArray2[3].LED|countDown:onGreen                                                                                                                                ; countDown                         ; work         ;
;       |gridLight:ledArray[9].ledArray2[4].LED|                ; 26 (9)              ; 11 (3)                    ; 0                 ; 0          ; 0    ; 0            ; |DE1_SoC|controller:controlSystem|gridLight:ledArray[9].ledArray2[4].LED                                                                                                                                                  ; gridLight                         ; work         ;
;          |countDown:onGreen|                                  ; 17 (17)             ; 8 (8)                     ; 0                 ; 0          ; 0    ; 0            ; |DE1_SoC|controller:controlSystem|gridLight:ledArray[9].ledArray2[4].LED|countDown:onGreen                                                                                                                                ; countDown                         ; work         ;
;       |gridLight:ledArray[9].ledArray2[5].LED|                ; 26 (9)              ; 11 (3)                    ; 0                 ; 0          ; 0    ; 0            ; |DE1_SoC|controller:controlSystem|gridLight:ledArray[9].ledArray2[5].LED                                                                                                                                                  ; gridLight                         ; work         ;
;          |countDown:onGreen|                                  ; 17 (17)             ; 8 (8)                     ; 0                 ; 0          ; 0    ; 0            ; |DE1_SoC|controller:controlSystem|gridLight:ledArray[9].ledArray2[5].LED|countDown:onGreen                                                                                                                                ; countDown                         ; work         ;
;       |gridLight:ledArray[9].ledArray2[6].LED|                ; 26 (9)              ; 11 (3)                    ; 0                 ; 0          ; 0    ; 0            ; |DE1_SoC|controller:controlSystem|gridLight:ledArray[9].ledArray2[6].LED                                                                                                                                                  ; gridLight                         ; work         ;
;          |countDown:onGreen|                                  ; 17 (17)             ; 8 (8)                     ; 0                 ; 0          ; 0    ; 0            ; |DE1_SoC|controller:controlSystem|gridLight:ledArray[9].ledArray2[6].LED|countDown:onGreen                                                                                                                                ; countDown                         ; work         ;
;       |gridLight:ledArray[9].ledArray2[7].LED|                ; 26 (9)              ; 11 (3)                    ; 0                 ; 0          ; 0    ; 0            ; |DE1_SoC|controller:controlSystem|gridLight:ledArray[9].ledArray2[7].LED                                                                                                                                                  ; gridLight                         ; work         ;
;          |countDown:onGreen|                                  ; 17 (17)             ; 8 (8)                     ; 0                 ; 0          ; 0    ; 0            ; |DE1_SoC|controller:controlSystem|gridLight:ledArray[9].ledArray2[7].LED|countDown:onGreen                                                                                                                                ; countDown                         ; work         ;
;       |gridLight:ledArray[9].ledArray2[8].LED|                ; 26 (9)              ; 11 (3)                    ; 0                 ; 0          ; 0    ; 0            ; |DE1_SoC|controller:controlSystem|gridLight:ledArray[9].ledArray2[8].LED                                                                                                                                                  ; gridLight                         ; work         ;
;          |countDown:onGreen|                                  ; 17 (17)             ; 8 (8)                     ; 0                 ; 0          ; 0    ; 0            ; |DE1_SoC|controller:controlSystem|gridLight:ledArray[9].ledArray2[8].LED|countDown:onGreen                                                                                                                                ; countDown                         ; work         ;
;       |gridLight:ledArray[9].ledArray2[9].LED|                ; 26 (9)              ; 11 (3)                    ; 0                 ; 0          ; 0    ; 0            ; |DE1_SoC|controller:controlSystem|gridLight:ledArray[9].ledArray2[9].LED                                                                                                                                                  ; gridLight                         ; work         ;
;          |countDown:onGreen|                                  ; 17 (17)             ; 8 (8)                     ; 0                 ; 0          ; 0    ; 0            ; |DE1_SoC|controller:controlSystem|gridLight:ledArray[9].ledArray2[9].LED|countDown:onGreen                                                                                                                                ; countDown                         ; work         ;
;    |dFlipFlop:player|                                         ; 4 (4)               ; 8 (8)                     ; 0                 ; 0          ; 0    ; 0            ; |DE1_SoC|dFlipFlop:player                                                                                                                                                                                                 ; dFlipFlop                         ; work         ;
;    |hexControl:hexHundred|                                    ; 7 (7)               ; 0 (0)                     ; 0                 ; 0          ; 0    ; 0            ; |DE1_SoC|hexControl:hexHundred                                                                                                                                                                                            ; hexControl                        ; work         ;
;    |hexControl:hexOne|                                        ; 7 (7)               ; 0 (0)                     ; 0                 ; 0          ; 0    ; 0            ; |DE1_SoC|hexControl:hexOne                                                                                                                                                                                                ; hexControl                        ; work         ;
;    |hexControl:hexTen|                                        ; 7 (7)               ; 0 (0)                     ; 0                 ; 0          ; 0    ; 0            ; |DE1_SoC|hexControl:hexTen                                                                                                                                                                                                ; hexControl                        ; work         ;
;    |keyboardTranslate:keyIn|                                  ; 9 (9)               ; 3 (3)                     ; 0                 ; 0          ; 0    ; 0            ; |DE1_SoC|keyboardTranslate:keyIn                                                                                                                                                                                          ; keyboardTranslate                 ; work         ;
;    |keyboard_press_driver:keyDrive|                           ; 26 (12)             ; 55 (21)                   ; 0                 ; 0          ; 0    ; 0            ; |DE1_SoC|keyboard_press_driver:keyDrive                                                                                                                                                                                   ; keyboard_press_driver             ; work         ;
;       |keyboard_inner_driver:kbd|                             ; 14 (14)             ; 34 (34)                   ; 0                 ; 0          ; 0    ; 0            ; |DE1_SoC|keyboard_press_driver:keyDrive|keyboard_inner_driver:kbd                                                                                                                                                         ; keyboard_inner_driver             ; work         ;
;    |noise_gen:noise_generator|                                ; 6 (6)               ; 8 (8)                     ; 0                 ; 0          ; 0    ; 0            ; |DE1_SoC|noise_gen:noise_generator                                                                                                                                                                                        ; noise_gen                         ; work         ;
;    |snakeHead:snake|                                          ; 38 (38)             ; 11 (11)                   ; 0                 ; 0          ; 0    ; 0            ; |DE1_SoC|snakeHead:snake                                                                                                                                                                                                  ; snakeHead                         ; work         ;
;    |video_driver:v1|                                          ; 139 (90)            ; 111 (62)                  ; 0                 ; 0          ; 0    ; 0            ; |DE1_SoC|video_driver:v1                                                                                                                                                                                                  ; video_driver                      ; work         ;
;       |CLOCK25_PLL:c25_gen|                                   ; 0 (0)               ; 0 (0)                     ; 0                 ; 0          ; 0    ; 0            ; |DE1_SoC|video_driver:v1|CLOCK25_PLL:c25_gen                                                                                                                                                                              ; CLOCK25_PLL                       ; CLOCK25_PLL  ;
;          |CLOCK25_PLL_0002:clock25_pll_inst|                  ; 0 (0)               ; 0 (0)                     ; 0                 ; 0          ; 0    ; 0            ; |DE1_SoC|video_driver:v1|CLOCK25_PLL:c25_gen|CLOCK25_PLL_0002:clock25_pll_inst                                                                                                                                            ; CLOCK25_PLL_0002                  ; CLOCK25_PLL  ;
;             |altera_pll:altera_pll_i|                         ; 0 (0)               ; 0 (0)                     ; 0                 ; 0          ; 0    ; 0            ; |DE1_SoC|video_driver:v1|CLOCK25_PLL:c25_gen|CLOCK25_PLL_0002:clock25_pll_inst|altera_pll:altera_pll_i                                                                                                                    ; altera_pll                        ; work         ;
;       |altera_up_avalon_video_vga_timing:video|               ; 49 (49)             ; 49 (49)                   ; 0                 ; 0          ; 0    ; 0            ; |DE1_SoC|video_driver:v1|altera_up_avalon_video_vga_timing:video                                                                                                                                                          ; altera_up_avalon_video_vga_timing ; work         ;
+---------------------------------------------------------------+---------------------+---------------------------+-------------------+------------+------+--------------+---------------------------------------------------------------------------------------------------------------------------------------------------------------------------------------------------------------------------+-----------------------------------+--------------+
Note: For table entries with two numbers listed, the numbers in parentheses indicate the number of resources of the given type used by the specific entity alone. The numbers listed outside of parentheses indicate the total resources of the given type used by the specific entity and all of its sub-entities in the hierarchy.


+---------------------------------------------------------------------------------------------------------------------------------------------------------------------------------------------------------------------------------------------------------------------------------------------------------------------------------+
; Analysis & Synthesis RAM Summary                                                                                                                                                                                                                                                                                                ;
+-----------------------------------------------------------------------------------------------------------------------------------------------------------------------------------------------------------------------------+------+------------------+--------------+--------------+--------------+--------------+------+------+
; Name                                                                                                                                                                                                                        ; Type ; Mode             ; Port A Depth ; Port A Width ; Port B Depth ; Port B Width ; Size ; MIF  ;
+-----------------------------------------------------------------------------------------------------------------------------------------------------------------------------------------------------------------------------+------+------------------+--------------+--------------+--------------+--------------+------+------+
; audio_codec:codec|Altera_UP_Audio_In_Deserializer:Audio_In_Deserializer|Altera_UP_SYNC_FIFO:Audio_In_Left_Channel_FIFO|scfifo:Sync_FIFO|scfifo_8ba1:auto_generated|a_dpfifo_r2a1:dpfifo|altsyncram_p3i1:FIFOram|ALTSYNCRAM  ; AUTO ; Simple Dual Port ; 128          ; 24           ; 128          ; 24           ; 3072 ; None ;
; audio_codec:codec|Altera_UP_Audio_In_Deserializer:Audio_In_Deserializer|Altera_UP_SYNC_FIFO:Audio_In_Right_Channel_FIFO|scfifo:Sync_FIFO|scfifo_8ba1:auto_generated|a_dpfifo_r2a1:dpfifo|altsyncram_p3i1:FIFOram|ALTSYNCRAM ; AUTO ; Simple Dual Port ; 128          ; 24           ; 128          ; 24           ; 3072 ; None ;
; audio_codec:codec|Altera_UP_Audio_Out_Serializer:Audio_Out_Serializer|Altera_UP_SYNC_FIFO:Audio_Out_Left_Channel_FIFO|scfifo:Sync_FIFO|scfifo_8ba1:auto_generated|a_dpfifo_r2a1:dpfifo|altsyncram_p3i1:FIFOram|ALTSYNCRAM   ; AUTO ; Simple Dual Port ; 128          ; 24           ; 128          ; 24           ; 3072 ; None ;
; audio_codec:codec|Altera_UP_Audio_Out_Serializer:Audio_Out_Serializer|Altera_UP_SYNC_FIFO:Audio_Out_Right_Channel_FIFO|scfifo:Sync_FIFO|scfifo_8ba1:auto_generated|a_dpfifo_r2a1:dpfifo|altsyncram_p3i1:FIFOram|ALTSYNCRAM  ; AUTO ; Simple Dual Port ; 128          ; 24           ; 128          ; 24           ; 3072 ; None ;
+-----------------------------------------------------------------------------------------------------------------------------------------------------------------------------------------------------------------------------+------+------------------+--------------+--------------+--------------+--------------+------+------+


+---------------------------------------------------------------------------------------------------------------------------------------------------------------------+
; Analysis & Synthesis IP Cores Summary                                                                                                                               ;
+--------+--------------+---------+--------------+--------------+----------------------------------------------+------------------------------------------------------+
; Vendor ; IP Core Name ; Version ; Release Date ; License Type ; Entity Instance                              ; IP Include File                                      ;
+--------+--------------+---------+--------------+--------------+----------------------------------------------+------------------------------------------------------+
; Altera ; altera_pll   ; 17.0    ; N/A          ; N/A          ; |DE1_SoC|video_driver:v1|CLOCK25_PLL:c25_gen ; ../../Users/Tarta/Downloads/VideoFiles/CLOCK25_PLL.v ;
+--------+--------------+---------+--------------+--------------+----------------------------------------------+------------------------------------------------------+


Encoding Type:  User-Encoded
+---------------------------------------------------------------------------------------------------------------+
; State Machine - |DE1_SoC|audio_and_video_config:cfg|Altera_UP_I2C:I2C_Controller|s_i2c_transceiver            ;
+---------------------------------------------+---------------------+---------------------+---------------------+
; Name                                        ; s_i2c_transceiver~4 ; s_i2c_transceiver~3 ; s_i2c_transceiver~2 ;
+---------------------------------------------+---------------------+---------------------+---------------------+
; s_i2c_transceiver.I2C_STATE_0_IDLE          ; 0                   ; 0                   ; 0                   ;
; s_i2c_transceiver.I2C_STATE_1_PRE_START     ; 0                   ; 0                   ; 1                   ;
; s_i2c_transceiver.I2C_STATE_2_START_BIT     ; 0                   ; 1                   ; 0                   ;
; s_i2c_transceiver.I2C_STATE_3_TRANSFER_BYTE ; 0                   ; 1                   ; 1                   ;
; s_i2c_transceiver.I2C_STATE_4_TRANSFER_ACK  ; 1                   ; 0                   ; 0                   ;
; s_i2c_transceiver.I2C_STATE_5_STOP_BIT      ; 1                   ; 0                   ; 1                   ;
; s_i2c_transceiver.I2C_STATE_6_COMPLETE      ; 1                   ; 1                   ; 0                   ;
+---------------------------------------------+---------------------+---------------------+---------------------+


Encoding Type:  User-Encoded
+----------------------------------------------------------------------------------------------------------------------+
; State Machine - |DE1_SoC|audio_and_video_config:cfg|Altera_UP_I2C_AV_Auto_Initialize:Auto_Initialize|s_i2c_auto_init ;
+-----------------------------------------------+-------------------+-------------------+------------------------------+
; Name                                          ; s_i2c_auto_init~4 ; s_i2c_auto_init~3 ; s_i2c_auto_init~2            ;
+-----------------------------------------------+-------------------+-------------------+------------------------------+
; s_i2c_auto_init.AUTO_STATE_0_CHECK_STATUS     ; 0                 ; 0                 ; 0                            ;
; s_i2c_auto_init.AUTO_STATE_1_SEND_START_BIT   ; 0                 ; 0                 ; 1                            ;
; s_i2c_auto_init.AUTO_STATE_2_TRANSFER_BYTE_1  ; 0                 ; 1                 ; 0                            ;
; s_i2c_auto_init.AUTO_STATE_3_TRANSFER_BYTE_2  ; 0                 ; 1                 ; 1                            ;
; s_i2c_auto_init.AUTO_STATE_4_WAIT             ; 1                 ; 0                 ; 0                            ;
; s_i2c_auto_init.AUTO_STATE_5_SEND_STOP_BIT    ; 1                 ; 0                 ; 1                            ;
; s_i2c_auto_init.AUTO_STATE_6_INCREASE_COUNTER ; 1                 ; 1                 ; 0                            ;
; s_i2c_auto_init.AUTO_STATE_7_DONE             ; 1                 ; 1                 ; 1                            ;
+-----------------------------------------------+-------------------+-------------------+------------------------------+


Encoding Type:  User-Encoded
+---------------------------------------------------------------+
; State Machine - |DE1_SoC|keyboard_press_driver:keyDrive|count ;
+----------+---------+------------------------------------------+
; Name     ; count~7 ; count~6                                  ;
+----------+---------+------------------------------------------+
; count.00 ; 0       ; 0                                        ;
; count.01 ; 0       ; 1                                        ;
; count.10 ; 1       ; 0                                        ;
; count.11 ; 1       ; 1                                        ;
+----------+---------+------------------------------------------+


+-------------------------------------------------------------------------------------------------------------------------------------------------------------------+
; Registers Removed During Synthesis                                                                                                                                ;
+-----------------------------------------------------------------------------+-------------------------------------------------------------------------------------+
; Register name                                                               ; Reason for Removal                                                                  ;
+-----------------------------------------------------------------------------+-------------------------------------------------------------------------------------+
; video_driver:v1|altera_up_avalon_video_vga_timing:video|vga_blue[0,1]       ; Stuck at GND due to stuck port data_in                                              ;
; video_driver:v1|altera_up_avalon_video_vga_timing:video|vga_green[0,1]      ; Stuck at GND due to stuck port data_in                                              ;
; video_driver:v1|altera_up_avalon_video_vga_timing:video|vga_red[0,1]        ; Stuck at GND due to stuck port data_in                                              ;
; keyboardTranslate:keyIn|ps[3..31]                                           ; Stuck at GND due to stuck port data_in                                              ;
; bcdControl:scoreCount|bcdCounter:hundreds|ps[1..31]                         ; Stuck at GND due to stuck port data_in                                              ;
; bcdControl:scoreCount|bcdCounter:tens|ps[1..31]                             ; Stuck at GND due to stuck port data_in                                              ;
; bcdControl:scoreCount|bcdCounter:ones|ps[1..31]                             ; Stuck at GND due to stuck port data_in                                              ;
; controller:controlSystem|gridLight:ledArray[15].ledArray2[15].LED|ps[3..31] ; Stuck at GND due to stuck port data_in                                              ;
; controller:controlSystem|gridLight:ledArray[15].ledArray2[14].LED|ps[3..31] ; Stuck at GND due to stuck port data_in                                              ;
; controller:controlSystem|gridLight:ledArray[15].ledArray2[13].LED|ps[3..31] ; Stuck at GND due to stuck port data_in                                              ;
; controller:controlSystem|gridLight:ledArray[15].ledArray2[12].LED|ps[3..31] ; Stuck at GND due to stuck port data_in                                              ;
; controller:controlSystem|gridLight:ledArray[15].ledArray2[11].LED|ps[3..31] ; Stuck at GND due to stuck port data_in                                              ;
; controller:controlSystem|gridLight:ledArray[15].ledArray2[10].LED|ps[3..31] ; Stuck at GND due to stuck port data_in                                              ;
; controller:controlSystem|gridLight:ledArray[15].ledArray2[9].LED|ps[3..31]  ; Stuck at GND due to stuck port data_in                                              ;
; controller:controlSystem|gridLight:ledArray[15].ledArray2[8].LED|ps[3..31]  ; Stuck at GND due to stuck port data_in                                              ;
; controller:controlSystem|gridLight:ledArray[15].ledArray2[7].LED|ps[3..31]  ; Stuck at GND due to stuck port data_in                                              ;
; controller:controlSystem|gridLight:ledArray[15].ledArray2[6].LED|ps[3..31]  ; Stuck at GND due to stuck port data_in                                              ;
; controller:controlSystem|gridLight:ledArray[15].ledArray2[5].LED|ps[3..31]  ; Stuck at GND due to stuck port data_in                                              ;
; controller:controlSystem|gridLight:ledArray[15].ledArray2[4].LED|ps[3..31]  ; Stuck at GND due to stuck port data_in                                              ;
; controller:controlSystem|gridLight:ledArray[15].ledArray2[3].LED|ps[3..31]  ; Stuck at GND due to stuck port data_in                                              ;
; controller:controlSystem|gridLight:ledArray[15].ledArray2[2].LED|ps[3..31]  ; Stuck at GND due to stuck port data_in                                              ;
; controller:controlSystem|gridLight:ledArray[15].ledArray2[1].LED|ps[3..31]  ; Stuck at GND due to stuck port data_in                                              ;
; controller:controlSystem|gridLight:ledArray[15].ledArray2[0].LED|ps[3..31]  ; Stuck at GND due to stuck port data_in                                              ;
; controller:controlSystem|gridLight:ledArray[14].ledArray2[15].LED|ps[3..31] ; Stuck at GND due to stuck port data_in                                              ;
; controller:controlSystem|gridLight:ledArray[14].ledArray2[14].LED|ps[3..31] ; Stuck at GND due to stuck port data_in                                              ;
; controller:controlSystem|gridLight:ledArray[14].ledArray2[13].LED|ps[3..31] ; Stuck at GND due to stuck port data_in                                              ;
; controller:controlSystem|gridLight:ledArray[14].ledArray2[12].LED|ps[3..31] ; Stuck at GND due to stuck port data_in                                              ;
; controller:controlSystem|gridLight:ledArray[14].ledArray2[11].LED|ps[3..31] ; Stuck at GND due to stuck port data_in                                              ;
; controller:controlSystem|gridLight:ledArray[14].ledArray2[10].LED|ps[3..31] ; Stuck at GND due to stuck port data_in                                              ;
; controller:controlSystem|gridLight:ledArray[14].ledArray2[9].LED|ps[3..31]  ; Stuck at GND due to stuck port data_in                                              ;
; controller:controlSystem|gridLight:ledArray[14].ledArray2[8].LED|ps[3..31]  ; Stuck at GND due to stuck port data_in                                              ;
; controller:controlSystem|gridLight:ledArray[14].ledArray2[7].LED|ps[3..31]  ; Stuck at GND due to stuck port data_in                                              ;
; controller:controlSystem|gridLight:ledArray[14].ledArray2[6].LED|ps[3..31]  ; Stuck at GND due to stuck port data_in                                              ;
; controller:controlSystem|gridLight:ledArray[14].ledArray2[5].LED|ps[3..31]  ; Stuck at GND due to stuck port data_in                                              ;
; controller:controlSystem|gridLight:ledArray[14].ledArray2[4].LED|ps[3..31]  ; Stuck at GND due to stuck port data_in                                              ;
; controller:controlSystem|gridLight:ledArray[14].ledArray2[3].LED|ps[3..31]  ; Stuck at GND due to stuck port data_in                                              ;
; controller:controlSystem|gridLight:ledArray[14].ledArray2[2].LED|ps[3..31]  ; Stuck at GND due to stuck port data_in                                              ;
; controller:controlSystem|gridLight:ledArray[14].ledArray2[1].LED|ps[3..31]  ; Stuck at GND due to stuck port data_in                                              ;
; controller:controlSystem|gridLight:ledArray[14].ledArray2[0].LED|ps[3..31]  ; Stuck at GND due to stuck port data_in                                              ;
; controller:controlSystem|gridLight:ledArray[13].ledArray2[15].LED|ps[3..31] ; Stuck at GND due to stuck port data_in                                              ;
; controller:controlSystem|gridLight:ledArray[13].ledArray2[14].LED|ps[3..31] ; Stuck at GND due to stuck port data_in                                              ;
; controller:controlSystem|gridLight:ledArray[13].ledArray2[13].LED|ps[3..31] ; Stuck at GND due to stuck port data_in                                              ;
; controller:controlSystem|gridLight:ledArray[13].ledArray2[12].LED|ps[3..31] ; Stuck at GND due to stuck port data_in                                              ;
; controller:controlSystem|gridLight:ledArray[13].ledArray2[11].LED|ps[3..31] ; Stuck at GND due to stuck port data_in                                              ;
; controller:controlSystem|gridLight:ledArray[13].ledArray2[10].LED|ps[3..31] ; Stuck at GND due to stuck port data_in                                              ;
; controller:controlSystem|gridLight:ledArray[13].ledArray2[9].LED|ps[3..31]  ; Stuck at GND due to stuck port data_in                                              ;
; controller:controlSystem|gridLight:ledArray[13].ledArray2[8].LED|ps[3..31]  ; Stuck at GND due to stuck port data_in                                              ;
; controller:controlSystem|gridLight:ledArray[13].ledArray2[7].LED|ps[3..31]  ; Stuck at GND due to stuck port data_in                                              ;
; controller:controlSystem|gridLight:ledArray[13].ledArray2[6].LED|ps[3..31]  ; Stuck at GND due to stuck port data_in                                              ;
; controller:controlSystem|gridLight:ledArray[13].ledArray2[5].LED|ps[3..31]  ; Stuck at GND due to stuck port data_in                                              ;
; controller:controlSystem|gridLight:ledArray[13].ledArray2[4].LED|ps[3..31]  ; Stuck at GND due to stuck port data_in                                              ;
; controller:controlSystem|gridLight:ledArray[13].ledArray2[3].LED|ps[3..31]  ; Stuck at GND due to stuck port data_in                                              ;
; controller:controlSystem|gridLight:ledArray[13].ledArray2[2].LED|ps[3..31]  ; Stuck at GND due to stuck port data_in                                              ;
; controller:controlSystem|gridLight:ledArray[13].ledArray2[1].LED|ps[3..31]  ; Stuck at GND due to stuck port data_in                                              ;
; controller:controlSystem|gridLight:ledArray[13].ledArray2[0].LED|ps[3..31]  ; Stuck at GND due to stuck port data_in                                              ;
; controller:controlSystem|gridLight:ledArray[12].ledArray2[15].LED|ps[3..31] ; Stuck at GND due to stuck port data_in                                              ;
; controller:controlSystem|gridLight:ledArray[12].ledArray2[14].LED|ps[3..31] ; Stuck at GND due to stuck port data_in                                              ;
; controller:controlSystem|gridLight:ledArray[12].ledArray2[13].LED|ps[3..31] ; Stuck at GND due to stuck port data_in                                              ;
; controller:controlSystem|gridLight:ledArray[12].ledArray2[12].LED|ps[3..31] ; Stuck at GND due to stuck port data_in                                              ;
; controller:controlSystem|gridLight:ledArray[12].ledArray2[11].LED|ps[3..31] ; Stuck at GND due to stuck port data_in                                              ;
; controller:controlSystem|gridLight:ledArray[12].ledArray2[10].LED|ps[3..31] ; Stuck at GND due to stuck port data_in                                              ;
; controller:controlSystem|gridLight:ledArray[12].ledArray2[9].LED|ps[3..31]  ; Stuck at GND due to stuck port data_in                                              ;
; controller:controlSystem|gridLight:ledArray[12].ledArray2[8].LED|ps[3..31]  ; Stuck at GND due to stuck port data_in                                              ;
; controller:controlSystem|gridLight:ledArray[12].ledArray2[7].LED|ps[3..31]  ; Stuck at GND due to stuck port data_in                                              ;
; controller:controlSystem|gridLight:ledArray[12].ledArray2[6].LED|ps[3..31]  ; Stuck at GND due to stuck port data_in                                              ;
; controller:controlSystem|gridLight:ledArray[12].ledArray2[5].LED|ps[3..31]  ; Stuck at GND due to stuck port data_in                                              ;
; controller:controlSystem|gridLight:ledArray[12].ledArray2[4].LED|ps[3..31]  ; Stuck at GND due to stuck port data_in                                              ;
; controller:controlSystem|gridLight:ledArray[12].ledArray2[3].LED|ps[3..31]  ; Stuck at GND due to stuck port data_in                                              ;
; controller:controlSystem|gridLight:ledArray[12].ledArray2[2].LED|ps[3..31]  ; Stuck at GND due to stuck port data_in                                              ;
; controller:controlSystem|gridLight:ledArray[12].ledArray2[1].LED|ps[3..31]  ; Stuck at GND due to stuck port data_in                                              ;
; controller:controlSystem|gridLight:ledArray[12].ledArray2[0].LED|ps[3..31]  ; Stuck at GND due to stuck port data_in                                              ;
; controller:controlSystem|gridLight:ledArray[11].ledArray2[15].LED|ps[3..31] ; Stuck at GND due to stuck port data_in                                              ;
; controller:controlSystem|gridLight:ledArray[11].ledArray2[14].LED|ps[3..31] ; Stuck at GND due to stuck port data_in                                              ;
; controller:controlSystem|gridLight:ledArray[11].ledArray2[13].LED|ps[3..31] ; Stuck at GND due to stuck port data_in                                              ;
; controller:controlSystem|gridLight:ledArray[11].ledArray2[12].LED|ps[3..31] ; Stuck at GND due to stuck port data_in                                              ;
; controller:controlSystem|gridLight:ledArray[11].ledArray2[11].LED|ps[3..31] ; Stuck at GND due to stuck port data_in                                              ;
; controller:controlSystem|gridLight:ledArray[11].ledArray2[10].LED|ps[3..31] ; Stuck at GND due to stuck port data_in                                              ;
; controller:controlSystem|gridLight:ledArray[11].ledArray2[9].LED|ps[3..31]  ; Stuck at GND due to stuck port data_in                                              ;
; controller:controlSystem|gridLight:ledArray[11].ledArray2[8].LED|ps[3..31]  ; Stuck at GND due to stuck port data_in                                              ;
; controller:controlSystem|gridLight:ledArray[11].ledArray2[7].LED|ps[3..31]  ; Stuck at GND due to stuck port data_in                                              ;
; controller:controlSystem|gridLight:ledArray[11].ledArray2[6].LED|ps[3..31]  ; Stuck at GND due to stuck port data_in                                              ;
; controller:controlSystem|gridLight:ledArray[11].ledArray2[5].LED|ps[3..31]  ; Stuck at GND due to stuck port data_in                                              ;
; controller:controlSystem|gridLight:ledArray[11].ledArray2[4].LED|ps[3..31]  ; Stuck at GND due to stuck port data_in                                              ;
; controller:controlSystem|gridLight:ledArray[11].ledArray2[3].LED|ps[3..31]  ; Stuck at GND due to stuck port data_in                                              ;
; controller:controlSystem|gridLight:ledArray[11].ledArray2[2].LED|ps[3..31]  ; Stuck at GND due to stuck port data_in                                              ;
; controller:controlSystem|gridLight:ledArray[11].ledArray2[1].LED|ps[3..31]  ; Stuck at GND due to stuck port data_in                                              ;
; controller:controlSystem|gridLight:ledArray[11].ledArray2[0].LED|ps[3..31]  ; Stuck at GND due to stuck port data_in                                              ;
; controller:controlSystem|gridLight:ledArray[10].ledArray2[15].LED|ps[3..31] ; Stuck at GND due to stuck port data_in                                              ;
; controller:controlSystem|gridLight:ledArray[10].ledArray2[14].LED|ps[3..31] ; Stuck at GND due to stuck port data_in                                              ;
; controller:controlSystem|gridLight:ledArray[10].ledArray2[13].LED|ps[3..31] ; Stuck at GND due to stuck port data_in                                              ;
; controller:controlSystem|gridLight:ledArray[10].ledArray2[12].LED|ps[3..31] ; Stuck at GND due to stuck port data_in                                              ;
; controller:controlSystem|gridLight:ledArray[10].ledArray2[11].LED|ps[3..31] ; Stuck at GND due to stuck port data_in                                              ;
; controller:controlSystem|gridLight:ledArray[10].ledArray2[10].LED|ps[3..31] ; Stuck at GND due to stuck port data_in                                              ;
; controller:controlSystem|gridLight:ledArray[10].ledArray2[9].LED|ps[3..31]  ; Stuck at GND due to stuck port data_in                                              ;
; controller:controlSystem|gridLight:ledArray[10].ledArray2[8].LED|ps[3..31]  ; Stuck at GND due to stuck port data_in                                              ;
; controller:controlSystem|gridLight:ledArray[10].ledArray2[7].LED|ps[3..31]  ; Stuck at GND due to stuck port data_in                                              ;
; controller:controlSystem|gridLight:ledArray[10].ledArray2[6].LED|ps[3..31]  ; Stuck at GND due to stuck port data_in                                              ;
; controller:controlSystem|gridLight:ledArray[10].ledArray2[5].LED|ps[3..31]  ; Stuck at GND due to stuck port data_in                                              ;
; controller:controlSystem|gridLight:ledArray[10].ledArray2[4].LED|ps[3..31]  ; Stuck at GND due to stuck port data_in                                              ;
; controller:controlSystem|gridLight:ledArray[10].ledArray2[3].LED|ps[3..31]  ; Stuck at GND due to stuck port data_in                                              ;
; controller:controlSystem|gridLight:ledArray[10].ledArray2[2].LED|ps[3..31]  ; Stuck at GND due to stuck port data_in                                              ;
; controller:controlSystem|gridLight:ledArray[10].ledArray2[1].LED|ps[3..31]  ; Stuck at GND due to stuck port data_in                                              ;
; controller:controlSystem|gridLight:ledArray[10].ledArray2[0].LED|ps[3..31]  ; Stuck at GND due to stuck port data_in                                              ;
; controller:controlSystem|gridLight:ledArray[9].ledArray2[15].LED|ps[3..31]  ; Stuck at GND due to stuck port data_in                                              ;
; controller:controlSystem|gridLight:ledArray[9].ledArray2[14].LED|ps[3..31]  ; Stuck at GND due to stuck port data_in                                              ;
; controller:controlSystem|gridLight:ledArray[9].ledArray2[13].LED|ps[3..31]  ; Stuck at GND due to stuck port data_in                                              ;
; controller:controlSystem|gridLight:ledArray[9].ledArray2[12].LED|ps[3..31]  ; Stuck at GND due to stuck port data_in                                              ;
; controller:controlSystem|gridLight:ledArray[9].ledArray2[11].LED|ps[3..31]  ; Stuck at GND due to stuck port data_in                                              ;
; controller:controlSystem|gridLight:ledArray[9].ledArray2[10].LED|ps[3..31]  ; Stuck at GND due to stuck port data_in                                              ;
; controller:controlSystem|gridLight:ledArray[9].ledArray2[9].LED|ps[3..31]   ; Stuck at GND due to stuck port data_in                                              ;
; controller:controlSystem|gridLight:ledArray[9].ledArray2[8].LED|ps[3..31]   ; Stuck at GND due to stuck port data_in                                              ;
; controller:controlSystem|gridLight:ledArray[9].ledArray2[7].LED|ps[3..31]   ; Stuck at GND due to stuck port data_in                                              ;
; controller:controlSystem|gridLight:ledArray[9].ledArray2[6].LED|ps[3..31]   ; Stuck at GND due to stuck port data_in                                              ;
; controller:controlSystem|gridLight:ledArray[9].ledArray2[5].LED|ps[3..31]   ; Stuck at GND due to stuck port data_in                                              ;
; controller:controlSystem|gridLight:ledArray[9].ledArray2[4].LED|ps[3..31]   ; Stuck at GND due to stuck port data_in                                              ;
; controller:controlSystem|gridLight:ledArray[9].ledArray2[3].LED|ps[3..31]   ; Stuck at GND due to stuck port data_in                                              ;
; controller:controlSystem|gridLight:ledArray[9].ledArray2[2].LED|ps[3..31]   ; Stuck at GND due to stuck port data_in                                              ;
; controller:controlSystem|gridLight:ledArray[9].ledArray2[1].LED|ps[3..31]   ; Stuck at GND due to stuck port data_in                                              ;
; controller:controlSystem|gridLight:ledArray[9].ledArray2[0].LED|ps[3..31]   ; Stuck at GND due to stuck port data_in                                              ;
; controller:controlSystem|gridLight:ledArray[8].ledArray2[15].LED|ps[3..31]  ; Stuck at GND due to stuck port data_in                                              ;
; controller:controlSystem|gridLight:ledArray[8].ledArray2[14].LED|ps[3..31]  ; Stuck at GND due to stuck port data_in                                              ;
; controller:controlSystem|gridLight:ledArray[8].ledArray2[13].LED|ps[3..31]  ; Stuck at GND due to stuck port data_in                                              ;
; controller:controlSystem|gridLight:ledArray[8].ledArray2[12].LED|ps[3..31]  ; Stuck at GND due to stuck port data_in                                              ;
; controller:controlSystem|gridLight:ledArray[8].ledArray2[11].LED|ps[3..31]  ; Stuck at GND due to stuck port data_in                                              ;
; controller:controlSystem|gridLight:ledArray[8].ledArray2[10].LED|ps[3..31]  ; Stuck at GND due to stuck port data_in                                              ;
; controller:controlSystem|gridLight:ledArray[8].ledArray2[9].LED|ps[3..31]   ; Stuck at GND due to stuck port data_in                                              ;
; controller:controlSystem|gridLight:ledArray[8].ledArray2[8].LED|ps[3..31]   ; Stuck at GND due to stuck port data_in                                              ;
; controller:controlSystem|gridLight:ledArray[8].ledArray2[7].LED|ps[3..31]   ; Stuck at GND due to stuck port data_in                                              ;
; controller:controlSystem|gridLight:ledArray[8].ledArray2[6].LED|ps[3..31]   ; Stuck at GND due to stuck port data_in                                              ;
; controller:controlSystem|gridLight:ledArray[8].ledArray2[5].LED|ps[3..31]   ; Stuck at GND due to stuck port data_in                                              ;
; controller:controlSystem|gridLight:ledArray[8].ledArray2[4].LED|ps[3..31]   ; Stuck at GND due to stuck port data_in                                              ;
; controller:controlSystem|gridLight:ledArray[8].ledArray2[3].LED|ps[3..31]   ; Stuck at GND due to stuck port data_in                                              ;
; controller:controlSystem|gridLight:ledArray[8].ledArray2[2].LED|ps[3..31]   ; Stuck at GND due to stuck port data_in                                              ;
; controller:controlSystem|gridLight:ledArray[8].ledArray2[1].LED|ps[3..31]   ; Stuck at GND due to stuck port data_in                                              ;
; controller:controlSystem|gridLight:ledArray[8].ledArray2[0].LED|ps[3..31]   ; Stuck at GND due to stuck port data_in                                              ;
; controller:controlSystem|gridLight:ledArray[7].ledArray2[15].LED|ps[3..31]  ; Stuck at GND due to stuck port data_in                                              ;
; controller:controlSystem|gridLight:ledArray[7].ledArray2[14].LED|ps[3..31]  ; Stuck at GND due to stuck port data_in                                              ;
; controller:controlSystem|gridLight:ledArray[7].ledArray2[13].LED|ps[3..31]  ; Stuck at GND due to stuck port data_in                                              ;
; controller:controlSystem|gridLight:ledArray[7].ledArray2[12].LED|ps[3..31]  ; Stuck at GND due to stuck port data_in                                              ;
; controller:controlSystem|gridLight:ledArray[7].ledArray2[11].LED|ps[3..31]  ; Stuck at GND due to stuck port data_in                                              ;
; controller:controlSystem|gridLight:ledArray[7].ledArray2[10].LED|ps[3..31]  ; Stuck at GND due to stuck port data_in                                              ;
; controller:controlSystem|gridLight:ledArray[7].ledArray2[9].LED|ps[3..31]   ; Stuck at GND due to stuck port data_in                                              ;
; controller:controlSystem|gridLight:ledArray[7].ledArray2[8].LED|ps[3..31]   ; Stuck at GND due to stuck port data_in                                              ;
; controller:controlSystem|gridLight:ledArray[7].ledArray2[7].LED|ps[3..31]   ; Stuck at GND due to stuck port data_in                                              ;
; controller:controlSystem|gridLight:ledArray[7].ledArray2[6].LED|ps[3..31]   ; Stuck at GND due to stuck port data_in                                              ;
; controller:controlSystem|gridLight:ledArray[7].ledArray2[5].LED|ps[3..31]   ; Stuck at GND due to stuck port data_in                                              ;
; controller:controlSystem|gridLight:ledArray[7].ledArray2[4].LED|ps[3..31]   ; Stuck at GND due to stuck port data_in                                              ;
; controller:controlSystem|gridLight:ledArray[7].ledArray2[3].LED|ps[3..31]   ; Stuck at GND due to stuck port data_in                                              ;
; controller:controlSystem|gridLight:ledArray[7].ledArray2[2].LED|ps[3..31]   ; Stuck at GND due to stuck port data_in                                              ;
; controller:controlSystem|gridLight:ledArray[7].ledArray2[1].LED|ps[3..31]   ; Stuck at GND due to stuck port data_in                                              ;
; controller:controlSystem|gridLight:ledArray[7].ledArray2[0].LED|ps[3..31]   ; Stuck at GND due to stuck port data_in                                              ;
; controller:controlSystem|gridLight:ledArray[6].ledArray2[15].LED|ps[3..31]  ; Stuck at GND due to stuck port data_in                                              ;
; controller:controlSystem|gridLight:ledArray[6].ledArray2[14].LED|ps[3..31]  ; Stuck at GND due to stuck port data_in                                              ;
; controller:controlSystem|gridLight:ledArray[6].ledArray2[13].LED|ps[3..31]  ; Stuck at GND due to stuck port data_in                                              ;
; controller:controlSystem|gridLight:ledArray[6].ledArray2[12].LED|ps[3..31]  ; Stuck at GND due to stuck port data_in                                              ;
; controller:controlSystem|gridLight:ledArray[6].ledArray2[11].LED|ps[3..31]  ; Stuck at GND due to stuck port data_in                                              ;
; controller:controlSystem|gridLight:ledArray[6].ledArray2[10].LED|ps[3..31]  ; Stuck at GND due to stuck port data_in                                              ;
; controller:controlSystem|gridLight:ledArray[6].ledArray2[9].LED|ps[3..31]   ; Stuck at GND due to stuck port data_in                                              ;
; controller:controlSystem|gridLight:ledArray[6].ledArray2[8].LED|ps[3..31]   ; Stuck at GND due to stuck port data_in                                              ;
; controller:controlSystem|gridLight:ledArray[6].ledArray2[7].LED|ps[3..31]   ; Stuck at GND due to stuck port data_in                                              ;
; controller:controlSystem|gridLight:ledArray[6].ledArray2[6].LED|ps[3..31]   ; Stuck at GND due to stuck port data_in                                              ;
; controller:controlSystem|gridLight:ledArray[6].ledArray2[5].LED|ps[3..31]   ; Stuck at GND due to stuck port data_in                                              ;
; controller:controlSystem|gridLight:ledArray[6].ledArray2[4].LED|ps[3..31]   ; Stuck at GND due to stuck port data_in                                              ;
; controller:controlSystem|gridLight:ledArray[6].ledArray2[3].LED|ps[3..31]   ; Stuck at GND due to stuck port data_in                                              ;
; controller:controlSystem|gridLight:ledArray[6].ledArray2[2].LED|ps[3..31]   ; Stuck at GND due to stuck port data_in                                              ;
; controller:controlSystem|gridLight:ledArray[6].ledArray2[1].LED|ps[3..31]   ; Stuck at GND due to stuck port data_in                                              ;
; controller:controlSystem|gridLight:ledArray[6].ledArray2[0].LED|ps[3..31]   ; Stuck at GND due to stuck port data_in                                              ;
; controller:controlSystem|gridLight:ledArray[5].ledArray2[15].LED|ps[3..31]  ; Stuck at GND due to stuck port data_in                                              ;
; controller:controlSystem|gridLight:ledArray[5].ledArray2[14].LED|ps[3..31]  ; Stuck at GND due to stuck port data_in                                              ;
; controller:controlSystem|gridLight:ledArray[5].ledArray2[13].LED|ps[3..31]  ; Stuck at GND due to stuck port data_in                                              ;
; controller:controlSystem|gridLight:ledArray[5].ledArray2[12].LED|ps[3..31]  ; Stuck at GND due to stuck port data_in                                              ;
; controller:controlSystem|gridLight:ledArray[5].ledArray2[11].LED|ps[3..31]  ; Stuck at GND due to stuck port data_in                                              ;
; controller:controlSystem|gridLight:ledArray[5].ledArray2[10].LED|ps[3..31]  ; Stuck at GND due to stuck port data_in                                              ;
; controller:controlSystem|gridLight:ledArray[5].ledArray2[9].LED|ps[3..31]   ; Stuck at GND due to stuck port data_in                                              ;
; controller:controlSystem|gridLight:ledArray[5].ledArray2[8].LED|ps[3..31]   ; Stuck at GND due to stuck port data_in                                              ;
; controller:controlSystem|gridLight:ledArray[5].ledArray2[7].LED|ps[3..31]   ; Stuck at GND due to stuck port data_in                                              ;
; controller:controlSystem|gridLight:ledArray[5].ledArray2[6].LED|ps[3..31]   ; Stuck at GND due to stuck port data_in                                              ;
; controller:controlSystem|gridLight:ledArray[5].ledArray2[5].LED|ps[3..31]   ; Stuck at GND due to stuck port data_in                                              ;
; controller:controlSystem|gridLight:ledArray[5].ledArray2[4].LED|ps[3..31]   ; Stuck at GND due to stuck port data_in                                              ;
; controller:controlSystem|gridLight:ledArray[5].ledArray2[3].LED|ps[3..31]   ; Stuck at GND due to stuck port data_in                                              ;
; controller:controlSystem|gridLight:ledArray[5].ledArray2[2].LED|ps[3..31]   ; Stuck at GND due to stuck port data_in                                              ;
; controller:controlSystem|gridLight:ledArray[5].ledArray2[1].LED|ps[3..31]   ; Stuck at GND due to stuck port data_in                                              ;
; controller:controlSystem|gridLight:ledArray[5].ledArray2[0].LED|ps[3..31]   ; Stuck at GND due to stuck port data_in                                              ;
; controller:controlSystem|gridLight:ledArray[4].ledArray2[15].LED|ps[3..31]  ; Stuck at GND due to stuck port data_in                                              ;
; controller:controlSystem|gridLight:ledArray[4].ledArray2[14].LED|ps[3..31]  ; Stuck at GND due to stuck port data_in                                              ;
; controller:controlSystem|gridLight:ledArray[4].ledArray2[13].LED|ps[3..31]  ; Stuck at GND due to stuck port data_in                                              ;
; controller:controlSystem|gridLight:ledArray[4].ledArray2[12].LED|ps[3..31]  ; Stuck at GND due to stuck port data_in                                              ;
; controller:controlSystem|gridLight:ledArray[4].ledArray2[11].LED|ps[3..31]  ; Stuck at GND due to stuck port data_in                                              ;
; controller:controlSystem|gridLight:ledArray[4].ledArray2[10].LED|ps[3..31]  ; Stuck at GND due to stuck port data_in                                              ;
; controller:controlSystem|gridLight:ledArray[4].ledArray2[9].LED|ps[3..31]   ; Stuck at GND due to stuck port data_in                                              ;
; controller:controlSystem|gridLight:ledArray[4].ledArray2[8].LED|ps[3..31]   ; Stuck at GND due to stuck port data_in                                              ;
; controller:controlSystem|gridLight:ledArray[4].ledArray2[7].LED|ps[3..31]   ; Stuck at GND due to stuck port data_in                                              ;
; controller:controlSystem|gridLight:ledArray[4].ledArray2[6].LED|ps[3..31]   ; Stuck at GND due to stuck port data_in                                              ;
; controller:controlSystem|gridLight:ledArray[4].ledArray2[5].LED|ps[3..31]   ; Stuck at GND due to stuck port data_in                                              ;
; controller:controlSystem|gridLight:ledArray[4].ledArray2[4].LED|ps[3..31]   ; Stuck at GND due to stuck port data_in                                              ;
; controller:controlSystem|gridLight:ledArray[4].ledArray2[3].LED|ps[3..31]   ; Stuck at GND due to stuck port data_in                                              ;
; controller:controlSystem|gridLight:ledArray[4].ledArray2[2].LED|ps[3..31]   ; Stuck at GND due to stuck port data_in                                              ;
; controller:controlSystem|gridLight:ledArray[4].ledArray2[1].LED|ps[3..31]   ; Stuck at GND due to stuck port data_in                                              ;
; controller:controlSystem|gridLight:ledArray[4].ledArray2[0].LED|ps[3..31]   ; Stuck at GND due to stuck port data_in                                              ;
; controller:controlSystem|gridLight:ledArray[3].ledArray2[15].LED|ps[3..31]  ; Stuck at GND due to stuck port data_in                                              ;
; controller:controlSystem|gridLight:ledArray[3].ledArray2[14].LED|ps[3..31]  ; Stuck at GND due to stuck port data_in                                              ;
; controller:controlSystem|gridLight:ledArray[3].ledArray2[13].LED|ps[3..31]  ; Stuck at GND due to stuck port data_in                                              ;
; controller:controlSystem|gridLight:ledArray[3].ledArray2[12].LED|ps[3..31]  ; Stuck at GND due to stuck port data_in                                              ;
; controller:controlSystem|gridLight:ledArray[3].ledArray2[11].LED|ps[3..31]  ; Stuck at GND due to stuck port data_in                                              ;
; controller:controlSystem|gridLight:ledArray[3].ledArray2[10].LED|ps[3..31]  ; Stuck at GND due to stuck port data_in                                              ;
; controller:controlSystem|gridLight:ledArray[3].ledArray2[9].LED|ps[3..31]   ; Stuck at GND due to stuck port data_in                                              ;
; controller:controlSystem|gridLight:ledArray[3].ledArray2[8].LED|ps[3..31]   ; Stuck at GND due to stuck port data_in                                              ;
; controller:controlSystem|gridLight:ledArray[3].ledArray2[7].LED|ps[3..31]   ; Stuck at GND due to stuck port data_in                                              ;
; controller:controlSystem|gridLight:ledArray[3].ledArray2[6].LED|ps[3..31]   ; Stuck at GND due to stuck port data_in                                              ;
; controller:controlSystem|gridLight:ledArray[3].ledArray2[5].LED|ps[3..31]   ; Stuck at GND due to stuck port data_in                                              ;
; controller:controlSystem|gridLight:ledArray[3].ledArray2[4].LED|ps[3..31]   ; Stuck at GND due to stuck port data_in                                              ;
; controller:controlSystem|gridLight:ledArray[3].ledArray2[3].LED|ps[3..31]   ; Stuck at GND due to stuck port data_in                                              ;
; controller:controlSystem|gridLight:ledArray[3].ledArray2[2].LED|ps[3..31]   ; Stuck at GND due to stuck port data_in                                              ;
; controller:controlSystem|gridLight:ledArray[3].ledArray2[1].LED|ps[3..31]   ; Stuck at GND due to stuck port data_in                                              ;
; controller:controlSystem|gridLight:ledArray[3].ledArray2[0].LED|ps[3..31]   ; Stuck at GND due to stuck port data_in                                              ;
; controller:controlSystem|gridLight:ledArray[2].ledArray2[15].LED|ps[3..31]  ; Stuck at GND due to stuck port data_in                                              ;
; controller:controlSystem|gridLight:ledArray[2].ledArray2[14].LED|ps[3..31]  ; Stuck at GND due to stuck port data_in                                              ;
; controller:controlSystem|gridLight:ledArray[2].ledArray2[13].LED|ps[3..31]  ; Stuck at GND due to stuck port data_in                                              ;
; controller:controlSystem|gridLight:ledArray[2].ledArray2[12].LED|ps[3..31]  ; Stuck at GND due to stuck port data_in                                              ;
; controller:controlSystem|gridLight:ledArray[2].ledArray2[11].LED|ps[3..31]  ; Stuck at GND due to stuck port data_in                                              ;
; controller:controlSystem|gridLight:ledArray[2].ledArray2[10].LED|ps[3..31]  ; Stuck at GND due to stuck port data_in                                              ;
; controller:controlSystem|gridLight:ledArray[2].ledArray2[9].LED|ps[3..31]   ; Stuck at GND due to stuck port data_in                                              ;
; controller:controlSystem|gridLight:ledArray[2].ledArray2[8].LED|ps[3..31]   ; Stuck at GND due to stuck port data_in                                              ;
; controller:controlSystem|gridLight:ledArray[2].ledArray2[7].LED|ps[3..31]   ; Stuck at GND due to stuck port data_in                                              ;
; controller:controlSystem|gridLight:ledArray[2].ledArray2[6].LED|ps[3..31]   ; Stuck at GND due to stuck port data_in                                              ;
; controller:controlSystem|gridLight:ledArray[2].ledArray2[5].LED|ps[3..31]   ; Stuck at GND due to stuck port data_in                                              ;
; controller:controlSystem|gridLight:ledArray[2].ledArray2[4].LED|ps[3..31]   ; Stuck at GND due to stuck port data_in                                              ;
; controller:controlSystem|gridLight:ledArray[2].ledArray2[3].LED|ps[3..31]   ; Stuck at GND due to stuck port data_in                                              ;
; controller:controlSystem|gridLight:ledArray[2].ledArray2[2].LED|ps[3..31]   ; Stuck at GND due to stuck port data_in                                              ;
; controller:controlSystem|gridLight:ledArray[2].ledArray2[1].LED|ps[3..31]   ; Stuck at GND due to stuck port data_in                                              ;
; controller:controlSystem|gridLight:ledArray[2].ledArray2[0].LED|ps[3..31]   ; Stuck at GND due to stuck port data_in                                              ;
; controller:controlSystem|gridLight:ledArray[1].ledArray2[15].LED|ps[3..31]  ; Stuck at GND due to stuck port data_in                                              ;
; controller:controlSystem|gridLight:ledArray[1].ledArray2[14].LED|ps[3..31]  ; Stuck at GND due to stuck port data_in                                              ;
; controller:controlSystem|gridLight:ledArray[1].ledArray2[13].LED|ps[3..31]  ; Stuck at GND due to stuck port data_in                                              ;
; controller:controlSystem|gridLight:ledArray[1].ledArray2[12].LED|ps[3..31]  ; Stuck at GND due to stuck port data_in                                              ;
; controller:controlSystem|gridLight:ledArray[1].ledArray2[11].LED|ps[3..31]  ; Stuck at GND due to stuck port data_in                                              ;
; controller:controlSystem|gridLight:ledArray[1].ledArray2[10].LED|ps[3..31]  ; Stuck at GND due to stuck port data_in                                              ;
; controller:controlSystem|gridLight:ledArray[1].ledArray2[9].LED|ps[3..31]   ; Stuck at GND due to stuck port data_in                                              ;
; controller:controlSystem|gridLight:ledArray[1].ledArray2[8].LED|ps[3..31]   ; Stuck at GND due to stuck port data_in                                              ;
; controller:controlSystem|gridLight:ledArray[1].ledArray2[7].LED|ps[3..31]   ; Stuck at GND due to stuck port data_in                                              ;
; controller:controlSystem|gridLight:ledArray[1].ledArray2[6].LED|ps[3..31]   ; Stuck at GND due to stuck port data_in                                              ;
; controller:controlSystem|gridLight:ledArray[1].ledArray2[5].LED|ps[3..31]   ; Stuck at GND due to stuck port data_in                                              ;
; controller:controlSystem|gridLight:ledArray[1].ledArray2[4].LED|ps[3..31]   ; Stuck at GND due to stuck port data_in                                              ;
; controller:controlSystem|gridLight:ledArray[1].ledArray2[3].LED|ps[3..31]   ; Stuck at GND due to stuck port data_in                                              ;
; controller:controlSystem|gridLight:ledArray[1].ledArray2[2].LED|ps[3..31]   ; Stuck at GND due to stuck port data_in                                              ;
; controller:controlSystem|gridLight:ledArray[1].ledArray2[1].LED|ps[3..31]   ; Stuck at GND due to stuck port data_in                                              ;
; controller:controlSystem|gridLight:ledArray[1].ledArray2[0].LED|ps[3..31]   ; Stuck at GND due to stuck port data_in                                              ;
; controller:controlSystem|gridLight:ledArray[0].ledArray2[15].LED|ps[3..31]  ; Stuck at GND due to stuck port data_in                                              ;
; controller:controlSystem|gridLight:ledArray[0].ledArray2[14].LED|ps[3..31]  ; Stuck at GND due to stuck port data_in                                              ;
; controller:controlSystem|gridLight:ledArray[0].ledArray2[13].LED|ps[3..31]  ; Stuck at GND due to stuck port data_in                                              ;
; controller:controlSystem|gridLight:ledArray[0].ledArray2[12].LED|ps[3..31]  ; Stuck at GND due to stuck port data_in                                              ;
; controller:controlSystem|gridLight:ledArray[0].ledArray2[11].LED|ps[3..31]  ; Stuck at GND due to stuck port data_in                                              ;
; controller:controlSystem|gridLight:ledArray[0].ledArray2[10].LED|ps[3..31]  ; Stuck at GND due to stuck port data_in                                              ;
; controller:controlSystem|gridLight:ledArray[0].ledArray2[9].LED|ps[3..31]   ; Stuck at GND due to stuck port data_in                                              ;
; controller:controlSystem|gridLight:ledArray[0].ledArray2[8].LED|ps[3..31]   ; Stuck at GND due to stuck port data_in                                              ;
; controller:controlSystem|gridLight:ledArray[0].ledArray2[7].LED|ps[3..31]   ; Stuck at GND due to stuck port data_in                                              ;
; controller:controlSystem|gridLight:ledArray[0].ledArray2[6].LED|ps[3..31]   ; Stuck at GND due to stuck port data_in                                              ;
; controller:controlSystem|gridLight:ledArray[0].ledArray2[5].LED|ps[3..31]   ; Stuck at GND due to stuck port data_in                                              ;
; controller:controlSystem|gridLight:ledArray[0].ledArray2[4].LED|ps[3..31]   ; Stuck at GND due to stuck port data_in                                              ;
; controller:controlSystem|gridLight:ledArray[0].ledArray2[3].LED|ps[3..31]   ; Stuck at GND due to stuck port data_in                                              ;
; controller:controlSystem|gridLight:ledArray[0].ledArray2[2].LED|ps[3..31]   ; Stuck at GND due to stuck port data_in                                              ;
; controller:controlSystem|gridLight:ledArray[0].ledArray2[1].LED|ps[3..31]   ; Stuck at GND due to stuck port data_in                                              ;
; controller:controlSystem|gridLight:ledArray[0].ledArray2[0].LED|ps[3..31]   ; Stuck at GND due to stuck port data_in                                              ;
; snakeHead:snake|ps[3..31]                                                   ; Stuck at GND due to stuck port data_in                                              ;
; audio_codec:codec|done_dac_channel_sync                                     ; Stuck at VCC due to stuck port data_in                                              ;
; audio_codec:codec|done_adc_channel_sync                                     ; Stuck at VCC due to stuck port data_in                                              ;
; audio_and_video_config:cfg|num_bits_to_transfer[0..2]                       ; Stuck at VCC due to stuck port data_in                                              ;
; controller:controlSystem|gridLight:ledArray[0].ledArray2[10].LED|flicker    ; Merged with controller:controlSystem|gridLight:ledArray[0].ledArray2[0].LED|flicker ;
; controller:controlSystem|gridLight:ledArray[0].ledArray2[11].LED|flicker    ; Merged with controller:controlSystem|gridLight:ledArray[0].ledArray2[0].LED|flicker ;
; controller:controlSystem|gridLight:ledArray[0].ledArray2[12].LED|flicker    ; Merged with controller:controlSystem|gridLight:ledArray[0].ledArray2[0].LED|flicker ;
; controller:controlSystem|gridLight:ledArray[0].ledArray2[13].LED|flicker    ; Merged with controller:controlSystem|gridLight:ledArray[0].ledArray2[0].LED|flicker ;
; controller:controlSystem|gridLight:ledArray[0].ledArray2[14].LED|flicker    ; Merged with controller:controlSystem|gridLight:ledArray[0].ledArray2[0].LED|flicker ;
; controller:controlSystem|gridLight:ledArray[0].ledArray2[15].LED|flicker    ; Merged with controller:controlSystem|gridLight:ledArray[0].ledArray2[0].LED|flicker ;
; controller:controlSystem|gridLight:ledArray[0].ledArray2[1].LED|flicker     ; Merged with controller:controlSystem|gridLight:ledArray[0].ledArray2[0].LED|flicker ;
; controller:controlSystem|gridLight:ledArray[0].ledArray2[2].LED|flicker     ; Merged with controller:controlSystem|gridLight:ledArray[0].ledArray2[0].LED|flicker ;
; controller:controlSystem|gridLight:ledArray[0].ledArray2[3].LED|flicker     ; Merged with controller:controlSystem|gridLight:ledArray[0].ledArray2[0].LED|flicker ;
; controller:controlSystem|gridLight:ledArray[0].ledArray2[4].LED|flicker     ; Merged with controller:controlSystem|gridLight:ledArray[0].ledArray2[0].LED|flicker ;
; controller:controlSystem|gridLight:ledArray[0].ledArray2[5].LED|flicker     ; Merged with controller:controlSystem|gridLight:ledArray[0].ledArray2[0].LED|flicker ;
; controller:controlSystem|gridLight:ledArray[0].ledArray2[6].LED|flicker     ; Merged with controller:controlSystem|gridLight:ledArray[0].ledArray2[0].LED|flicker ;
; controller:controlSystem|gridLight:ledArray[0].ledArray2[7].LED|flicker     ; Merged with controller:controlSystem|gridLight:ledArray[0].ledArray2[0].LED|flicker ;
; controller:controlSystem|gridLight:ledArray[0].ledArray2[8].LED|flicker     ; Merged with controller:controlSystem|gridLight:ledArray[0].ledArray2[0].LED|flicker ;
; controller:controlSystem|gridLight:ledArray[0].ledArray2[9].LED|flicker     ; Merged with controller:controlSystem|gridLight:ledArray[0].ledArray2[0].LED|flicker ;
; controller:controlSystem|gridLight:ledArray[10].ledArray2[0].LED|flicker    ; Merged with controller:controlSystem|gridLight:ledArray[0].ledArray2[0].LED|flicker ;
; controller:controlSystem|gridLight:ledArray[10].ledArray2[10].LED|flicker   ; Merged with controller:controlSystem|gridLight:ledArray[0].ledArray2[0].LED|flicker ;
; controller:controlSystem|gridLight:ledArray[10].ledArray2[11].LED|flicker   ; Merged with controller:controlSystem|gridLight:ledArray[0].ledArray2[0].LED|flicker ;
; controller:controlSystem|gridLight:ledArray[10].ledArray2[12].LED|flicker   ; Merged with controller:controlSystem|gridLight:ledArray[0].ledArray2[0].LED|flicker ;
; controller:controlSystem|gridLight:ledArray[10].ledArray2[13].LED|flicker   ; Merged with controller:controlSystem|gridLight:ledArray[0].ledArray2[0].LED|flicker ;
; controller:controlSystem|gridLight:ledArray[10].ledArray2[14].LED|flicker   ; Merged with controller:controlSystem|gridLight:ledArray[0].ledArray2[0].LED|flicker ;
; controller:controlSystem|gridLight:ledArray[10].ledArray2[15].LED|flicker   ; Merged with controller:controlSystem|gridLight:ledArray[0].ledArray2[0].LED|flicker ;
; controller:controlSystem|gridLight:ledArray[10].ledArray2[1].LED|flicker    ; Merged with controller:controlSystem|gridLight:ledArray[0].ledArray2[0].LED|flicker ;
; controller:controlSystem|gridLight:ledArray[10].ledArray2[2].LED|flicker    ; Merged with controller:controlSystem|gridLight:ledArray[0].ledArray2[0].LED|flicker ;
; controller:controlSystem|gridLight:ledArray[10].ledArray2[3].LED|flicker    ; Merged with controller:controlSystem|gridLight:ledArray[0].ledArray2[0].LED|flicker ;
; controller:controlSystem|gridLight:ledArray[10].ledArray2[4].LED|flicker    ; Merged with controller:controlSystem|gridLight:ledArray[0].ledArray2[0].LED|flicker ;
; controller:controlSystem|gridLight:ledArray[10].ledArray2[5].LED|flicker    ; Merged with controller:controlSystem|gridLight:ledArray[0].ledArray2[0].LED|flicker ;
; controller:controlSystem|gridLight:ledArray[10].ledArray2[6].LED|flicker    ; Merged with controller:controlSystem|gridLight:ledArray[0].ledArray2[0].LED|flicker ;
; controller:controlSystem|gridLight:ledArray[10].ledArray2[7].LED|flicker    ; Merged with controller:controlSystem|gridLight:ledArray[0].ledArray2[0].LED|flicker ;
; controller:controlSystem|gridLight:ledArray[10].ledArray2[8].LED|flicker    ; Merged with controller:controlSystem|gridLight:ledArray[0].ledArray2[0].LED|flicker ;
; controller:controlSystem|gridLight:ledArray[10].ledArray2[9].LED|flicker    ; Merged with controller:controlSystem|gridLight:ledArray[0].ledArray2[0].LED|flicker ;
; controller:controlSystem|gridLight:ledArray[11].ledArray2[0].LED|flicker    ; Merged with controller:controlSystem|gridLight:ledArray[0].ledArray2[0].LED|flicker ;
; controller:controlSystem|gridLight:ledArray[11].ledArray2[10].LED|flicker   ; Merged with controller:controlSystem|gridLight:ledArray[0].ledArray2[0].LED|flicker ;
; controller:controlSystem|gridLight:ledArray[11].ledArray2[11].LED|flicker   ; Merged with controller:controlSystem|gridLight:ledArray[0].ledArray2[0].LED|flicker ;
; controller:controlSystem|gridLight:ledArray[11].ledArray2[12].LED|flicker   ; Merged with controller:controlSystem|gridLight:ledArray[0].ledArray2[0].LED|flicker ;
; controller:controlSystem|gridLight:ledArray[11].ledArray2[13].LED|flicker   ; Merged with controller:controlSystem|gridLight:ledArray[0].ledArray2[0].LED|flicker ;
; controller:controlSystem|gridLight:ledArray[11].ledArray2[14].LED|flicker   ; Merged with controller:controlSystem|gridLight:ledArray[0].ledArray2[0].LED|flicker ;
; controller:controlSystem|gridLight:ledArray[11].ledArray2[15].LED|flicker   ; Merged with controller:controlSystem|gridLight:ledArray[0].ledArray2[0].LED|flicker ;
; controller:controlSystem|gridLight:ledArray[11].ledArray2[1].LED|flicker    ; Merged with controller:controlSystem|gridLight:ledArray[0].ledArray2[0].LED|flicker ;
; controller:controlSystem|gridLight:ledArray[11].ledArray2[2].LED|flicker    ; Merged with controller:controlSystem|gridLight:ledArray[0].ledArray2[0].LED|flicker ;
; controller:controlSystem|gridLight:ledArray[11].ledArray2[3].LED|flicker    ; Merged with controller:controlSystem|gridLight:ledArray[0].ledArray2[0].LED|flicker ;
; controller:controlSystem|gridLight:ledArray[11].ledArray2[4].LED|flicker    ; Merged with controller:controlSystem|gridLight:ledArray[0].ledArray2[0].LED|flicker ;
; controller:controlSystem|gridLight:ledArray[11].ledArray2[5].LED|flicker    ; Merged with controller:controlSystem|gridLight:ledArray[0].ledArray2[0].LED|flicker ;
; controller:controlSystem|gridLight:ledArray[11].ledArray2[6].LED|flicker    ; Merged with controller:controlSystem|gridLight:ledArray[0].ledArray2[0].LED|flicker ;
; controller:controlSystem|gridLight:ledArray[11].ledArray2[7].LED|flicker    ; Merged with controller:controlSystem|gridLight:ledArray[0].ledArray2[0].LED|flicker ;
; controller:controlSystem|gridLight:ledArray[11].ledArray2[8].LED|flicker    ; Merged with controller:controlSystem|gridLight:ledArray[0].ledArray2[0].LED|flicker ;
; controller:controlSystem|gridLight:ledArray[11].ledArray2[9].LED|flicker    ; Merged with controller:controlSystem|gridLight:ledArray[0].ledArray2[0].LED|flicker ;
; controller:controlSystem|gridLight:ledArray[12].ledArray2[0].LED|flicker    ; Merged with controller:controlSystem|gridLight:ledArray[0].ledArray2[0].LED|flicker ;
; controller:controlSystem|gridLight:ledArray[12].ledArray2[10].LED|flicker   ; Merged with controller:controlSystem|gridLight:ledArray[0].ledArray2[0].LED|flicker ;
; controller:controlSystem|gridLight:ledArray[12].ledArray2[11].LED|flicker   ; Merged with controller:controlSystem|gridLight:ledArray[0].ledArray2[0].LED|flicker ;
; controller:controlSystem|gridLight:ledArray[12].ledArray2[12].LED|flicker   ; Merged with controller:controlSystem|gridLight:ledArray[0].ledArray2[0].LED|flicker ;
; controller:controlSystem|gridLight:ledArray[12].ledArray2[13].LED|flicker   ; Merged with controller:controlSystem|gridLight:ledArray[0].ledArray2[0].LED|flicker ;
; controller:controlSystem|gridLight:ledArray[12].ledArray2[14].LED|flicker   ; Merged with controller:controlSystem|gridLight:ledArray[0].ledArray2[0].LED|flicker ;
; controller:controlSystem|gridLight:ledArray[12].ledArray2[15].LED|flicker   ; Merged with controller:controlSystem|gridLight:ledArray[0].ledArray2[0].LED|flicker ;
; controller:controlSystem|gridLight:ledArray[12].ledArray2[1].LED|flicker    ; Merged with controller:controlSystem|gridLight:ledArray[0].ledArray2[0].LED|flicker ;
; controller:controlSystem|gridLight:ledArray[12].ledArray2[2].LED|flicker    ; Merged with controller:controlSystem|gridLight:ledArray[0].ledArray2[0].LED|flicker ;
; controller:controlSystem|gridLight:ledArray[12].ledArray2[3].LED|flicker    ; Merged with controller:controlSystem|gridLight:ledArray[0].ledArray2[0].LED|flicker ;
; controller:controlSystem|gridLight:ledArray[12].ledArray2[4].LED|flicker    ; Merged with controller:controlSystem|gridLight:ledArray[0].ledArray2[0].LED|flicker ;
; controller:controlSystem|gridLight:ledArray[12].ledArray2[5].LED|flicker    ; Merged with controller:controlSystem|gridLight:ledArray[0].ledArray2[0].LED|flicker ;
; controller:controlSystem|gridLight:ledArray[12].ledArray2[6].LED|flicker    ; Merged with controller:controlSystem|gridLight:ledArray[0].ledArray2[0].LED|flicker ;
; controller:controlSystem|gridLight:ledArray[12].ledArray2[7].LED|flicker    ; Merged with controller:controlSystem|gridLight:ledArray[0].ledArray2[0].LED|flicker ;
; controller:controlSystem|gridLight:ledArray[12].ledArray2[8].LED|flicker    ; Merged with controller:controlSystem|gridLight:ledArray[0].ledArray2[0].LED|flicker ;
; controller:controlSystem|gridLight:ledArray[12].ledArray2[9].LED|flicker    ; Merged with controller:controlSystem|gridLight:ledArray[0].ledArray2[0].LED|flicker ;
; controller:controlSystem|gridLight:ledArray[13].ledArray2[0].LED|flicker    ; Merged with controller:controlSystem|gridLight:ledArray[0].ledArray2[0].LED|flicker ;
; controller:controlSystem|gridLight:ledArray[13].ledArray2[10].LED|flicker   ; Merged with controller:controlSystem|gridLight:ledArray[0].ledArray2[0].LED|flicker ;
; controller:controlSystem|gridLight:ledArray[13].ledArray2[11].LED|flicker   ; Merged with controller:controlSystem|gridLight:ledArray[0].ledArray2[0].LED|flicker ;
; controller:controlSystem|gridLight:ledArray[13].ledArray2[12].LED|flicker   ; Merged with controller:controlSystem|gridLight:ledArray[0].ledArray2[0].LED|flicker ;
; controller:controlSystem|gridLight:ledArray[13].ledArray2[13].LED|flicker   ; Merged with controller:controlSystem|gridLight:ledArray[0].ledArray2[0].LED|flicker ;
; controller:controlSystem|gridLight:ledArray[13].ledArray2[14].LED|flicker   ; Merged with controller:controlSystem|gridLight:ledArray[0].ledArray2[0].LED|flicker ;
; controller:controlSystem|gridLight:ledArray[13].ledArray2[15].LED|flicker   ; Merged with controller:controlSystem|gridLight:ledArray[0].ledArray2[0].LED|flicker ;
; controller:controlSystem|gridLight:ledArray[13].ledArray2[1].LED|flicker    ; Merged with controller:controlSystem|gridLight:ledArray[0].ledArray2[0].LED|flicker ;
; controller:controlSystem|gridLight:ledArray[13].ledArray2[2].LED|flicker    ; Merged with controller:controlSystem|gridLight:ledArray[0].ledArray2[0].LED|flicker ;
; controller:controlSystem|gridLight:ledArray[13].ledArray2[3].LED|flicker    ; Merged with controller:controlSystem|gridLight:ledArray[0].ledArray2[0].LED|flicker ;
; controller:controlSystem|gridLight:ledArray[13].ledArray2[4].LED|flicker    ; Merged with controller:controlSystem|gridLight:ledArray[0].ledArray2[0].LED|flicker ;
; controller:controlSystem|gridLight:ledArray[13].ledArray2[5].LED|flicker    ; Merged with controller:controlSystem|gridLight:ledArray[0].ledArray2[0].LED|flicker ;
; controller:controlSystem|gridLight:ledArray[13].ledArray2[6].LED|flicker    ; Merged with controller:controlSystem|gridLight:ledArray[0].ledArray2[0].LED|flicker ;
; controller:controlSystem|gridLight:ledArray[13].ledArray2[7].LED|flicker    ; Merged with controller:controlSystem|gridLight:ledArray[0].ledArray2[0].LED|flicker ;
; controller:controlSystem|gridLight:ledArray[13].ledArray2[8].LED|flicker    ; Merged with controller:controlSystem|gridLight:ledArray[0].ledArray2[0].LED|flicker ;
; controller:controlSystem|gridLight:ledArray[13].ledArray2[9].LED|flicker    ; Merged with controller:controlSystem|gridLight:ledArray[0].ledArray2[0].LED|flicker ;
; controller:controlSystem|gridLight:ledArray[14].ledArray2[0].LED|flicker    ; Merged with controller:controlSystem|gridLight:ledArray[0].ledArray2[0].LED|flicker ;
; controller:controlSystem|gridLight:ledArray[14].ledArray2[10].LED|flicker   ; Merged with controller:controlSystem|gridLight:ledArray[0].ledArray2[0].LED|flicker ;
; controller:controlSystem|gridLight:ledArray[14].ledArray2[11].LED|flicker   ; Merged with controller:controlSystem|gridLight:ledArray[0].ledArray2[0].LED|flicker ;
; controller:controlSystem|gridLight:ledArray[14].ledArray2[12].LED|flicker   ; Merged with controller:controlSystem|gridLight:ledArray[0].ledArray2[0].LED|flicker ;
; controller:controlSystem|gridLight:ledArray[14].ledArray2[13].LED|flicker   ; Merged with controller:controlSystem|gridLight:ledArray[0].ledArray2[0].LED|flicker ;
; controller:controlSystem|gridLight:ledArray[14].ledArray2[14].LED|flicker   ; Merged with controller:controlSystem|gridLight:ledArray[0].ledArray2[0].LED|flicker ;
; controller:controlSystem|gridLight:ledArray[14].ledArray2[15].LED|flicker   ; Merged with controller:controlSystem|gridLight:ledArray[0].ledArray2[0].LED|flicker ;
; controller:controlSystem|gridLight:ledArray[14].ledArray2[1].LED|flicker    ; Merged with controller:controlSystem|gridLight:ledArray[0].ledArray2[0].LED|flicker ;
; controller:controlSystem|gridLight:ledArray[14].ledArray2[2].LED|flicker    ; Merged with controller:controlSystem|gridLight:ledArray[0].ledArray2[0].LED|flicker ;
; controller:controlSystem|gridLight:ledArray[14].ledArray2[3].LED|flicker    ; Merged with controller:controlSystem|gridLight:ledArray[0].ledArray2[0].LED|flicker ;
; controller:controlSystem|gridLight:ledArray[14].ledArray2[4].LED|flicker    ; Merged with controller:controlSystem|gridLight:ledArray[0].ledArray2[0].LED|flicker ;
; controller:controlSystem|gridLight:ledArray[14].ledArray2[5].LED|flicker    ; Merged with controller:controlSystem|gridLight:ledArray[0].ledArray2[0].LED|flicker ;
; controller:controlSystem|gridLight:ledArray[14].ledArray2[6].LED|flicker    ; Merged with controller:controlSystem|gridLight:ledArray[0].ledArray2[0].LED|flicker ;
; controller:controlSystem|gridLight:ledArray[14].ledArray2[7].LED|flicker    ; Merged with controller:controlSystem|gridLight:ledArray[0].ledArray2[0].LED|flicker ;
; controller:controlSystem|gridLight:ledArray[14].ledArray2[8].LED|flicker    ; Merged with controller:controlSystem|gridLight:ledArray[0].ledArray2[0].LED|flicker ;
; controller:controlSystem|gridLight:ledArray[14].ledArray2[9].LED|flicker    ; Merged with controller:controlSystem|gridLight:ledArray[0].ledArray2[0].LED|flicker ;
; controller:controlSystem|gridLight:ledArray[15].ledArray2[0].LED|flicker    ; Merged with controller:controlSystem|gridLight:ledArray[0].ledArray2[0].LED|flicker ;
; controller:controlSystem|gridLight:ledArray[15].ledArray2[10].LED|flicker   ; Merged with controller:controlSystem|gridLight:ledArray[0].ledArray2[0].LED|flicker ;
; controller:controlSystem|gridLight:ledArray[15].ledArray2[11].LED|flicker   ; Merged with controller:controlSystem|gridLight:ledArray[0].ledArray2[0].LED|flicker ;
; controller:controlSystem|gridLight:ledArray[15].ledArray2[12].LED|flicker   ; Merged with controller:controlSystem|gridLight:ledArray[0].ledArray2[0].LED|flicker ;
; controller:controlSystem|gridLight:ledArray[15].ledArray2[13].LED|flicker   ; Merged with controller:controlSystem|gridLight:ledArray[0].ledArray2[0].LED|flicker ;
; controller:controlSystem|gridLight:ledArray[15].ledArray2[14].LED|flicker   ; Merged with controller:controlSystem|gridLight:ledArray[0].ledArray2[0].LED|flicker ;
; controller:controlSystem|gridLight:ledArray[15].ledArray2[15].LED|flicker   ; Merged with controller:controlSystem|gridLight:ledArray[0].ledArray2[0].LED|flicker ;
; controller:controlSystem|gridLight:ledArray[15].ledArray2[1].LED|flicker    ; Merged with controller:controlSystem|gridLight:ledArray[0].ledArray2[0].LED|flicker ;
; controller:controlSystem|gridLight:ledArray[15].ledArray2[2].LED|flicker    ; Merged with controller:controlSystem|gridLight:ledArray[0].ledArray2[0].LED|flicker ;
; controller:controlSystem|gridLight:ledArray[15].ledArray2[3].LED|flicker    ; Merged with controller:controlSystem|gridLight:ledArray[0].ledArray2[0].LED|flicker ;
; controller:controlSystem|gridLight:ledArray[15].ledArray2[4].LED|flicker    ; Merged with controller:controlSystem|gridLight:ledArray[0].ledArray2[0].LED|flicker ;
; controller:controlSystem|gridLight:ledArray[15].ledArray2[5].LED|flicker    ; Merged with controller:controlSystem|gridLight:ledArray[0].ledArray2[0].LED|flicker ;
; controller:controlSystem|gridLight:ledArray[15].ledArray2[6].LED|flicker    ; Merged with controller:controlSystem|gridLight:ledArray[0].ledArray2[0].LED|flicker ;
; controller:controlSystem|gridLight:ledArray[15].ledArray2[7].LED|flicker    ; Merged with controller:controlSystem|gridLight:ledArray[0].ledArray2[0].LED|flicker ;
; controller:controlSystem|gridLight:ledArray[15].ledArray2[8].LED|flicker    ; Merged with controller:controlSystem|gridLight:ledArray[0].ledArray2[0].LED|flicker ;
; controller:controlSystem|gridLight:ledArray[15].ledArray2[9].LED|flicker    ; Merged with controller:controlSystem|gridLight:ledArray[0].ledArray2[0].LED|flicker ;
; controller:controlSystem|gridLight:ledArray[1].ledArray2[0].LED|flicker     ; Merged with controller:controlSystem|gridLight:ledArray[0].ledArray2[0].LED|flicker ;
; controller:controlSystem|gridLight:ledArray[1].ledArray2[10].LED|flicker    ; Merged with controller:controlSystem|gridLight:ledArray[0].ledArray2[0].LED|flicker ;
; controller:controlSystem|gridLight:ledArray[1].ledArray2[11].LED|flicker    ; Merged with controller:controlSystem|gridLight:ledArray[0].ledArray2[0].LED|flicker ;
; controller:controlSystem|gridLight:ledArray[1].ledArray2[12].LED|flicker    ; Merged with controller:controlSystem|gridLight:ledArray[0].ledArray2[0].LED|flicker ;
; controller:controlSystem|gridLight:ledArray[1].ledArray2[13].LED|flicker    ; Merged with controller:controlSystem|gridLight:ledArray[0].ledArray2[0].LED|flicker ;
; controller:controlSystem|gridLight:ledArray[1].ledArray2[14].LED|flicker    ; Merged with controller:controlSystem|gridLight:ledArray[0].ledArray2[0].LED|flicker ;
; controller:controlSystem|gridLight:ledArray[1].ledArray2[15].LED|flicker    ; Merged with controller:controlSystem|gridLight:ledArray[0].ledArray2[0].LED|flicker ;
; controller:controlSystem|gridLight:ledArray[1].ledArray2[1].LED|flicker     ; Merged with controller:controlSystem|gridLight:ledArray[0].ledArray2[0].LED|flicker ;
; controller:controlSystem|gridLight:ledArray[1].ledArray2[2].LED|flicker     ; Merged with controller:controlSystem|gridLight:ledArray[0].ledArray2[0].LED|flicker ;
; controller:controlSystem|gridLight:ledArray[1].ledArray2[3].LED|flicker     ; Merged with controller:controlSystem|gridLight:ledArray[0].ledArray2[0].LED|flicker ;
; controller:controlSystem|gridLight:ledArray[1].ledArray2[4].LED|flicker     ; Merged with controller:controlSystem|gridLight:ledArray[0].ledArray2[0].LED|flicker ;
; controller:controlSystem|gridLight:ledArray[1].ledArray2[5].LED|flicker     ; Merged with controller:controlSystem|gridLight:ledArray[0].ledArray2[0].LED|flicker ;
; controller:controlSystem|gridLight:ledArray[1].ledArray2[6].LED|flicker     ; Merged with controller:controlSystem|gridLight:ledArray[0].ledArray2[0].LED|flicker ;
; controller:controlSystem|gridLight:ledArray[1].ledArray2[7].LED|flicker     ; Merged with controller:controlSystem|gridLight:ledArray[0].ledArray2[0].LED|flicker ;
; controller:controlSystem|gridLight:ledArray[1].ledArray2[8].LED|flicker     ; Merged with controller:controlSystem|gridLight:ledArray[0].ledArray2[0].LED|flicker ;
; controller:controlSystem|gridLight:ledArray[1].ledArray2[9].LED|flicker     ; Merged with controller:controlSystem|gridLight:ledArray[0].ledArray2[0].LED|flicker ;
; controller:controlSystem|gridLight:ledArray[2].ledArray2[0].LED|flicker     ; Merged with controller:controlSystem|gridLight:ledArray[0].ledArray2[0].LED|flicker ;
; controller:controlSystem|gridLight:ledArray[2].ledArray2[10].LED|flicker    ; Merged with controller:controlSystem|gridLight:ledArray[0].ledArray2[0].LED|flicker ;
; controller:controlSystem|gridLight:ledArray[2].ledArray2[11].LED|flicker    ; Merged with controller:controlSystem|gridLight:ledArray[0].ledArray2[0].LED|flicker ;
; controller:controlSystem|gridLight:ledArray[2].ledArray2[12].LED|flicker    ; Merged with controller:controlSystem|gridLight:ledArray[0].ledArray2[0].LED|flicker ;
; controller:controlSystem|gridLight:ledArray[2].ledArray2[13].LED|flicker    ; Merged with controller:controlSystem|gridLight:ledArray[0].ledArray2[0].LED|flicker ;
; controller:controlSystem|gridLight:ledArray[2].ledArray2[14].LED|flicker    ; Merged with controller:controlSystem|gridLight:ledArray[0].ledArray2[0].LED|flicker ;
; controller:controlSystem|gridLight:ledArray[2].ledArray2[15].LED|flicker    ; Merged with controller:controlSystem|gridLight:ledArray[0].ledArray2[0].LED|flicker ;
; controller:controlSystem|gridLight:ledArray[2].ledArray2[1].LED|flicker     ; Merged with controller:controlSystem|gridLight:ledArray[0].ledArray2[0].LED|flicker ;
; controller:controlSystem|gridLight:ledArray[2].ledArray2[2].LED|flicker     ; Merged with controller:controlSystem|gridLight:ledArray[0].ledArray2[0].LED|flicker ;
; controller:controlSystem|gridLight:ledArray[2].ledArray2[3].LED|flicker     ; Merged with controller:controlSystem|gridLight:ledArray[0].ledArray2[0].LED|flicker ;
; controller:controlSystem|gridLight:ledArray[2].ledArray2[4].LED|flicker     ; Merged with controller:controlSystem|gridLight:ledArray[0].ledArray2[0].LED|flicker ;
; controller:controlSystem|gridLight:ledArray[2].ledArray2[5].LED|flicker     ; Merged with controller:controlSystem|gridLight:ledArray[0].ledArray2[0].LED|flicker ;
; controller:controlSystem|gridLight:ledArray[2].ledArray2[6].LED|flicker     ; Merged with controller:controlSystem|gridLight:ledArray[0].ledArray2[0].LED|flicker ;
; controller:controlSystem|gridLight:ledArray[2].ledArray2[7].LED|flicker     ; Merged with controller:controlSystem|gridLight:ledArray[0].ledArray2[0].LED|flicker ;
; controller:controlSystem|gridLight:ledArray[2].ledArray2[8].LED|flicker     ; Merged with controller:controlSystem|gridLight:ledArray[0].ledArray2[0].LED|flicker ;
; controller:controlSystem|gridLight:ledArray[2].ledArray2[9].LED|flicker     ; Merged with controller:controlSystem|gridLight:ledArray[0].ledArray2[0].LED|flicker ;
; controller:controlSystem|gridLight:ledArray[3].ledArray2[0].LED|flicker     ; Merged with controller:controlSystem|gridLight:ledArray[0].ledArray2[0].LED|flicker ;
; controller:controlSystem|gridLight:ledArray[3].ledArray2[10].LED|flicker    ; Merged with controller:controlSystem|gridLight:ledArray[0].ledArray2[0].LED|flicker ;
; controller:controlSystem|gridLight:ledArray[3].ledArray2[11].LED|flicker    ; Merged with controller:controlSystem|gridLight:ledArray[0].ledArray2[0].LED|flicker ;
; controller:controlSystem|gridLight:ledArray[3].ledArray2[12].LED|flicker    ; Merged with controller:controlSystem|gridLight:ledArray[0].ledArray2[0].LED|flicker ;
; controller:controlSystem|gridLight:ledArray[3].ledArray2[13].LED|flicker    ; Merged with controller:controlSystem|gridLight:ledArray[0].ledArray2[0].LED|flicker ;
; controller:controlSystem|gridLight:ledArray[3].ledArray2[14].LED|flicker    ; Merged with controller:controlSystem|gridLight:ledArray[0].ledArray2[0].LED|flicker ;
; controller:controlSystem|gridLight:ledArray[3].ledArray2[15].LED|flicker    ; Merged with controller:controlSystem|gridLight:ledArray[0].ledArray2[0].LED|flicker ;
; controller:controlSystem|gridLight:ledArray[3].ledArray2[1].LED|flicker     ; Merged with controller:controlSystem|gridLight:ledArray[0].ledArray2[0].LED|flicker ;
; controller:controlSystem|gridLight:ledArray[3].ledArray2[2].LED|flicker     ; Merged with controller:controlSystem|gridLight:ledArray[0].ledArray2[0].LED|flicker ;
; controller:controlSystem|gridLight:ledArray[3].ledArray2[3].LED|flicker     ; Merged with controller:controlSystem|gridLight:ledArray[0].ledArray2[0].LED|flicker ;
; controller:controlSystem|gridLight:ledArray[3].ledArray2[4].LED|flicker     ; Merged with controller:controlSystem|gridLight:ledArray[0].ledArray2[0].LED|flicker ;
; controller:controlSystem|gridLight:ledArray[3].ledArray2[5].LED|flicker     ; Merged with controller:controlSystem|gridLight:ledArray[0].ledArray2[0].LED|flicker ;
; controller:controlSystem|gridLight:ledArray[3].ledArray2[6].LED|flicker     ; Merged with controller:controlSystem|gridLight:ledArray[0].ledArray2[0].LED|flicker ;
; controller:controlSystem|gridLight:ledArray[3].ledArray2[7].LED|flicker     ; Merged with controller:controlSystem|gridLight:ledArray[0].ledArray2[0].LED|flicker ;
; controller:controlSystem|gridLight:ledArray[3].ledArray2[8].LED|flicker     ; Merged with controller:controlSystem|gridLight:ledArray[0].ledArray2[0].LED|flicker ;
; controller:controlSystem|gridLight:ledArray[3].ledArray2[9].LED|flicker     ; Merged with controller:controlSystem|gridLight:ledArray[0].ledArray2[0].LED|flicker ;
; controller:controlSystem|gridLight:ledArray[4].ledArray2[0].LED|flicker     ; Merged with controller:controlSystem|gridLight:ledArray[0].ledArray2[0].LED|flicker ;
; controller:controlSystem|gridLight:ledArray[4].ledArray2[10].LED|flicker    ; Merged with controller:controlSystem|gridLight:ledArray[0].ledArray2[0].LED|flicker ;
; controller:controlSystem|gridLight:ledArray[4].ledArray2[11].LED|flicker    ; Merged with controller:controlSystem|gridLight:ledArray[0].ledArray2[0].LED|flicker ;
; controller:controlSystem|gridLight:ledArray[4].ledArray2[12].LED|flicker    ; Merged with controller:controlSystem|gridLight:ledArray[0].ledArray2[0].LED|flicker ;
; controller:controlSystem|gridLight:ledArray[4].ledArray2[13].LED|flicker    ; Merged with controller:controlSystem|gridLight:ledArray[0].ledArray2[0].LED|flicker ;
; controller:controlSystem|gridLight:ledArray[4].ledArray2[14].LED|flicker    ; Merged with controller:controlSystem|gridLight:ledArray[0].ledArray2[0].LED|flicker ;
; controller:controlSystem|gridLight:ledArray[4].ledArray2[15].LED|flicker    ; Merged with controller:controlSystem|gridLight:ledArray[0].ledArray2[0].LED|flicker ;
; controller:controlSystem|gridLight:ledArray[4].ledArray2[1].LED|flicker     ; Merged with controller:controlSystem|gridLight:ledArray[0].ledArray2[0].LED|flicker ;
; controller:controlSystem|gridLight:ledArray[4].ledArray2[2].LED|flicker     ; Merged with controller:controlSystem|gridLight:ledArray[0].ledArray2[0].LED|flicker ;
; controller:controlSystem|gridLight:ledArray[4].ledArray2[3].LED|flicker     ; Merged with controller:controlSystem|gridLight:ledArray[0].ledArray2[0].LED|flicker ;
; controller:controlSystem|gridLight:ledArray[4].ledArray2[4].LED|flicker     ; Merged with controller:controlSystem|gridLight:ledArray[0].ledArray2[0].LED|flicker ;
; controller:controlSystem|gridLight:ledArray[4].ledArray2[5].LED|flicker     ; Merged with controller:controlSystem|gridLight:ledArray[0].ledArray2[0].LED|flicker ;
; controller:controlSystem|gridLight:ledArray[4].ledArray2[6].LED|flicker     ; Merged with controller:controlSystem|gridLight:ledArray[0].ledArray2[0].LED|flicker ;
; controller:controlSystem|gridLight:ledArray[4].ledArray2[7].LED|flicker     ; Merged with controller:controlSystem|gridLight:ledArray[0].ledArray2[0].LED|flicker ;
; controller:controlSystem|gridLight:ledArray[4].ledArray2[8].LED|flicker     ; Merged with controller:controlSystem|gridLight:ledArray[0].ledArray2[0].LED|flicker ;
; controller:controlSystem|gridLight:ledArray[4].ledArray2[9].LED|flicker     ; Merged with controller:controlSystem|gridLight:ledArray[0].ledArray2[0].LED|flicker ;
; controller:controlSystem|gridLight:ledArray[5].ledArray2[0].LED|flicker     ; Merged with controller:controlSystem|gridLight:ledArray[0].ledArray2[0].LED|flicker ;
; controller:controlSystem|gridLight:ledArray[5].ledArray2[10].LED|flicker    ; Merged with controller:controlSystem|gridLight:ledArray[0].ledArray2[0].LED|flicker ;
; controller:controlSystem|gridLight:ledArray[5].ledArray2[11].LED|flicker    ; Merged with controller:controlSystem|gridLight:ledArray[0].ledArray2[0].LED|flicker ;
; controller:controlSystem|gridLight:ledArray[5].ledArray2[12].LED|flicker    ; Merged with controller:controlSystem|gridLight:ledArray[0].ledArray2[0].LED|flicker ;
; controller:controlSystem|gridLight:ledArray[5].ledArray2[13].LED|flicker    ; Merged with controller:controlSystem|gridLight:ledArray[0].ledArray2[0].LED|flicker ;
; controller:controlSystem|gridLight:ledArray[5].ledArray2[14].LED|flicker    ; Merged with controller:controlSystem|gridLight:ledArray[0].ledArray2[0].LED|flicker ;
; controller:controlSystem|gridLight:ledArray[5].ledArray2[15].LED|flicker    ; Merged with controller:controlSystem|gridLight:ledArray[0].ledArray2[0].LED|flicker ;
; controller:controlSystem|gridLight:ledArray[5].ledArray2[1].LED|flicker     ; Merged with controller:controlSystem|gridLight:ledArray[0].ledArray2[0].LED|flicker ;
; controller:controlSystem|gridLight:ledArray[5].ledArray2[2].LED|flicker     ; Merged with controller:controlSystem|gridLight:ledArray[0].ledArray2[0].LED|flicker ;
; controller:controlSystem|gridLight:ledArray[5].ledArray2[3].LED|flicker     ; Merged with controller:controlSystem|gridLight:ledArray[0].ledArray2[0].LED|flicker ;
; controller:controlSystem|gridLight:ledArray[5].ledArray2[4].LED|flicker     ; Merged with controller:controlSystem|gridLight:ledArray[0].ledArray2[0].LED|flicker ;
; controller:controlSystem|gridLight:ledArray[5].ledArray2[5].LED|flicker     ; Merged with controller:controlSystem|gridLight:ledArray[0].ledArray2[0].LED|flicker ;
; controller:controlSystem|gridLight:ledArray[5].ledArray2[6].LED|flicker     ; Merged with controller:controlSystem|gridLight:ledArray[0].ledArray2[0].LED|flicker ;
; controller:controlSystem|gridLight:ledArray[5].ledArray2[7].LED|flicker     ; Merged with controller:controlSystem|gridLight:ledArray[0].ledArray2[0].LED|flicker ;
; controller:controlSystem|gridLight:ledArray[5].ledArray2[8].LED|flicker     ; Merged with controller:controlSystem|gridLight:ledArray[0].ledArray2[0].LED|flicker ;
; controller:controlSystem|gridLight:ledArray[5].ledArray2[9].LED|flicker     ; Merged with controller:controlSystem|gridLight:ledArray[0].ledArray2[0].LED|flicker ;
; controller:controlSystem|gridLight:ledArray[6].ledArray2[0].LED|flicker     ; Merged with controller:controlSystem|gridLight:ledArray[0].ledArray2[0].LED|flicker ;
; controller:controlSystem|gridLight:ledArray[6].ledArray2[10].LED|flicker    ; Merged with controller:controlSystem|gridLight:ledArray[0].ledArray2[0].LED|flicker ;
; controller:controlSystem|gridLight:ledArray[6].ledArray2[11].LED|flicker    ; Merged with controller:controlSystem|gridLight:ledArray[0].ledArray2[0].LED|flicker ;
; controller:controlSystem|gridLight:ledArray[6].ledArray2[12].LED|flicker    ; Merged with controller:controlSystem|gridLight:ledArray[0].ledArray2[0].LED|flicker ;
; controller:controlSystem|gridLight:ledArray[6].ledArray2[13].LED|flicker    ; Merged with controller:controlSystem|gridLight:ledArray[0].ledArray2[0].LED|flicker ;
; controller:controlSystem|gridLight:ledArray[6].ledArray2[14].LED|flicker    ; Merged with controller:controlSystem|gridLight:ledArray[0].ledArray2[0].LED|flicker ;
; controller:controlSystem|gridLight:ledArray[6].ledArray2[15].LED|flicker    ; Merged with controller:controlSystem|gridLight:ledArray[0].ledArray2[0].LED|flicker ;
; controller:controlSystem|gridLight:ledArray[6].ledArray2[1].LED|flicker     ; Merged with controller:controlSystem|gridLight:ledArray[0].ledArray2[0].LED|flicker ;
; controller:controlSystem|gridLight:ledArray[6].ledArray2[2].LED|flicker     ; Merged with controller:controlSystem|gridLight:ledArray[0].ledArray2[0].LED|flicker ;
; controller:controlSystem|gridLight:ledArray[6].ledArray2[3].LED|flicker     ; Merged with controller:controlSystem|gridLight:ledArray[0].ledArray2[0].LED|flicker ;
; controller:controlSystem|gridLight:ledArray[6].ledArray2[4].LED|flicker     ; Merged with controller:controlSystem|gridLight:ledArray[0].ledArray2[0].LED|flicker ;
; controller:controlSystem|gridLight:ledArray[6].ledArray2[5].LED|flicker     ; Merged with controller:controlSystem|gridLight:ledArray[0].ledArray2[0].LED|flicker ;
; controller:controlSystem|gridLight:ledArray[6].ledArray2[6].LED|flicker     ; Merged with controller:controlSystem|gridLight:ledArray[0].ledArray2[0].LED|flicker ;
; controller:controlSystem|gridLight:ledArray[6].ledArray2[7].LED|flicker     ; Merged with controller:controlSystem|gridLight:ledArray[0].ledArray2[0].LED|flicker ;
; controller:controlSystem|gridLight:ledArray[6].ledArray2[8].LED|flicker     ; Merged with controller:controlSystem|gridLight:ledArray[0].ledArray2[0].LED|flicker ;
; controller:controlSystem|gridLight:ledArray[6].ledArray2[9].LED|flicker     ; Merged with controller:controlSystem|gridLight:ledArray[0].ledArray2[0].LED|flicker ;
; controller:controlSystem|gridLight:ledArray[7].ledArray2[0].LED|flicker     ; Merged with controller:controlSystem|gridLight:ledArray[0].ledArray2[0].LED|flicker ;
; controller:controlSystem|gridLight:ledArray[7].ledArray2[10].LED|flicker    ; Merged with controller:controlSystem|gridLight:ledArray[0].ledArray2[0].LED|flicker ;
; controller:controlSystem|gridLight:ledArray[7].ledArray2[11].LED|flicker    ; Merged with controller:controlSystem|gridLight:ledArray[0].ledArray2[0].LED|flicker ;
; controller:controlSystem|gridLight:ledArray[7].ledArray2[12].LED|flicker    ; Merged with controller:controlSystem|gridLight:ledArray[0].ledArray2[0].LED|flicker ;
; controller:controlSystem|gridLight:ledArray[7].ledArray2[13].LED|flicker    ; Merged with controller:controlSystem|gridLight:ledArray[0].ledArray2[0].LED|flicker ;
; controller:controlSystem|gridLight:ledArray[7].ledArray2[14].LED|flicker    ; Merged with controller:controlSystem|gridLight:ledArray[0].ledArray2[0].LED|flicker ;
; controller:controlSystem|gridLight:ledArray[7].ledArray2[15].LED|flicker    ; Merged with controller:controlSystem|gridLight:ledArray[0].ledArray2[0].LED|flicker ;
; controller:controlSystem|gridLight:ledArray[7].ledArray2[1].LED|flicker     ; Merged with controller:controlSystem|gridLight:ledArray[0].ledArray2[0].LED|flicker ;
; controller:controlSystem|gridLight:ledArray[7].ledArray2[2].LED|flicker     ; Merged with controller:controlSystem|gridLight:ledArray[0].ledArray2[0].LED|flicker ;
; controller:controlSystem|gridLight:ledArray[7].ledArray2[3].LED|flicker     ; Merged with controller:controlSystem|gridLight:ledArray[0].ledArray2[0].LED|flicker ;
; controller:controlSystem|gridLight:ledArray[7].ledArray2[4].LED|flicker     ; Merged with controller:controlSystem|gridLight:ledArray[0].ledArray2[0].LED|flicker ;
; controller:controlSystem|gridLight:ledArray[7].ledArray2[5].LED|flicker     ; Merged with controller:controlSystem|gridLight:ledArray[0].ledArray2[0].LED|flicker ;
; controller:controlSystem|gridLight:ledArray[7].ledArray2[6].LED|flicker     ; Merged with controller:controlSystem|gridLight:ledArray[0].ledArray2[0].LED|flicker ;
; controller:controlSystem|gridLight:ledArray[7].ledArray2[7].LED|flicker     ; Merged with controller:controlSystem|gridLight:ledArray[0].ledArray2[0].LED|flicker ;
; controller:controlSystem|gridLight:ledArray[7].ledArray2[8].LED|flicker     ; Merged with controller:controlSystem|gridLight:ledArray[0].ledArray2[0].LED|flicker ;
; controller:controlSystem|gridLight:ledArray[7].ledArray2[9].LED|flicker     ; Merged with controller:controlSystem|gridLight:ledArray[0].ledArray2[0].LED|flicker ;
; controller:controlSystem|gridLight:ledArray[8].ledArray2[0].LED|flicker     ; Merged with controller:controlSystem|gridLight:ledArray[0].ledArray2[0].LED|flicker ;
; controller:controlSystem|gridLight:ledArray[8].ledArray2[10].LED|flicker    ; Merged with controller:controlSystem|gridLight:ledArray[0].ledArray2[0].LED|flicker ;
; controller:controlSystem|gridLight:ledArray[8].ledArray2[11].LED|flicker    ; Merged with controller:controlSystem|gridLight:ledArray[0].ledArray2[0].LED|flicker ;
; controller:controlSystem|gridLight:ledArray[8].ledArray2[12].LED|flicker    ; Merged with controller:controlSystem|gridLight:ledArray[0].ledArray2[0].LED|flicker ;
; controller:controlSystem|gridLight:ledArray[8].ledArray2[13].LED|flicker    ; Merged with controller:controlSystem|gridLight:ledArray[0].ledArray2[0].LED|flicker ;
; controller:controlSystem|gridLight:ledArray[8].ledArray2[14].LED|flicker    ; Merged with controller:controlSystem|gridLight:ledArray[0].ledArray2[0].LED|flicker ;
; controller:controlSystem|gridLight:ledArray[8].ledArray2[15].LED|flicker    ; Merged with controller:controlSystem|gridLight:ledArray[0].ledArray2[0].LED|flicker ;
; controller:controlSystem|gridLight:ledArray[8].ledArray2[1].LED|flicker     ; Merged with controller:controlSystem|gridLight:ledArray[0].ledArray2[0].LED|flicker ;
; controller:controlSystem|gridLight:ledArray[8].ledArray2[2].LED|flicker     ; Merged with controller:controlSystem|gridLight:ledArray[0].ledArray2[0].LED|flicker ;
; controller:controlSystem|gridLight:ledArray[8].ledArray2[3].LED|flicker     ; Merged with controller:controlSystem|gridLight:ledArray[0].ledArray2[0].LED|flicker ;
; controller:controlSystem|gridLight:ledArray[8].ledArray2[4].LED|flicker     ; Merged with controller:controlSystem|gridLight:ledArray[0].ledArray2[0].LED|flicker ;
; controller:controlSystem|gridLight:ledArray[8].ledArray2[5].LED|flicker     ; Merged with controller:controlSystem|gridLight:ledArray[0].ledArray2[0].LED|flicker ;
; controller:controlSystem|gridLight:ledArray[8].ledArray2[6].LED|flicker     ; Merged with controller:controlSystem|gridLight:ledArray[0].ledArray2[0].LED|flicker ;
; controller:controlSystem|gridLight:ledArray[8].ledArray2[7].LED|flicker     ; Merged with controller:controlSystem|gridLight:ledArray[0].ledArray2[0].LED|flicker ;
; controller:controlSystem|gridLight:ledArray[8].ledArray2[8].LED|flicker     ; Merged with controller:controlSystem|gridLight:ledArray[0].ledArray2[0].LED|flicker ;
; controller:controlSystem|gridLight:ledArray[8].ledArray2[9].LED|flicker     ; Merged with controller:controlSystem|gridLight:ledArray[0].ledArray2[0].LED|flicker ;
; controller:controlSystem|gridLight:ledArray[9].ledArray2[0].LED|flicker     ; Merged with controller:controlSystem|gridLight:ledArray[0].ledArray2[0].LED|flicker ;
; controller:controlSystem|gridLight:ledArray[9].ledArray2[10].LED|flicker    ; Merged with controller:controlSystem|gridLight:ledArray[0].ledArray2[0].LED|flicker ;
; controller:controlSystem|gridLight:ledArray[9].ledArray2[11].LED|flicker    ; Merged with controller:controlSystem|gridLight:ledArray[0].ledArray2[0].LED|flicker ;
; controller:controlSystem|gridLight:ledArray[9].ledArray2[12].LED|flicker    ; Merged with controller:controlSystem|gridLight:ledArray[0].ledArray2[0].LED|flicker ;
; controller:controlSystem|gridLight:ledArray[9].ledArray2[13].LED|flicker    ; Merged with controller:controlSystem|gridLight:ledArray[0].ledArray2[0].LED|flicker ;
; controller:controlSystem|gridLight:ledArray[9].ledArray2[14].LED|flicker    ; Merged with controller:controlSystem|gridLight:ledArray[0].ledArray2[0].LED|flicker ;
; controller:controlSystem|gridLight:ledArray[9].ledArray2[15].LED|flicker    ; Merged with controller:controlSystem|gridLight:ledArray[0].ledArray2[0].LED|flicker ;
; controller:controlSystem|gridLight:ledArray[9].ledArray2[1].LED|flicker     ; Merged with controller:controlSystem|gridLight:ledArray[0].ledArray2[0].LED|flicker ;
; controller:controlSystem|gridLight:ledArray[9].ledArray2[2].LED|flicker     ; Merged with controller:controlSystem|gridLight:ledArray[0].ledArray2[0].LED|flicker ;
; controller:controlSystem|gridLight:ledArray[9].ledArray2[3].LED|flicker     ; Merged with controller:controlSystem|gridLight:ledArray[0].ledArray2[0].LED|flicker ;
; controller:controlSystem|gridLight:ledArray[9].ledArray2[4].LED|flicker     ; Merged with controller:controlSystem|gridLight:ledArray[0].ledArray2[0].LED|flicker ;
; controller:controlSystem|gridLight:ledArray[9].ledArray2[5].LED|flicker     ; Merged with controller:controlSystem|gridLight:ledArray[0].ledArray2[0].LED|flicker ;
; controller:controlSystem|gridLight:ledArray[9].ledArray2[6].LED|flicker     ; Merged with controller:controlSystem|gridLight:ledArray[0].ledArray2[0].LED|flicker ;
; controller:controlSystem|gridLight:ledArray[9].ledArray2[7].LED|flicker     ; Merged with controller:controlSystem|gridLight:ledArray[0].ledArray2[0].LED|flicker ;
; controller:controlSystem|gridLight:ledArray[9].ledArray2[8].LED|flicker     ; Merged with controller:controlSystem|gridLight:ledArray[0].ledArray2[0].LED|flicker ;
; controller:controlSystem|gridLight:ledArray[9].ledArray2[9].LED|flicker     ; Merged with controller:controlSystem|gridLight:ledArray[0].ledArray2[0].LED|flicker ;
; video_driver:v1|rout[1,4,5]                                                 ; Merged with video_driver:v1|rout[0]                                                 ;
; video_driver:v1|rout[3]                                                     ; Merged with video_driver:v1|rout[2]                                                 ;
; video_driver:v1|gout[1..5]                                                  ; Merged with video_driver:v1|gout[0]                                                 ;
; video_driver:v1|bout[1..5]                                                  ; Merged with video_driver:v1|bout[0]                                                 ;
; noise_gen:noise_generator|out[20..23]                                       ; Merged with noise_gen:noise_generator|out[19]                                       ;
; noise_gen:noise_generator|out[1..15]                                        ; Merged with noise_gen:noise_generator|out[0]                                        ;
; clock_divider:divider|divided_clocks[24..31]                                ; Lost fanout                                                                         ;
; noise_gen:noise_generator|out[0]                                            ; Stuck at GND due to stuck port data_in                                              ;
; Total Number of Removed Registers = 7883                                    ;                                                                                     ;
+-----------------------------------------------------------------------------+-------------------------------------------------------------------------------------+


+------------------------------------------------------+
; General Register Statistics                          ;
+----------------------------------------------+-------+
; Statistic                                    ; Value ;
+----------------------------------------------+-------+
; Total registers                              ; 3891  ;
; Number of registers using Synchronous Clear  ; 2429  ;
; Number of registers using Synchronous Load   ; 263   ;
; Number of registers using Asynchronous Clear ; 1     ;
; Number of registers using Asynchronous Load  ; 0     ;
; Number of registers using Clock Enable       ; 2361  ;
; Number of registers using Preset             ; 0     ;
+----------------------------------------------+-------+


+-----------------------------------------------------------------------------------------------------------------------------------------------------------------------------------------------------------------------------------------------------------------+
; Multiplexer Restructuring Statistics (Restructuring Performed)                                                                                                                                                                                                  ;
+--------------------+-----------+---------------+----------------------+------------------------+------------+---------------------------------------------------------------------------------------------------------------------------------------------------+
; Multiplexer Inputs ; Bus Width ; Baseline Area ; Area if Restructured ; Saving if Restructured ; Registered ; Example Multiplexer Output                                                                                                                        ;
+--------------------+-----------+---------------+----------------------+------------------------+------------+---------------------------------------------------------------------------------------------------------------------------------------------------+
; 3:1                ; 2 bits    ; 4 LEs         ; 4 LEs                ; 0 LEs                  ; Yes        ; |DE1_SoC|video_driver:v1|rout[0]                                                                                                                  ;
; 4:1                ; 9 bits    ; 18 LEs        ; 9 LEs                ; 9 LEs                  ; Yes        ; |DE1_SoC|video_driver:v1|yt[0]                                                                                                                    ;
; 6:1                ; 9 bits    ; 36 LEs        ; 0 LEs                ; 36 LEs                 ; Yes        ; |DE1_SoC|video_driver:v1|y[4]                                                                                                                     ;
; 6:1                ; 9 bits    ; 36 LEs        ; 0 LEs                ; 36 LEs                 ; Yes        ; |DE1_SoC|video_driver:v1|yd[0]                                                                                                                    ;
; 16:1               ; 32 bits   ; 320 LEs       ; 320 LEs              ; 0 LEs                  ; No         ; |DE1_SoC|LEDDriver:Driver|Mux25                                                                                                                   ;
; 3:1                ; 7 bits    ; 14 LEs        ; 7 LEs                ; 7 LEs                  ; Yes        ; |DE1_SoC|controller:controlSystem|length[2]                                                                                                       ;
; 3:1                ; 2 bits    ; 4 LEs         ; 2 LEs                ; 2 LEs                  ; Yes        ; |DE1_SoC|LFSR_8bit:appleGen|q[0]                                                                                                                  ;
; 3:1                ; 6 bits    ; 12 LEs        ; 6 LEs                ; 6 LEs                  ; Yes        ; |DE1_SoC|LFSR_8bit:appleGen|q[1]                                                                                                                  ;
; 3:1                ; 3 bits    ; 6 LEs         ; 3 LEs                ; 3 LEs                  ; Yes        ; |DE1_SoC|snakeHead:snake|rowPosition[0]                                                                                                           ;
; 3:1                ; 3 bits    ; 6 LEs         ; 3 LEs                ; 3 LEs                  ; Yes        ; |DE1_SoC|snakeHead:snake|colPosition[0]                                                                                                           ;
; 4:1                ; 7 bits    ; 14 LEs        ; 14 LEs               ; 0 LEs                  ; Yes        ; |DE1_SoC|controller:controlSystem|gridLight:ledArray[0].ledArray2[15].LED|countDown:onGreen|out[5]                                                ;
; 4:1                ; 7 bits    ; 14 LEs        ; 14 LEs               ; 0 LEs                  ; Yes        ; |DE1_SoC|controller:controlSystem|gridLight:ledArray[0].ledArray2[14].LED|countDown:onGreen|out[5]                                                ;
; 4:1                ; 7 bits    ; 14 LEs        ; 14 LEs               ; 0 LEs                  ; Yes        ; |DE1_SoC|controller:controlSystem|gridLight:ledArray[0].ledArray2[13].LED|countDown:onGreen|out[5]                                                ;
; 4:1                ; 7 bits    ; 14 LEs        ; 14 LEs               ; 0 LEs                  ; Yes        ; |DE1_SoC|controller:controlSystem|gridLight:ledArray[0].ledArray2[12].LED|countDown:onGreen|out[5]                                                ;
; 4:1                ; 7 bits    ; 14 LEs        ; 14 LEs               ; 0 LEs                  ; Yes        ; |DE1_SoC|controller:controlSystem|gridLight:ledArray[0].ledArray2[11].LED|countDown:onGreen|out[3]                                                ;
; 4:1                ; 7 bits    ; 14 LEs        ; 14 LEs               ; 0 LEs                  ; Yes        ; |DE1_SoC|controller:controlSystem|gridLight:ledArray[0].ledArray2[10].LED|countDown:onGreen|out[2]                                                ;
; 4:1                ; 7 bits    ; 14 LEs        ; 14 LEs               ; 0 LEs                  ; Yes        ; |DE1_SoC|controller:controlSystem|gridLight:ledArray[0].ledArray2[9].LED|countDown:onGreen|out[5]                                                 ;
; 4:1                ; 7 bits    ; 14 LEs        ; 14 LEs               ; 0 LEs                  ; Yes        ; |DE1_SoC|controller:controlSystem|gridLight:ledArray[0].ledArray2[8].LED|countDown:onGreen|out[6]                                                 ;
; 4:1                ; 7 bits    ; 14 LEs        ; 14 LEs               ; 0 LEs                  ; Yes        ; |DE1_SoC|controller:controlSystem|gridLight:ledArray[0].ledArray2[7].LED|countDown:onGreen|out[5]                                                 ;
; 4:1                ; 7 bits    ; 14 LEs        ; 14 LEs               ; 0 LEs                  ; Yes        ; |DE1_SoC|controller:controlSystem|gridLight:ledArray[0].ledArray2[6].LED|countDown:onGreen|out[7]                                                 ;
; 4:1                ; 7 bits    ; 14 LEs        ; 14 LEs               ; 0 LEs                  ; Yes        ; |DE1_SoC|controller:controlSystem|gridLight:ledArray[0].ledArray2[5].LED|countDown:onGreen|out[5]                                                 ;
; 4:1                ; 7 bits    ; 14 LEs        ; 14 LEs               ; 0 LEs                  ; Yes        ; |DE1_SoC|controller:controlSystem|gridLight:ledArray[0].ledArray2[4].LED|countDown:onGreen|out[4]                                                 ;
; 4:1                ; 7 bits    ; 14 LEs        ; 14 LEs               ; 0 LEs                  ; Yes        ; |DE1_SoC|controller:controlSystem|gridLight:ledArray[0].ledArray2[3].LED|countDown:onGreen|out[6]                                                 ;
; 4:1                ; 7 bits    ; 14 LEs        ; 14 LEs               ; 0 LEs                  ; Yes        ; |DE1_SoC|controller:controlSystem|gridLight:ledArray[0].ledArray2[2].LED|countDown:onGreen|out[5]                                                 ;
; 4:1                ; 7 bits    ; 14 LEs        ; 14 LEs               ; 0 LEs                  ; Yes        ; |DE1_SoC|controller:controlSystem|gridLight:ledArray[0].ledArray2[1].LED|countDown:onGreen|out[7]                                                 ;
; 4:1                ; 7 bits    ; 14 LEs        ; 14 LEs               ; 0 LEs                  ; Yes        ; |DE1_SoC|controller:controlSystem|gridLight:ledArray[0].ledArray2[0].LED|countDown:onGreen|out[2]                                                 ;
; 3:1                ; 8 bits    ; 16 LEs        ; 0 LEs                ; 16 LEs                 ; Yes        ; |DE1_SoC|keyboard_press_driver:keyDrive|filter_scan[6]                                                                                            ;
; 3:1                ; 3 bits    ; 6 LEs         ; 3 LEs                ; 3 LEs                  ; Yes        ; |DE1_SoC|audio_and_video_config:cfg|Altera_UP_I2C:I2C_Controller|current_bit[0]                                                                   ;
; 4:1                ; 4 bits    ; 8 LEs         ; 8 LEs                ; 0 LEs                  ; Yes        ; |DE1_SoC|audio_and_video_config:cfg|Altera_UP_I2C_AV_Auto_Initialize:Auto_Initialize|data_out[7]                                                  ;
; 4:1                ; 4 bits    ; 8 LEs         ; 8 LEs                ; 0 LEs                  ; Yes        ; |DE1_SoC|audio_and_video_config:cfg|Altera_UP_I2C_AV_Auto_Initialize:Auto_Initialize|data_out[6]                                                  ;
; 3:1                ; 4 bits    ; 8 LEs         ; 4 LEs                ; 4 LEs                  ; Yes        ; |DE1_SoC|audio_codec:codec|Altera_UP_Audio_In_Deserializer:Audio_In_Deserializer|Altera_UP_Audio_Bit_Counter:Audio_Out_Bit_Counter|bit_counter[0] ;
; 3:1                ; 4 bits    ; 8 LEs         ; 4 LEs                ; 4 LEs                  ; Yes        ; |DE1_SoC|noise_gen:noise_generator|out[19]                                                                                                        ;
; 5:1                ; 23 bits   ; 69 LEs        ; 46 LEs               ; 23 LEs                 ; Yes        ; |DE1_SoC|audio_codec:codec|Altera_UP_Audio_Out_Serializer:Audio_Out_Serializer|data_out_shift_reg[24]                                             ;
; 8:1                ; 32 bits   ; 160 LEs       ; 64 LEs               ; 96 LEs                 ; No         ; |DE1_SoC|Mux20                                                                                                                                    ;
; 8:1                ; 16 bits   ; 80 LEs        ; 32 LEs               ; 48 LEs                 ; No         ; |DE1_SoC|Mux24                                                                                                                                    ;
; 3:1                ; 10 bits   ; 20 LEs        ; 0 LEs                ; 20 LEs                 ; Yes        ; |DE1_SoC|video_driver:v1|altera_up_avalon_video_vga_timing:video|pixel_counter[5]                                                                 ;
; 3:1                ; 10 bits   ; 20 LEs        ; 0 LEs                ; 20 LEs                 ; Yes        ; |DE1_SoC|video_driver:v1|xt[0]                                                                                                                    ;
; 4:1                ; 4 bits    ; 8 LEs         ; 8 LEs                ; 0 LEs                  ; Yes        ; |DE1_SoC|keyboard_press_driver:keyDrive|keyboard_inner_driver:kbd|incnt[1]                                                                        ;
; 4:1                ; 7 bits    ; 14 LEs        ; 14 LEs               ; 0 LEs                  ; Yes        ; |DE1_SoC|controller:controlSystem|gridLight:ledArray[1].ledArray2[14].LED|countDown:onGreen|out[4]                                                ;
; 4:1                ; 7 bits    ; 14 LEs        ; 14 LEs               ; 0 LEs                  ; Yes        ; |DE1_SoC|controller:controlSystem|gridLight:ledArray[1].ledArray2[13].LED|countDown:onGreen|out[6]                                                ;
; 4:1                ; 10 bits   ; 20 LEs        ; 0 LEs                ; 20 LEs                 ; Yes        ; |DE1_SoC|video_driver:v1|altera_up_avalon_video_vga_timing:video|line_counter[1]                                                                  ;
; 5:1                ; 10 bits   ; 30 LEs        ; 0 LEs                ; 30 LEs                 ; Yes        ; |DE1_SoC|video_driver:v1|x[3]                                                                                                                     ;
; 5:1                ; 10 bits   ; 30 LEs        ; 0 LEs                ; 30 LEs                 ; Yes        ; |DE1_SoC|video_driver:v1|xd[4]                                                                                                                    ;
; 3:1                ; 4 bits    ; 8 LEs         ; 8 LEs                ; 0 LEs                  ; No         ; |DE1_SoC|video_driver:v1|altera_up_avalon_video_vga_timing:video|vga_red                                                                          ;
; 4:1                ; 7 bits    ; 14 LEs        ; 14 LEs               ; 0 LEs                  ; Yes        ; |DE1_SoC|controller:controlSystem|gridLight:ledArray[2].ledArray2[10].LED|countDown:onGreen|out[4]                                                ;
; 4:1                ; 7 bits    ; 14 LEs        ; 14 LEs               ; 0 LEs                  ; Yes        ; |DE1_SoC|controller:controlSystem|gridLight:ledArray[2].ledArray2[9].LED|countDown:onGreen|out[3]                                                 ;
; 4:1                ; 7 bits    ; 14 LEs        ; 14 LEs               ; 0 LEs                  ; Yes        ; |DE1_SoC|controller:controlSystem|gridLight:ledArray[2].ledArray2[8].LED|countDown:onGreen|out[5]                                                 ;
; 4:1                ; 7 bits    ; 14 LEs        ; 14 LEs               ; 0 LEs                  ; Yes        ; |DE1_SoC|controller:controlSystem|gridLight:ledArray[2].ledArray2[7].LED|countDown:onGreen|out[6]                                                 ;
; 4:1                ; 7 bits    ; 14 LEs        ; 14 LEs               ; 0 LEs                  ; Yes        ; |DE1_SoC|controller:controlSystem|gridLight:ledArray[2].ledArray2[6].LED|countDown:onGreen|out[5]                                                 ;
; 4:1                ; 7 bits    ; 14 LEs        ; 14 LEs               ; 0 LEs                  ; Yes        ; |DE1_SoC|controller:controlSystem|gridLight:ledArray[2].ledArray2[5].LED|countDown:onGreen|out[5]                                                 ;
; 4:1                ; 7 bits    ; 14 LEs        ; 14 LEs               ; 0 LEs                  ; Yes        ; |DE1_SoC|controller:controlSystem|gridLight:ledArray[2].ledArray2[4].LED|countDown:onGreen|out[4]                                                 ;
; 4:1                ; 7 bits    ; 14 LEs        ; 14 LEs               ; 0 LEs                  ; Yes        ; |DE1_SoC|controller:controlSystem|gridLight:ledArray[2].ledArray2[3].LED|countDown:onGreen|out[5]                                                 ;
; 4:1                ; 7 bits    ; 14 LEs        ; 14 LEs               ; 0 LEs                  ; Yes        ; |DE1_SoC|controller:controlSystem|gridLight:ledArray[2].ledArray2[2].LED|countDown:onGreen|out[5]                                                 ;
; 4:1                ; 7 bits    ; 14 LEs        ; 14 LEs               ; 0 LEs                  ; Yes        ; |DE1_SoC|controller:controlSystem|gridLight:ledArray[2].ledArray2[1].LED|countDown:onGreen|out[3]                                                 ;
; 4:1                ; 7 bits    ; 14 LEs        ; 14 LEs               ; 0 LEs                  ; Yes        ; |DE1_SoC|controller:controlSystem|gridLight:ledArray[2].ledArray2[0].LED|countDown:onGreen|out[7]                                                 ;
; 4:1                ; 7 bits    ; 14 LEs        ; 14 LEs               ; 0 LEs                  ; Yes        ; |DE1_SoC|controller:controlSystem|gridLight:ledArray[1].ledArray2[15].LED|countDown:onGreen|out[7]                                                ;
; 4:1                ; 7 bits    ; 14 LEs        ; 14 LEs               ; 0 LEs                  ; Yes        ; |DE1_SoC|controller:controlSystem|gridLight:ledArray[3].ledArray2[6].LED|countDown:onGreen|out[4]                                                 ;
; 4:1                ; 7 bits    ; 14 LEs        ; 14 LEs               ; 0 LEs                  ; Yes        ; |DE1_SoC|controller:controlSystem|gridLight:ledArray[3].ledArray2[5].LED|countDown:onGreen|out[3]                                                 ;
; 4:1                ; 7 bits    ; 14 LEs        ; 14 LEs               ; 0 LEs                  ; Yes        ; |DE1_SoC|controller:controlSystem|gridLight:ledArray[3].ledArray2[4].LED|countDown:onGreen|out[5]                                                 ;
; 4:1                ; 7 bits    ; 14 LEs        ; 14 LEs               ; 0 LEs                  ; Yes        ; |DE1_SoC|controller:controlSystem|gridLight:ledArray[3].ledArray2[3].LED|countDown:onGreen|out[6]                                                 ;
; 4:1                ; 7 bits    ; 14 LEs        ; 14 LEs               ; 0 LEs                  ; Yes        ; |DE1_SoC|controller:controlSystem|gridLight:ledArray[3].ledArray2[2].LED|countDown:onGreen|out[5]                                                 ;
; 4:1                ; 7 bits    ; 14 LEs        ; 14 LEs               ; 0 LEs                  ; Yes        ; |DE1_SoC|controller:controlSystem|gridLight:ledArray[3].ledArray2[1].LED|countDown:onGreen|out[5]                                                 ;
; 4:1                ; 7 bits    ; 14 LEs        ; 14 LEs               ; 0 LEs                  ; Yes        ; |DE1_SoC|controller:controlSystem|gridLight:ledArray[3].ledArray2[0].LED|countDown:onGreen|out[4]                                                 ;
; 4:1                ; 7 bits    ; 14 LEs        ; 14 LEs               ; 0 LEs                  ; Yes        ; |DE1_SoC|controller:controlSystem|gridLight:ledArray[2].ledArray2[15].LED|countDown:onGreen|out[5]                                                ;
; 4:1                ; 7 bits    ; 14 LEs        ; 14 LEs               ; 0 LEs                  ; Yes        ; |DE1_SoC|controller:controlSystem|gridLight:ledArray[2].ledArray2[14].LED|countDown:onGreen|out[5]                                                ;
; 4:1                ; 7 bits    ; 14 LEs        ; 14 LEs               ; 0 LEs                  ; Yes        ; |DE1_SoC|controller:controlSystem|gridLight:ledArray[2].ledArray2[13].LED|countDown:onGreen|out[3]                                                ;
; 4:1                ; 7 bits    ; 14 LEs        ; 14 LEs               ; 0 LEs                  ; Yes        ; |DE1_SoC|controller:controlSystem|gridLight:ledArray[2].ledArray2[12].LED|countDown:onGreen|out[7]                                                ;
; 4:1                ; 7 bits    ; 14 LEs        ; 14 LEs               ; 0 LEs                  ; Yes        ; |DE1_SoC|controller:controlSystem|gridLight:ledArray[2].ledArray2[11].LED|countDown:onGreen|out[7]                                                ;
; 4:1                ; 7 bits    ; 14 LEs        ; 14 LEs               ; 0 LEs                  ; Yes        ; |DE1_SoC|controller:controlSystem|gridLight:ledArray[15].ledArray2[15].LED|countDown:onGreen|out[4]                                               ;
; 4:1                ; 7 bits    ; 14 LEs        ; 14 LEs               ; 0 LEs                  ; Yes        ; |DE1_SoC|controller:controlSystem|gridLight:ledArray[15].ledArray2[14].LED|countDown:onGreen|out[2]                                               ;
; 4:1                ; 7 bits    ; 14 LEs        ; 14 LEs               ; 0 LEs                  ; Yes        ; |DE1_SoC|controller:controlSystem|gridLight:ledArray[15].ledArray2[13].LED|countDown:onGreen|out[2]                                               ;
; 4:1                ; 7 bits    ; 14 LEs        ; 14 LEs               ; 0 LEs                  ; Yes        ; |DE1_SoC|controller:controlSystem|gridLight:ledArray[15].ledArray2[12].LED|countDown:onGreen|out[7]                                               ;
; 4:1                ; 7 bits    ; 14 LEs        ; 14 LEs               ; 0 LEs                  ; Yes        ; |DE1_SoC|controller:controlSystem|gridLight:ledArray[15].ledArray2[11].LED|countDown:onGreen|out[6]                                               ;
; 4:1                ; 7 bits    ; 14 LEs        ; 14 LEs               ; 0 LEs                  ; Yes        ; |DE1_SoC|controller:controlSystem|gridLight:ledArray[15].ledArray2[10].LED|countDown:onGreen|out[5]                                               ;
; 4:1                ; 7 bits    ; 14 LEs        ; 14 LEs               ; 0 LEs                  ; Yes        ; |DE1_SoC|controller:controlSystem|gridLight:ledArray[15].ledArray2[9].LED|countDown:onGreen|out[5]                                                ;
; 4:1                ; 7 bits    ; 14 LEs        ; 14 LEs               ; 0 LEs                  ; Yes        ; |DE1_SoC|controller:controlSystem|gridLight:ledArray[15].ledArray2[8].LED|countDown:onGreen|out[5]                                                ;
; 4:1                ; 7 bits    ; 14 LEs        ; 14 LEs               ; 0 LEs                  ; Yes        ; |DE1_SoC|controller:controlSystem|gridLight:ledArray[15].ledArray2[7].LED|countDown:onGreen|out[5]                                                ;
; 4:1                ; 7 bits    ; 14 LEs        ; 14 LEs               ; 0 LEs                  ; Yes        ; |DE1_SoC|controller:controlSystem|gridLight:ledArray[1].ledArray2[4].LED|countDown:onGreen|out[7]                                                 ;
; 4:1                ; 7 bits    ; 14 LEs        ; 14 LEs               ; 0 LEs                  ; Yes        ; |DE1_SoC|controller:controlSystem|gridLight:ledArray[1].ledArray2[3].LED|countDown:onGreen|out[6]                                                 ;
; 4:1                ; 7 bits    ; 14 LEs        ; 14 LEs               ; 0 LEs                  ; Yes        ; |DE1_SoC|controller:controlSystem|gridLight:ledArray[1].ledArray2[2].LED|countDown:onGreen|out[3]                                                 ;
; 4:1                ; 7 bits    ; 14 LEs        ; 14 LEs               ; 0 LEs                  ; Yes        ; |DE1_SoC|controller:controlSystem|gridLight:ledArray[1].ledArray2[1].LED|countDown:onGreen|out[5]                                                 ;
; 4:1                ; 7 bits    ; 14 LEs        ; 14 LEs               ; 0 LEs                  ; Yes        ; |DE1_SoC|controller:controlSystem|gridLight:ledArray[1].ledArray2[0].LED|countDown:onGreen|out[6]                                                 ;
; 4:1                ; 7 bits    ; 14 LEs        ; 14 LEs               ; 0 LEs                  ; Yes        ; |DE1_SoC|controller:controlSystem|gridLight:ledArray[4].ledArray2[2].LED|countDown:onGreen|out[4]                                                 ;
; 4:1                ; 7 bits    ; 14 LEs        ; 14 LEs               ; 0 LEs                  ; Yes        ; |DE1_SoC|controller:controlSystem|gridLight:ledArray[4].ledArray2[1].LED|countDown:onGreen|out[3]                                                 ;
; 4:1                ; 7 bits    ; 14 LEs        ; 14 LEs               ; 0 LEs                  ; Yes        ; |DE1_SoC|controller:controlSystem|gridLight:ledArray[4].ledArray2[0].LED|countDown:onGreen|out[5]                                                 ;
; 4:1                ; 7 bits    ; 14 LEs        ; 14 LEs               ; 0 LEs                  ; Yes        ; |DE1_SoC|controller:controlSystem|gridLight:ledArray[3].ledArray2[15].LED|countDown:onGreen|out[6]                                                ;
; 4:1                ; 7 bits    ; 14 LEs        ; 14 LEs               ; 0 LEs                  ; Yes        ; |DE1_SoC|controller:controlSystem|gridLight:ledArray[3].ledArray2[14].LED|countDown:onGreen|out[5]                                                ;
; 4:1                ; 7 bits    ; 14 LEs        ; 14 LEs               ; 0 LEs                  ; Yes        ; |DE1_SoC|controller:controlSystem|gridLight:ledArray[3].ledArray2[13].LED|countDown:onGreen|out[5]                                                ;
; 4:1                ; 7 bits    ; 14 LEs        ; 14 LEs               ; 0 LEs                  ; Yes        ; |DE1_SoC|controller:controlSystem|gridLight:ledArray[3].ledArray2[12].LED|countDown:onGreen|out[4]                                                ;
; 4:1                ; 7 bits    ; 14 LEs        ; 14 LEs               ; 0 LEs                  ; Yes        ; |DE1_SoC|controller:controlSystem|gridLight:ledArray[3].ledArray2[11].LED|countDown:onGreen|out[5]                                                ;
; 4:1                ; 7 bits    ; 14 LEs        ; 14 LEs               ; 0 LEs                  ; Yes        ; |DE1_SoC|controller:controlSystem|gridLight:ledArray[3].ledArray2[10].LED|countDown:onGreen|out[5]                                                ;
; 4:1                ; 7 bits    ; 14 LEs        ; 14 LEs               ; 0 LEs                  ; Yes        ; |DE1_SoC|controller:controlSystem|gridLight:ledArray[3].ledArray2[9].LED|countDown:onGreen|out[3]                                                 ;
; 4:1                ; 7 bits    ; 14 LEs        ; 14 LEs               ; 0 LEs                  ; Yes        ; |DE1_SoC|controller:controlSystem|gridLight:ledArray[3].ledArray2[8].LED|countDown:onGreen|out[7]                                                 ;
; 4:1                ; 7 bits    ; 14 LEs        ; 14 LEs               ; 0 LEs                  ; Yes        ; |DE1_SoC|controller:controlSystem|gridLight:ledArray[3].ledArray2[7].LED|countDown:onGreen|out[7]                                                 ;
; 4:1                ; 7 bits    ; 14 LEs        ; 14 LEs               ; 0 LEs                  ; Yes        ; |DE1_SoC|controller:controlSystem|gridLight:ledArray[4].ledArray2[14].LED|countDown:onGreen|out[4]                                                ;
; 4:1                ; 7 bits    ; 14 LEs        ; 14 LEs               ; 0 LEs                  ; Yes        ; |DE1_SoC|controller:controlSystem|gridLight:ledArray[4].ledArray2[13].LED|countDown:onGreen|out[3]                                                ;
; 4:1                ; 7 bits    ; 14 LEs        ; 14 LEs               ; 0 LEs                  ; Yes        ; |DE1_SoC|controller:controlSystem|gridLight:ledArray[4].ledArray2[12].LED|countDown:onGreen|out[5]                                                ;
; 4:1                ; 7 bits    ; 14 LEs        ; 14 LEs               ; 0 LEs                  ; Yes        ; |DE1_SoC|controller:controlSystem|gridLight:ledArray[4].ledArray2[11].LED|countDown:onGreen|out[6]                                                ;
; 4:1                ; 7 bits    ; 14 LEs        ; 14 LEs               ; 0 LEs                  ; Yes        ; |DE1_SoC|controller:controlSystem|gridLight:ledArray[4].ledArray2[10].LED|countDown:onGreen|out[5]                                                ;
; 4:1                ; 7 bits    ; 14 LEs        ; 14 LEs               ; 0 LEs                  ; Yes        ; |DE1_SoC|controller:controlSystem|gridLight:ledArray[4].ledArray2[9].LED|countDown:onGreen|out[5]                                                 ;
; 4:1                ; 7 bits    ; 14 LEs        ; 14 LEs               ; 0 LEs                  ; Yes        ; |DE1_SoC|controller:controlSystem|gridLight:ledArray[4].ledArray2[8].LED|countDown:onGreen|out[4]                                                 ;
; 4:1                ; 7 bits    ; 14 LEs        ; 14 LEs               ; 0 LEs                  ; Yes        ; |DE1_SoC|controller:controlSystem|gridLight:ledArray[4].ledArray2[7].LED|countDown:onGreen|out[5]                                                 ;
; 4:1                ; 7 bits    ; 14 LEs        ; 14 LEs               ; 0 LEs                  ; Yes        ; |DE1_SoC|controller:controlSystem|gridLight:ledArray[4].ledArray2[6].LED|countDown:onGreen|out[5]                                                 ;
; 4:1                ; 7 bits    ; 14 LEs        ; 14 LEs               ; 0 LEs                  ; Yes        ; |DE1_SoC|controller:controlSystem|gridLight:ledArray[4].ledArray2[5].LED|countDown:onGreen|out[3]                                                 ;
; 4:1                ; 7 bits    ; 14 LEs        ; 14 LEs               ; 0 LEs                  ; Yes        ; |DE1_SoC|controller:controlSystem|gridLight:ledArray[4].ledArray2[4].LED|countDown:onGreen|out[7]                                                 ;
; 4:1                ; 7 bits    ; 14 LEs        ; 14 LEs               ; 0 LEs                  ; Yes        ; |DE1_SoC|controller:controlSystem|gridLight:ledArray[4].ledArray2[3].LED|countDown:onGreen|out[7]                                                 ;
; 4:1                ; 7 bits    ; 14 LEs        ; 14 LEs               ; 0 LEs                  ; Yes        ; |DE1_SoC|controller:controlSystem|gridLight:ledArray[5].ledArray2[10].LED|countDown:onGreen|out[4]                                                ;
; 4:1                ; 7 bits    ; 14 LEs        ; 14 LEs               ; 0 LEs                  ; Yes        ; |DE1_SoC|controller:controlSystem|gridLight:ledArray[5].ledArray2[9].LED|countDown:onGreen|out[3]                                                 ;
; 4:1                ; 7 bits    ; 14 LEs        ; 14 LEs               ; 0 LEs                  ; Yes        ; |DE1_SoC|controller:controlSystem|gridLight:ledArray[5].ledArray2[8].LED|countDown:onGreen|out[5]                                                 ;
; 4:1                ; 7 bits    ; 14 LEs        ; 14 LEs               ; 0 LEs                  ; Yes        ; |DE1_SoC|controller:controlSystem|gridLight:ledArray[5].ledArray2[7].LED|countDown:onGreen|out[6]                                                 ;
; 4:1                ; 7 bits    ; 14 LEs        ; 14 LEs               ; 0 LEs                  ; Yes        ; |DE1_SoC|controller:controlSystem|gridLight:ledArray[5].ledArray2[6].LED|countDown:onGreen|out[5]                                                 ;
; 4:1                ; 7 bits    ; 14 LEs        ; 14 LEs               ; 0 LEs                  ; Yes        ; |DE1_SoC|controller:controlSystem|gridLight:ledArray[5].ledArray2[5].LED|countDown:onGreen|out[5]                                                 ;
; 4:1                ; 7 bits    ; 14 LEs        ; 14 LEs               ; 0 LEs                  ; Yes        ; |DE1_SoC|controller:controlSystem|gridLight:ledArray[5].ledArray2[4].LED|countDown:onGreen|out[4]                                                 ;
; 4:1                ; 7 bits    ; 14 LEs        ; 14 LEs               ; 0 LEs                  ; Yes        ; |DE1_SoC|controller:controlSystem|gridLight:ledArray[5].ledArray2[3].LED|countDown:onGreen|out[5]                                                 ;
; 4:1                ; 7 bits    ; 14 LEs        ; 14 LEs               ; 0 LEs                  ; Yes        ; |DE1_SoC|controller:controlSystem|gridLight:ledArray[5].ledArray2[2].LED|countDown:onGreen|out[5]                                                 ;
; 4:1                ; 7 bits    ; 14 LEs        ; 14 LEs               ; 0 LEs                  ; Yes        ; |DE1_SoC|controller:controlSystem|gridLight:ledArray[5].ledArray2[1].LED|countDown:onGreen|out[3]                                                 ;
; 4:1                ; 7 bits    ; 14 LEs        ; 14 LEs               ; 0 LEs                  ; Yes        ; |DE1_SoC|controller:controlSystem|gridLight:ledArray[5].ledArray2[0].LED|countDown:onGreen|out[7]                                                 ;
; 4:1                ; 7 bits    ; 14 LEs        ; 14 LEs               ; 0 LEs                  ; Yes        ; |DE1_SoC|controller:controlSystem|gridLight:ledArray[4].ledArray2[15].LED|countDown:onGreen|out[7]                                                ;
; 4:1                ; 7 bits    ; 14 LEs        ; 14 LEs               ; 0 LEs                  ; Yes        ; |DE1_SoC|controller:controlSystem|gridLight:ledArray[6].ledArray2[6].LED|countDown:onGreen|out[4]                                                 ;
; 4:1                ; 7 bits    ; 14 LEs        ; 14 LEs               ; 0 LEs                  ; Yes        ; |DE1_SoC|controller:controlSystem|gridLight:ledArray[6].ledArray2[5].LED|countDown:onGreen|out[3]                                                 ;
; 4:1                ; 7 bits    ; 14 LEs        ; 14 LEs               ; 0 LEs                  ; Yes        ; |DE1_SoC|controller:controlSystem|gridLight:ledArray[6].ledArray2[4].LED|countDown:onGreen|out[5]                                                 ;
; 4:1                ; 7 bits    ; 14 LEs        ; 14 LEs               ; 0 LEs                  ; Yes        ; |DE1_SoC|controller:controlSystem|gridLight:ledArray[6].ledArray2[3].LED|countDown:onGreen|out[6]                                                 ;
; 4:1                ; 7 bits    ; 14 LEs        ; 14 LEs               ; 0 LEs                  ; Yes        ; |DE1_SoC|controller:controlSystem|gridLight:ledArray[6].ledArray2[2].LED|countDown:onGreen|out[5]                                                 ;
; 4:1                ; 7 bits    ; 14 LEs        ; 14 LEs               ; 0 LEs                  ; Yes        ; |DE1_SoC|controller:controlSystem|gridLight:ledArray[6].ledArray2[1].LED|countDown:onGreen|out[5]                                                 ;
; 4:1                ; 7 bits    ; 14 LEs        ; 14 LEs               ; 0 LEs                  ; Yes        ; |DE1_SoC|controller:controlSystem|gridLight:ledArray[6].ledArray2[0].LED|countDown:onGreen|out[4]                                                 ;
; 4:1                ; 7 bits    ; 14 LEs        ; 14 LEs               ; 0 LEs                  ; Yes        ; |DE1_SoC|controller:controlSystem|gridLight:ledArray[5].ledArray2[15].LED|countDown:onGreen|out[5]                                                ;
; 4:1                ; 7 bits    ; 14 LEs        ; 14 LEs               ; 0 LEs                  ; Yes        ; |DE1_SoC|controller:controlSystem|gridLight:ledArray[5].ledArray2[14].LED|countDown:onGreen|out[5]                                                ;
; 4:1                ; 7 bits    ; 14 LEs        ; 14 LEs               ; 0 LEs                  ; Yes        ; |DE1_SoC|controller:controlSystem|gridLight:ledArray[5].ledArray2[13].LED|countDown:onGreen|out[3]                                                ;
; 4:1                ; 7 bits    ; 14 LEs        ; 14 LEs               ; 0 LEs                  ; Yes        ; |DE1_SoC|controller:controlSystem|gridLight:ledArray[5].ledArray2[12].LED|countDown:onGreen|out[7]                                                ;
; 4:1                ; 7 bits    ; 14 LEs        ; 14 LEs               ; 0 LEs                  ; Yes        ; |DE1_SoC|controller:controlSystem|gridLight:ledArray[5].ledArray2[11].LED|countDown:onGreen|out[7]                                                ;
; 4:1                ; 7 bits    ; 14 LEs        ; 14 LEs               ; 0 LEs                  ; Yes        ; |DE1_SoC|controller:controlSystem|gridLight:ledArray[7].ledArray2[2].LED|countDown:onGreen|out[4]                                                 ;
; 4:1                ; 7 bits    ; 14 LEs        ; 14 LEs               ; 0 LEs                  ; Yes        ; |DE1_SoC|controller:controlSystem|gridLight:ledArray[7].ledArray2[1].LED|countDown:onGreen|out[3]                                                 ;
; 4:1                ; 7 bits    ; 14 LEs        ; 14 LEs               ; 0 LEs                  ; Yes        ; |DE1_SoC|controller:controlSystem|gridLight:ledArray[7].ledArray2[0].LED|countDown:onGreen|out[5]                                                 ;
; 4:1                ; 7 bits    ; 14 LEs        ; 14 LEs               ; 0 LEs                  ; Yes        ; |DE1_SoC|controller:controlSystem|gridLight:ledArray[6].ledArray2[15].LED|countDown:onGreen|out[6]                                                ;
; 4:1                ; 7 bits    ; 14 LEs        ; 14 LEs               ; 0 LEs                  ; Yes        ; |DE1_SoC|controller:controlSystem|gridLight:ledArray[6].ledArray2[14].LED|countDown:onGreen|out[5]                                                ;
; 4:1                ; 7 bits    ; 14 LEs        ; 14 LEs               ; 0 LEs                  ; Yes        ; |DE1_SoC|controller:controlSystem|gridLight:ledArray[6].ledArray2[13].LED|countDown:onGreen|out[5]                                                ;
; 4:1                ; 7 bits    ; 14 LEs        ; 14 LEs               ; 0 LEs                  ; Yes        ; |DE1_SoC|controller:controlSystem|gridLight:ledArray[6].ledArray2[12].LED|countDown:onGreen|out[4]                                                ;
; 4:1                ; 7 bits    ; 14 LEs        ; 14 LEs               ; 0 LEs                  ; Yes        ; |DE1_SoC|controller:controlSystem|gridLight:ledArray[6].ledArray2[11].LED|countDown:onGreen|out[5]                                                ;
; 4:1                ; 7 bits    ; 14 LEs        ; 14 LEs               ; 0 LEs                  ; Yes        ; |DE1_SoC|controller:controlSystem|gridLight:ledArray[6].ledArray2[10].LED|countDown:onGreen|out[5]                                                ;
; 4:1                ; 7 bits    ; 14 LEs        ; 14 LEs               ; 0 LEs                  ; Yes        ; |DE1_SoC|controller:controlSystem|gridLight:ledArray[6].ledArray2[9].LED|countDown:onGreen|out[3]                                                 ;
; 4:1                ; 7 bits    ; 14 LEs        ; 14 LEs               ; 0 LEs                  ; Yes        ; |DE1_SoC|controller:controlSystem|gridLight:ledArray[6].ledArray2[8].LED|countDown:onGreen|out[7]                                                 ;
; 4:1                ; 7 bits    ; 14 LEs        ; 14 LEs               ; 0 LEs                  ; Yes        ; |DE1_SoC|controller:controlSystem|gridLight:ledArray[6].ledArray2[7].LED|countDown:onGreen|out[7]                                                 ;
; 4:1                ; 7 bits    ; 14 LEs        ; 14 LEs               ; 0 LEs                  ; Yes        ; |DE1_SoC|controller:controlSystem|gridLight:ledArray[7].ledArray2[14].LED|countDown:onGreen|out[4]                                                ;
; 4:1                ; 7 bits    ; 14 LEs        ; 14 LEs               ; 0 LEs                  ; Yes        ; |DE1_SoC|controller:controlSystem|gridLight:ledArray[7].ledArray2[13].LED|countDown:onGreen|out[3]                                                ;
; 4:1                ; 7 bits    ; 14 LEs        ; 14 LEs               ; 0 LEs                  ; Yes        ; |DE1_SoC|controller:controlSystem|gridLight:ledArray[7].ledArray2[12].LED|countDown:onGreen|out[5]                                                ;
; 4:1                ; 7 bits    ; 14 LEs        ; 14 LEs               ; 0 LEs                  ; Yes        ; |DE1_SoC|controller:controlSystem|gridLight:ledArray[7].ledArray2[11].LED|countDown:onGreen|out[6]                                                ;
; 4:1                ; 7 bits    ; 14 LEs        ; 14 LEs               ; 0 LEs                  ; Yes        ; |DE1_SoC|controller:controlSystem|gridLight:ledArray[7].ledArray2[10].LED|countDown:onGreen|out[5]                                                ;
; 4:1                ; 7 bits    ; 14 LEs        ; 14 LEs               ; 0 LEs                  ; Yes        ; |DE1_SoC|controller:controlSystem|gridLight:ledArray[7].ledArray2[9].LED|countDown:onGreen|out[5]                                                 ;
; 4:1                ; 7 bits    ; 14 LEs        ; 14 LEs               ; 0 LEs                  ; Yes        ; |DE1_SoC|controller:controlSystem|gridLight:ledArray[7].ledArray2[8].LED|countDown:onGreen|out[4]                                                 ;
; 4:1                ; 7 bits    ; 14 LEs        ; 14 LEs               ; 0 LEs                  ; Yes        ; |DE1_SoC|controller:controlSystem|gridLight:ledArray[7].ledArray2[7].LED|countDown:onGreen|out[5]                                                 ;
; 4:1                ; 7 bits    ; 14 LEs        ; 14 LEs               ; 0 LEs                  ; Yes        ; |DE1_SoC|controller:controlSystem|gridLight:ledArray[7].ledArray2[6].LED|countDown:onGreen|out[5]                                                 ;
; 4:1                ; 7 bits    ; 14 LEs        ; 14 LEs               ; 0 LEs                  ; Yes        ; |DE1_SoC|controller:controlSystem|gridLight:ledArray[7].ledArray2[5].LED|countDown:onGreen|out[3]                                                 ;
; 4:1                ; 7 bits    ; 14 LEs        ; 14 LEs               ; 0 LEs                  ; Yes        ; |DE1_SoC|controller:controlSystem|gridLight:ledArray[7].ledArray2[4].LED|countDown:onGreen|out[7]                                                 ;
; 4:1                ; 7 bits    ; 14 LEs        ; 14 LEs               ; 0 LEs                  ; Yes        ; |DE1_SoC|controller:controlSystem|gridLight:ledArray[7].ledArray2[3].LED|countDown:onGreen|out[7]                                                 ;
; 4:1                ; 7 bits    ; 14 LEs        ; 14 LEs               ; 0 LEs                  ; Yes        ; |DE1_SoC|controller:controlSystem|gridLight:ledArray[8].ledArray2[10].LED|countDown:onGreen|out[4]                                                ;
; 4:1                ; 7 bits    ; 14 LEs        ; 14 LEs               ; 0 LEs                  ; Yes        ; |DE1_SoC|controller:controlSystem|gridLight:ledArray[8].ledArray2[9].LED|countDown:onGreen|out[3]                                                 ;
; 4:1                ; 7 bits    ; 14 LEs        ; 14 LEs               ; 0 LEs                  ; Yes        ; |DE1_SoC|controller:controlSystem|gridLight:ledArray[8].ledArray2[8].LED|countDown:onGreen|out[5]                                                 ;
; 4:1                ; 7 bits    ; 14 LEs        ; 14 LEs               ; 0 LEs                  ; Yes        ; |DE1_SoC|controller:controlSystem|gridLight:ledArray[8].ledArray2[7].LED|countDown:onGreen|out[6]                                                 ;
; 4:1                ; 7 bits    ; 14 LEs        ; 14 LEs               ; 0 LEs                  ; Yes        ; |DE1_SoC|controller:controlSystem|gridLight:ledArray[8].ledArray2[6].LED|countDown:onGreen|out[5]                                                 ;
; 4:1                ; 7 bits    ; 14 LEs        ; 14 LEs               ; 0 LEs                  ; Yes        ; |DE1_SoC|controller:controlSystem|gridLight:ledArray[8].ledArray2[5].LED|countDown:onGreen|out[5]                                                 ;
; 4:1                ; 7 bits    ; 14 LEs        ; 14 LEs               ; 0 LEs                  ; Yes        ; |DE1_SoC|controller:controlSystem|gridLight:ledArray[8].ledArray2[4].LED|countDown:onGreen|out[4]                                                 ;
; 4:1                ; 7 bits    ; 14 LEs        ; 14 LEs               ; 0 LEs                  ; Yes        ; |DE1_SoC|controller:controlSystem|gridLight:ledArray[8].ledArray2[3].LED|countDown:onGreen|out[5]                                                 ;
; 4:1                ; 7 bits    ; 14 LEs        ; 14 LEs               ; 0 LEs                  ; Yes        ; |DE1_SoC|controller:controlSystem|gridLight:ledArray[8].ledArray2[2].LED|countDown:onGreen|out[5]                                                 ;
; 4:1                ; 7 bits    ; 14 LEs        ; 14 LEs               ; 0 LEs                  ; Yes        ; |DE1_SoC|controller:controlSystem|gridLight:ledArray[8].ledArray2[1].LED|countDown:onGreen|out[3]                                                 ;
; 4:1                ; 7 bits    ; 14 LEs        ; 14 LEs               ; 0 LEs                  ; Yes        ; |DE1_SoC|controller:controlSystem|gridLight:ledArray[8].ledArray2[0].LED|countDown:onGreen|out[7]                                                 ;
; 4:1                ; 7 bits    ; 14 LEs        ; 14 LEs               ; 0 LEs                  ; Yes        ; |DE1_SoC|controller:controlSystem|gridLight:ledArray[7].ledArray2[15].LED|countDown:onGreen|out[7]                                                ;
; 4:1                ; 7 bits    ; 14 LEs        ; 14 LEs               ; 0 LEs                  ; Yes        ; |DE1_SoC|controller:controlSystem|gridLight:ledArray[9].ledArray2[6].LED|countDown:onGreen|out[4]                                                 ;
; 4:1                ; 7 bits    ; 14 LEs        ; 14 LEs               ; 0 LEs                  ; Yes        ; |DE1_SoC|controller:controlSystem|gridLight:ledArray[9].ledArray2[5].LED|countDown:onGreen|out[3]                                                 ;
; 4:1                ; 7 bits    ; 14 LEs        ; 14 LEs               ; 0 LEs                  ; Yes        ; |DE1_SoC|controller:controlSystem|gridLight:ledArray[9].ledArray2[4].LED|countDown:onGreen|out[5]                                                 ;
; 4:1                ; 7 bits    ; 14 LEs        ; 14 LEs               ; 0 LEs                  ; Yes        ; |DE1_SoC|controller:controlSystem|gridLight:ledArray[9].ledArray2[3].LED|countDown:onGreen|out[6]                                                 ;
; 4:1                ; 7 bits    ; 14 LEs        ; 14 LEs               ; 0 LEs                  ; Yes        ; |DE1_SoC|controller:controlSystem|gridLight:ledArray[9].ledArray2[2].LED|countDown:onGreen|out[5]                                                 ;
; 4:1                ; 7 bits    ; 14 LEs        ; 14 LEs               ; 0 LEs                  ; Yes        ; |DE1_SoC|controller:controlSystem|gridLight:ledArray[9].ledArray2[1].LED|countDown:onGreen|out[5]                                                 ;
; 4:1                ; 7 bits    ; 14 LEs        ; 14 LEs               ; 0 LEs                  ; Yes        ; |DE1_SoC|controller:controlSystem|gridLight:ledArray[9].ledArray2[0].LED|countDown:onGreen|out[4]                                                 ;
; 4:1                ; 7 bits    ; 14 LEs        ; 14 LEs               ; 0 LEs                  ; Yes        ; |DE1_SoC|controller:controlSystem|gridLight:ledArray[8].ledArray2[15].LED|countDown:onGreen|out[5]                                                ;
; 4:1                ; 7 bits    ; 14 LEs        ; 14 LEs               ; 0 LEs                  ; Yes        ; |DE1_SoC|controller:controlSystem|gridLight:ledArray[8].ledArray2[14].LED|countDown:onGreen|out[5]                                                ;
; 4:1                ; 7 bits    ; 14 LEs        ; 14 LEs               ; 0 LEs                  ; Yes        ; |DE1_SoC|controller:controlSystem|gridLight:ledArray[8].ledArray2[13].LED|countDown:onGreen|out[3]                                                ;
; 4:1                ; 7 bits    ; 14 LEs        ; 14 LEs               ; 0 LEs                  ; Yes        ; |DE1_SoC|controller:controlSystem|gridLight:ledArray[8].ledArray2[12].LED|countDown:onGreen|out[7]                                                ;
; 4:1                ; 7 bits    ; 14 LEs        ; 14 LEs               ; 0 LEs                  ; Yes        ; |DE1_SoC|controller:controlSystem|gridLight:ledArray[8].ledArray2[11].LED|countDown:onGreen|out[7]                                                ;
; 4:1                ; 7 bits    ; 14 LEs        ; 14 LEs               ; 0 LEs                  ; Yes        ; |DE1_SoC|controller:controlSystem|gridLight:ledArray[10].ledArray2[2].LED|countDown:onGreen|out[4]                                                ;
; 4:1                ; 7 bits    ; 14 LEs        ; 14 LEs               ; 0 LEs                  ; Yes        ; |DE1_SoC|controller:controlSystem|gridLight:ledArray[10].ledArray2[1].LED|countDown:onGreen|out[3]                                                ;
; 4:1                ; 7 bits    ; 14 LEs        ; 14 LEs               ; 0 LEs                  ; Yes        ; |DE1_SoC|controller:controlSystem|gridLight:ledArray[10].ledArray2[0].LED|countDown:onGreen|out[5]                                                ;
; 4:1                ; 7 bits    ; 14 LEs        ; 14 LEs               ; 0 LEs                  ; Yes        ; |DE1_SoC|controller:controlSystem|gridLight:ledArray[9].ledArray2[15].LED|countDown:onGreen|out[6]                                                ;
; 4:1                ; 7 bits    ; 14 LEs        ; 14 LEs               ; 0 LEs                  ; Yes        ; |DE1_SoC|controller:controlSystem|gridLight:ledArray[9].ledArray2[14].LED|countDown:onGreen|out[5]                                                ;
; 4:1                ; 7 bits    ; 14 LEs        ; 14 LEs               ; 0 LEs                  ; Yes        ; |DE1_SoC|controller:controlSystem|gridLight:ledArray[9].ledArray2[13].LED|countDown:onGreen|out[5]                                                ;
; 4:1                ; 7 bits    ; 14 LEs        ; 14 LEs               ; 0 LEs                  ; Yes        ; |DE1_SoC|controller:controlSystem|gridLight:ledArray[9].ledArray2[12].LED|countDown:onGreen|out[4]                                                ;
; 4:1                ; 7 bits    ; 14 LEs        ; 14 LEs               ; 0 LEs                  ; Yes        ; |DE1_SoC|controller:controlSystem|gridLight:ledArray[9].ledArray2[11].LED|countDown:onGreen|out[5]                                                ;
; 4:1                ; 7 bits    ; 14 LEs        ; 14 LEs               ; 0 LEs                  ; Yes        ; |DE1_SoC|controller:controlSystem|gridLight:ledArray[9].ledArray2[10].LED|countDown:onGreen|out[5]                                                ;
; 4:1                ; 7 bits    ; 14 LEs        ; 14 LEs               ; 0 LEs                  ; Yes        ; |DE1_SoC|controller:controlSystem|gridLight:ledArray[9].ledArray2[9].LED|countDown:onGreen|out[3]                                                 ;
; 4:1                ; 7 bits    ; 14 LEs        ; 14 LEs               ; 0 LEs                  ; Yes        ; |DE1_SoC|controller:controlSystem|gridLight:ledArray[9].ledArray2[8].LED|countDown:onGreen|out[7]                                                 ;
; 4:1                ; 7 bits    ; 14 LEs        ; 14 LEs               ; 0 LEs                  ; Yes        ; |DE1_SoC|controller:controlSystem|gridLight:ledArray[9].ledArray2[7].LED|countDown:onGreen|out[7]                                                 ;
; 4:1                ; 7 bits    ; 14 LEs        ; 14 LEs               ; 0 LEs                  ; Yes        ; |DE1_SoC|controller:controlSystem|gridLight:ledArray[10].ledArray2[14].LED|countDown:onGreen|out[4]                                               ;
; 4:1                ; 7 bits    ; 14 LEs        ; 14 LEs               ; 0 LEs                  ; Yes        ; |DE1_SoC|controller:controlSystem|gridLight:ledArray[10].ledArray2[13].LED|countDown:onGreen|out[3]                                               ;
; 4:1                ; 7 bits    ; 14 LEs        ; 14 LEs               ; 0 LEs                  ; Yes        ; |DE1_SoC|controller:controlSystem|gridLight:ledArray[10].ledArray2[12].LED|countDown:onGreen|out[5]                                               ;
; 4:1                ; 7 bits    ; 14 LEs        ; 14 LEs               ; 0 LEs                  ; Yes        ; |DE1_SoC|controller:controlSystem|gridLight:ledArray[10].ledArray2[11].LED|countDown:onGreen|out[6]                                               ;
; 4:1                ; 7 bits    ; 14 LEs        ; 14 LEs               ; 0 LEs                  ; Yes        ; |DE1_SoC|controller:controlSystem|gridLight:ledArray[10].ledArray2[10].LED|countDown:onGreen|out[5]                                               ;
; 4:1                ; 7 bits    ; 14 LEs        ; 14 LEs               ; 0 LEs                  ; Yes        ; |DE1_SoC|controller:controlSystem|gridLight:ledArray[10].ledArray2[9].LED|countDown:onGreen|out[5]                                                ;
; 4:1                ; 7 bits    ; 14 LEs        ; 14 LEs               ; 0 LEs                  ; Yes        ; |DE1_SoC|controller:controlSystem|gridLight:ledArray[10].ledArray2[8].LED|countDown:onGreen|out[4]                                                ;
; 4:1                ; 7 bits    ; 14 LEs        ; 14 LEs               ; 0 LEs                  ; Yes        ; |DE1_SoC|controller:controlSystem|gridLight:ledArray[10].ledArray2[7].LED|countDown:onGreen|out[5]                                                ;
; 4:1                ; 7 bits    ; 14 LEs        ; 14 LEs               ; 0 LEs                  ; Yes        ; |DE1_SoC|controller:controlSystem|gridLight:ledArray[10].ledArray2[6].LED|countDown:onGreen|out[5]                                                ;
; 4:1                ; 7 bits    ; 14 LEs        ; 14 LEs               ; 0 LEs                  ; Yes        ; |DE1_SoC|controller:controlSystem|gridLight:ledArray[10].ledArray2[5].LED|countDown:onGreen|out[3]                                                ;
; 4:1                ; 7 bits    ; 14 LEs        ; 14 LEs               ; 0 LEs                  ; Yes        ; |DE1_SoC|controller:controlSystem|gridLight:ledArray[10].ledArray2[4].LED|countDown:onGreen|out[7]                                                ;
; 4:1                ; 7 bits    ; 14 LEs        ; 14 LEs               ; 0 LEs                  ; Yes        ; |DE1_SoC|controller:controlSystem|gridLight:ledArray[10].ledArray2[3].LED|countDown:onGreen|out[7]                                                ;
; 4:1                ; 7 bits    ; 14 LEs        ; 14 LEs               ; 0 LEs                  ; Yes        ; |DE1_SoC|controller:controlSystem|gridLight:ledArray[11].ledArray2[10].LED|countDown:onGreen|out[4]                                               ;
; 4:1                ; 7 bits    ; 14 LEs        ; 14 LEs               ; 0 LEs                  ; Yes        ; |DE1_SoC|controller:controlSystem|gridLight:ledArray[11].ledArray2[9].LED|countDown:onGreen|out[3]                                                ;
; 4:1                ; 7 bits    ; 14 LEs        ; 14 LEs               ; 0 LEs                  ; Yes        ; |DE1_SoC|controller:controlSystem|gridLight:ledArray[11].ledArray2[8].LED|countDown:onGreen|out[5]                                                ;
; 4:1                ; 7 bits    ; 14 LEs        ; 14 LEs               ; 0 LEs                  ; Yes        ; |DE1_SoC|controller:controlSystem|gridLight:ledArray[11].ledArray2[7].LED|countDown:onGreen|out[6]                                                ;
; 4:1                ; 7 bits    ; 14 LEs        ; 14 LEs               ; 0 LEs                  ; Yes        ; |DE1_SoC|controller:controlSystem|gridLight:ledArray[11].ledArray2[6].LED|countDown:onGreen|out[5]                                                ;
; 4:1                ; 7 bits    ; 14 LEs        ; 14 LEs               ; 0 LEs                  ; Yes        ; |DE1_SoC|controller:controlSystem|gridLight:ledArray[11].ledArray2[5].LED|countDown:onGreen|out[5]                                                ;
; 4:1                ; 7 bits    ; 14 LEs        ; 14 LEs               ; 0 LEs                  ; Yes        ; |DE1_SoC|controller:controlSystem|gridLight:ledArray[11].ledArray2[4].LED|countDown:onGreen|out[4]                                                ;
; 4:1                ; 7 bits    ; 14 LEs        ; 14 LEs               ; 0 LEs                  ; Yes        ; |DE1_SoC|controller:controlSystem|gridLight:ledArray[11].ledArray2[3].LED|countDown:onGreen|out[5]                                                ;
; 4:1                ; 7 bits    ; 14 LEs        ; 14 LEs               ; 0 LEs                  ; Yes        ; |DE1_SoC|controller:controlSystem|gridLight:ledArray[11].ledArray2[2].LED|countDown:onGreen|out[5]                                                ;
; 4:1                ; 7 bits    ; 14 LEs        ; 14 LEs               ; 0 LEs                  ; Yes        ; |DE1_SoC|controller:controlSystem|gridLight:ledArray[11].ledArray2[1].LED|countDown:onGreen|out[3]                                                ;
; 4:1                ; 7 bits    ; 14 LEs        ; 14 LEs               ; 0 LEs                  ; Yes        ; |DE1_SoC|controller:controlSystem|gridLight:ledArray[11].ledArray2[0].LED|countDown:onGreen|out[7]                                                ;
; 4:1                ; 7 bits    ; 14 LEs        ; 14 LEs               ; 0 LEs                  ; Yes        ; |DE1_SoC|controller:controlSystem|gridLight:ledArray[10].ledArray2[15].LED|countDown:onGreen|out[7]                                               ;
; 4:1                ; 7 bits    ; 14 LEs        ; 14 LEs               ; 0 LEs                  ; Yes        ; |DE1_SoC|controller:controlSystem|gridLight:ledArray[12].ledArray2[6].LED|countDown:onGreen|out[4]                                                ;
; 4:1                ; 7 bits    ; 14 LEs        ; 14 LEs               ; 0 LEs                  ; Yes        ; |DE1_SoC|controller:controlSystem|gridLight:ledArray[12].ledArray2[5].LED|countDown:onGreen|out[3]                                                ;
; 4:1                ; 7 bits    ; 14 LEs        ; 14 LEs               ; 0 LEs                  ; Yes        ; |DE1_SoC|controller:controlSystem|gridLight:ledArray[12].ledArray2[4].LED|countDown:onGreen|out[5]                                                ;
; 4:1                ; 7 bits    ; 14 LEs        ; 14 LEs               ; 0 LEs                  ; Yes        ; |DE1_SoC|controller:controlSystem|gridLight:ledArray[12].ledArray2[3].LED|countDown:onGreen|out[6]                                                ;
; 4:1                ; 7 bits    ; 14 LEs        ; 14 LEs               ; 0 LEs                  ; Yes        ; |DE1_SoC|controller:controlSystem|gridLight:ledArray[12].ledArray2[2].LED|countDown:onGreen|out[5]                                                ;
; 4:1                ; 7 bits    ; 14 LEs        ; 14 LEs               ; 0 LEs                  ; Yes        ; |DE1_SoC|controller:controlSystem|gridLight:ledArray[12].ledArray2[1].LED|countDown:onGreen|out[5]                                                ;
; 4:1                ; 7 bits    ; 14 LEs        ; 14 LEs               ; 0 LEs                  ; Yes        ; |DE1_SoC|controller:controlSystem|gridLight:ledArray[12].ledArray2[0].LED|countDown:onGreen|out[4]                                                ;
; 4:1                ; 7 bits    ; 14 LEs        ; 14 LEs               ; 0 LEs                  ; Yes        ; |DE1_SoC|controller:controlSystem|gridLight:ledArray[11].ledArray2[15].LED|countDown:onGreen|out[5]                                               ;
; 4:1                ; 7 bits    ; 14 LEs        ; 14 LEs               ; 0 LEs                  ; Yes        ; |DE1_SoC|controller:controlSystem|gridLight:ledArray[11].ledArray2[14].LED|countDown:onGreen|out[5]                                               ;
; 4:1                ; 7 bits    ; 14 LEs        ; 14 LEs               ; 0 LEs                  ; Yes        ; |DE1_SoC|controller:controlSystem|gridLight:ledArray[11].ledArray2[13].LED|countDown:onGreen|out[3]                                               ;
; 4:1                ; 7 bits    ; 14 LEs        ; 14 LEs               ; 0 LEs                  ; Yes        ; |DE1_SoC|controller:controlSystem|gridLight:ledArray[11].ledArray2[12].LED|countDown:onGreen|out[7]                                               ;
; 4:1                ; 7 bits    ; 14 LEs        ; 14 LEs               ; 0 LEs                  ; Yes        ; |DE1_SoC|controller:controlSystem|gridLight:ledArray[11].ledArray2[11].LED|countDown:onGreen|out[7]                                               ;
; 4:1                ; 7 bits    ; 14 LEs        ; 14 LEs               ; 0 LEs                  ; Yes        ; |DE1_SoC|controller:controlSystem|gridLight:ledArray[13].ledArray2[2].LED|countDown:onGreen|out[4]                                                ;
; 4:1                ; 7 bits    ; 14 LEs        ; 14 LEs               ; 0 LEs                  ; Yes        ; |DE1_SoC|controller:controlSystem|gridLight:ledArray[13].ledArray2[1].LED|countDown:onGreen|out[3]                                                ;
; 4:1                ; 7 bits    ; 14 LEs        ; 14 LEs               ; 0 LEs                  ; Yes        ; |DE1_SoC|controller:controlSystem|gridLight:ledArray[13].ledArray2[0].LED|countDown:onGreen|out[5]                                                ;
; 4:1                ; 7 bits    ; 14 LEs        ; 14 LEs               ; 0 LEs                  ; Yes        ; |DE1_SoC|controller:controlSystem|gridLight:ledArray[12].ledArray2[15].LED|countDown:onGreen|out[6]                                               ;
; 4:1                ; 7 bits    ; 14 LEs        ; 14 LEs               ; 0 LEs                  ; Yes        ; |DE1_SoC|controller:controlSystem|gridLight:ledArray[12].ledArray2[14].LED|countDown:onGreen|out[5]                                               ;
; 4:1                ; 7 bits    ; 14 LEs        ; 14 LEs               ; 0 LEs                  ; Yes        ; |DE1_SoC|controller:controlSystem|gridLight:ledArray[12].ledArray2[13].LED|countDown:onGreen|out[5]                                               ;
; 4:1                ; 7 bits    ; 14 LEs        ; 14 LEs               ; 0 LEs                  ; Yes        ; |DE1_SoC|controller:controlSystem|gridLight:ledArray[12].ledArray2[12].LED|countDown:onGreen|out[4]                                               ;
; 4:1                ; 7 bits    ; 14 LEs        ; 14 LEs               ; 0 LEs                  ; Yes        ; |DE1_SoC|controller:controlSystem|gridLight:ledArray[12].ledArray2[11].LED|countDown:onGreen|out[5]                                               ;
; 4:1                ; 7 bits    ; 14 LEs        ; 14 LEs               ; 0 LEs                  ; Yes        ; |DE1_SoC|controller:controlSystem|gridLight:ledArray[12].ledArray2[10].LED|countDown:onGreen|out[5]                                               ;
; 4:1                ; 7 bits    ; 14 LEs        ; 14 LEs               ; 0 LEs                  ; Yes        ; |DE1_SoC|controller:controlSystem|gridLight:ledArray[12].ledArray2[9].LED|countDown:onGreen|out[3]                                                ;
; 4:1                ; 7 bits    ; 14 LEs        ; 14 LEs               ; 0 LEs                  ; Yes        ; |DE1_SoC|controller:controlSystem|gridLight:ledArray[12].ledArray2[8].LED|countDown:onGreen|out[7]                                                ;
; 4:1                ; 7 bits    ; 14 LEs        ; 14 LEs               ; 0 LEs                  ; Yes        ; |DE1_SoC|controller:controlSystem|gridLight:ledArray[12].ledArray2[7].LED|countDown:onGreen|out[7]                                                ;
; 4:1                ; 7 bits    ; 14 LEs        ; 14 LEs               ; 0 LEs                  ; Yes        ; |DE1_SoC|controller:controlSystem|gridLight:ledArray[13].ledArray2[14].LED|countDown:onGreen|out[4]                                               ;
; 4:1                ; 7 bits    ; 14 LEs        ; 14 LEs               ; 0 LEs                  ; Yes        ; |DE1_SoC|controller:controlSystem|gridLight:ledArray[13].ledArray2[13].LED|countDown:onGreen|out[3]                                               ;
; 4:1                ; 7 bits    ; 14 LEs        ; 14 LEs               ; 0 LEs                  ; Yes        ; |DE1_SoC|controller:controlSystem|gridLight:ledArray[13].ledArray2[12].LED|countDown:onGreen|out[5]                                               ;
; 4:1                ; 7 bits    ; 14 LEs        ; 14 LEs               ; 0 LEs                  ; Yes        ; |DE1_SoC|controller:controlSystem|gridLight:ledArray[13].ledArray2[11].LED|countDown:onGreen|out[6]                                               ;
; 4:1                ; 7 bits    ; 14 LEs        ; 14 LEs               ; 0 LEs                  ; Yes        ; |DE1_SoC|controller:controlSystem|gridLight:ledArray[13].ledArray2[10].LED|countDown:onGreen|out[5]                                               ;
; 4:1                ; 7 bits    ; 14 LEs        ; 14 LEs               ; 0 LEs                  ; Yes        ; |DE1_SoC|controller:controlSystem|gridLight:ledArray[13].ledArray2[9].LED|countDown:onGreen|out[5]                                                ;
; 4:1                ; 7 bits    ; 14 LEs        ; 14 LEs               ; 0 LEs                  ; Yes        ; |DE1_SoC|controller:controlSystem|gridLight:ledArray[13].ledArray2[8].LED|countDown:onGreen|out[4]                                                ;
; 4:1                ; 7 bits    ; 14 LEs        ; 14 LEs               ; 0 LEs                  ; Yes        ; |DE1_SoC|controller:controlSystem|gridLight:ledArray[13].ledArray2[7].LED|countDown:onGreen|out[5]                                                ;
; 4:1                ; 7 bits    ; 14 LEs        ; 14 LEs               ; 0 LEs                  ; Yes        ; |DE1_SoC|controller:controlSystem|gridLight:ledArray[13].ledArray2[6].LED|countDown:onGreen|out[5]                                                ;
; 4:1                ; 7 bits    ; 14 LEs        ; 14 LEs               ; 0 LEs                  ; Yes        ; |DE1_SoC|controller:controlSystem|gridLight:ledArray[13].ledArray2[5].LED|countDown:onGreen|out[3]                                                ;
; 4:1                ; 7 bits    ; 14 LEs        ; 14 LEs               ; 0 LEs                  ; Yes        ; |DE1_SoC|controller:controlSystem|gridLight:ledArray[13].ledArray2[4].LED|countDown:onGreen|out[7]                                                ;
; 4:1                ; 7 bits    ; 14 LEs        ; 14 LEs               ; 0 LEs                  ; Yes        ; |DE1_SoC|controller:controlSystem|gridLight:ledArray[13].ledArray2[3].LED|countDown:onGreen|out[7]                                                ;
; 4:1                ; 7 bits    ; 14 LEs        ; 14 LEs               ; 0 LEs                  ; Yes        ; |DE1_SoC|controller:controlSystem|gridLight:ledArray[14].ledArray2[10].LED|countDown:onGreen|out[4]                                               ;
; 4:1                ; 7 bits    ; 14 LEs        ; 14 LEs               ; 0 LEs                  ; Yes        ; |DE1_SoC|controller:controlSystem|gridLight:ledArray[14].ledArray2[9].LED|countDown:onGreen|out[3]                                                ;
; 4:1                ; 7 bits    ; 14 LEs        ; 14 LEs               ; 0 LEs                  ; Yes        ; |DE1_SoC|controller:controlSystem|gridLight:ledArray[14].ledArray2[8].LED|countDown:onGreen|out[5]                                                ;
; 4:1                ; 7 bits    ; 14 LEs        ; 14 LEs               ; 0 LEs                  ; Yes        ; |DE1_SoC|controller:controlSystem|gridLight:ledArray[14].ledArray2[7].LED|countDown:onGreen|out[6]                                                ;
; 4:1                ; 7 bits    ; 14 LEs        ; 14 LEs               ; 0 LEs                  ; Yes        ; |DE1_SoC|controller:controlSystem|gridLight:ledArray[14].ledArray2[6].LED|countDown:onGreen|out[5]                                                ;
; 4:1                ; 7 bits    ; 14 LEs        ; 14 LEs               ; 0 LEs                  ; Yes        ; |DE1_SoC|controller:controlSystem|gridLight:ledArray[14].ledArray2[5].LED|countDown:onGreen|out[5]                                                ;
; 4:1                ; 7 bits    ; 14 LEs        ; 14 LEs               ; 0 LEs                  ; Yes        ; |DE1_SoC|controller:controlSystem|gridLight:ledArray[14].ledArray2[4].LED|countDown:onGreen|out[4]                                                ;
; 4:1                ; 7 bits    ; 14 LEs        ; 14 LEs               ; 0 LEs                  ; Yes        ; |DE1_SoC|controller:controlSystem|gridLight:ledArray[14].ledArray2[3].LED|countDown:onGreen|out[5]                                                ;
; 4:1                ; 7 bits    ; 14 LEs        ; 14 LEs               ; 0 LEs                  ; Yes        ; |DE1_SoC|controller:controlSystem|gridLight:ledArray[14].ledArray2[2].LED|countDown:onGreen|out[5]                                                ;
; 4:1                ; 7 bits    ; 14 LEs        ; 14 LEs               ; 0 LEs                  ; Yes        ; |DE1_SoC|controller:controlSystem|gridLight:ledArray[14].ledArray2[1].LED|countDown:onGreen|out[3]                                                ;
; 4:1                ; 7 bits    ; 14 LEs        ; 14 LEs               ; 0 LEs                  ; Yes        ; |DE1_SoC|controller:controlSystem|gridLight:ledArray[14].ledArray2[0].LED|countDown:onGreen|out[7]                                                ;
; 4:1                ; 7 bits    ; 14 LEs        ; 14 LEs               ; 0 LEs                  ; Yes        ; |DE1_SoC|controller:controlSystem|gridLight:ledArray[13].ledArray2[15].LED|countDown:onGreen|out[7]                                               ;
; 4:1                ; 7 bits    ; 14 LEs        ; 14 LEs               ; 0 LEs                  ; Yes        ; |DE1_SoC|controller:controlSystem|gridLight:ledArray[15].ledArray2[6].LED|countDown:onGreen|out[4]                                                ;
; 4:1                ; 7 bits    ; 14 LEs        ; 14 LEs               ; 0 LEs                  ; Yes        ; |DE1_SoC|controller:controlSystem|gridLight:ledArray[15].ledArray2[5].LED|countDown:onGreen|out[3]                                                ;
; 4:1                ; 7 bits    ; 14 LEs        ; 14 LEs               ; 0 LEs                  ; Yes        ; |DE1_SoC|controller:controlSystem|gridLight:ledArray[15].ledArray2[4].LED|countDown:onGreen|out[5]                                                ;
; 4:1                ; 7 bits    ; 14 LEs        ; 14 LEs               ; 0 LEs                  ; Yes        ; |DE1_SoC|controller:controlSystem|gridLight:ledArray[15].ledArray2[3].LED|countDown:onGreen|out[6]                                                ;
; 4:1                ; 7 bits    ; 14 LEs        ; 14 LEs               ; 0 LEs                  ; Yes        ; |DE1_SoC|controller:controlSystem|gridLight:ledArray[15].ledArray2[2].LED|countDown:onGreen|out[5]                                                ;
; 4:1                ; 7 bits    ; 14 LEs        ; 14 LEs               ; 0 LEs                  ; Yes        ; |DE1_SoC|controller:controlSystem|gridLight:ledArray[15].ledArray2[1].LED|countDown:onGreen|out[5]                                                ;
; 4:1                ; 7 bits    ; 14 LEs        ; 14 LEs               ; 0 LEs                  ; Yes        ; |DE1_SoC|controller:controlSystem|gridLight:ledArray[15].ledArray2[0].LED|countDown:onGreen|out[4]                                                ;
; 4:1                ; 7 bits    ; 14 LEs        ; 14 LEs               ; 0 LEs                  ; Yes        ; |DE1_SoC|controller:controlSystem|gridLight:ledArray[14].ledArray2[15].LED|countDown:onGreen|out[5]                                               ;
; 4:1                ; 7 bits    ; 14 LEs        ; 14 LEs               ; 0 LEs                  ; Yes        ; |DE1_SoC|controller:controlSystem|gridLight:ledArray[14].ledArray2[14].LED|countDown:onGreen|out[5]                                               ;
; 4:1                ; 7 bits    ; 14 LEs        ; 14 LEs               ; 0 LEs                  ; Yes        ; |DE1_SoC|controller:controlSystem|gridLight:ledArray[14].ledArray2[13].LED|countDown:onGreen|out[3]                                               ;
; 4:1                ; 7 bits    ; 14 LEs        ; 14 LEs               ; 0 LEs                  ; Yes        ; |DE1_SoC|controller:controlSystem|gridLight:ledArray[14].ledArray2[12].LED|countDown:onGreen|out[7]                                               ;
; 4:1                ; 7 bits    ; 14 LEs        ; 14 LEs               ; 0 LEs                  ; Yes        ; |DE1_SoC|controller:controlSystem|gridLight:ledArray[14].ledArray2[11].LED|countDown:onGreen|out[7]                                               ;
; 4:1                ; 7 bits    ; 14 LEs        ; 14 LEs               ; 0 LEs                  ; Yes        ; |DE1_SoC|controller:controlSystem|gridLight:ledArray[1].ledArray2[12].LED|countDown:onGreen|out[5]                                                ;
; 4:1                ; 7 bits    ; 14 LEs        ; 14 LEs               ; 0 LEs                  ; Yes        ; |DE1_SoC|controller:controlSystem|gridLight:ledArray[1].ledArray2[11].LED|countDown:onGreen|out[5]                                                ;
; 4:1                ; 7 bits    ; 14 LEs        ; 14 LEs               ; 0 LEs                  ; Yes        ; |DE1_SoC|controller:controlSystem|gridLight:ledArray[1].ledArray2[10].LED|countDown:onGreen|out[4]                                                ;
; 4:1                ; 7 bits    ; 14 LEs        ; 14 LEs               ; 0 LEs                  ; Yes        ; |DE1_SoC|controller:controlSystem|gridLight:ledArray[1].ledArray2[9].LED|countDown:onGreen|out[5]                                                 ;
; 4:1                ; 7 bits    ; 14 LEs        ; 14 LEs               ; 0 LEs                  ; Yes        ; |DE1_SoC|controller:controlSystem|gridLight:ledArray[1].ledArray2[8].LED|countDown:onGreen|out[4]                                                 ;
; 4:1                ; 7 bits    ; 14 LEs        ; 14 LEs               ; 0 LEs                  ; Yes        ; |DE1_SoC|controller:controlSystem|gridLight:ledArray[1].ledArray2[7].LED|countDown:onGreen|out[5]                                                 ;
; 4:1                ; 7 bits    ; 14 LEs        ; 14 LEs               ; 0 LEs                  ; Yes        ; |DE1_SoC|controller:controlSystem|gridLight:ledArray[1].ledArray2[6].LED|countDown:onGreen|out[5]                                                 ;
; 4:1                ; 7 bits    ; 14 LEs        ; 14 LEs               ; 0 LEs                  ; Yes        ; |DE1_SoC|controller:controlSystem|gridLight:ledArray[1].ledArray2[5].LED|countDown:onGreen|out[5]                                                 ;
+--------------------+-----------+---------------+----------------------+------------------------+------------+---------------------------------------------------------------------------------------------------------------------------------------------------+


+----------------------------------------------------------------------------------------------------------------------------------------------------------------------------------------------------------------------------------------+
; Source assignments for audio_codec:codec|Altera_UP_Audio_In_Deserializer:Audio_In_Deserializer|Altera_UP_SYNC_FIFO:Audio_In_Left_Channel_FIFO|scfifo:Sync_FIFO|scfifo_8ba1:auto_generated|a_dpfifo_r2a1:dpfifo|altsyncram_p3i1:FIFOram ;
+---------------------------------+--------------------+------+--------------------------------------------------------------------------------------------------------------------------------------------------------------------------+
; Assignment                      ; Value              ; From ; To                                                                                                                                                                       ;
+---------------------------------+--------------------+------+--------------------------------------------------------------------------------------------------------------------------------------------------------------------------+
; OPTIMIZE_POWER_DURING_SYNTHESIS ; NORMAL_COMPILATION ; -    ; -                                                                                                                                                                        ;
+---------------------------------+--------------------+------+--------------------------------------------------------------------------------------------------------------------------------------------------------------------------+


+-----------------------------------------------------------------------------------------------------------------------------------------------------------------------------------------------------------------------------------------+
; Source assignments for audio_codec:codec|Altera_UP_Audio_In_Deserializer:Audio_In_Deserializer|Altera_UP_SYNC_FIFO:Audio_In_Right_Channel_FIFO|scfifo:Sync_FIFO|scfifo_8ba1:auto_generated|a_dpfifo_r2a1:dpfifo|altsyncram_p3i1:FIFOram ;
+---------------------------------+--------------------+------+---------------------------------------------------------------------------------------------------------------------------------------------------------------------------+
; Assignment                      ; Value              ; From ; To                                                                                                                                                                        ;
+---------------------------------+--------------------+------+---------------------------------------------------------------------------------------------------------------------------------------------------------------------------+
; OPTIMIZE_POWER_DURING_SYNTHESIS ; NORMAL_COMPILATION ; -    ; -                                                                                                                                                                         ;
+---------------------------------+--------------------+------+---------------------------------------------------------------------------------------------------------------------------------------------------------------------------+


+---------------------------------------------------------------------------------------------------------------------------------------------------------------------------------------------------------------------------------------+
; Source assignments for audio_codec:codec|Altera_UP_Audio_Out_Serializer:Audio_Out_Serializer|Altera_UP_SYNC_FIFO:Audio_Out_Left_Channel_FIFO|scfifo:Sync_FIFO|scfifo_8ba1:auto_generated|a_dpfifo_r2a1:dpfifo|altsyncram_p3i1:FIFOram ;
+---------------------------------+--------------------+------+-------------------------------------------------------------------------------------------------------------------------------------------------------------------------+
; Assignment                      ; Value              ; From ; To                                                                                                                                                                      ;
+---------------------------------+--------------------+------+-------------------------------------------------------------------------------------------------------------------------------------------------------------------------+
; OPTIMIZE_POWER_DURING_SYNTHESIS ; NORMAL_COMPILATION ; -    ; -                                                                                                                                                                       ;
+---------------------------------+--------------------+------+-------------------------------------------------------------------------------------------------------------------------------------------------------------------------+


+----------------------------------------------------------------------------------------------------------------------------------------------------------------------------------------------------------------------------------------+
; Source assignments for audio_codec:codec|Altera_UP_Audio_Out_Serializer:Audio_Out_Serializer|Altera_UP_SYNC_FIFO:Audio_Out_Right_Channel_FIFO|scfifo:Sync_FIFO|scfifo_8ba1:auto_generated|a_dpfifo_r2a1:dpfifo|altsyncram_p3i1:FIFOram ;
+---------------------------------+--------------------+------+--------------------------------------------------------------------------------------------------------------------------------------------------------------------------+
; Assignment                      ; Value              ; From ; To                                                                                                                                                                       ;
+---------------------------------+--------------------+------+--------------------------------------------------------------------------------------------------------------------------------------------------------------------------+
; OPTIMIZE_POWER_DURING_SYNTHESIS ; NORMAL_COMPILATION ; -    ; -                                                                                                                                                                        ;
+---------------------------------+--------------------+------+--------------------------------------------------------------------------------------------------------------------------------------------------------------------------+


+---------------------------------------------------------------------------+
; Parameter Settings for User Entity Instance: clock_generator:my_clock_gen ;
+----------------+-------+--------------------------------------------------+
; Parameter Name ; Value ; Type                                             ;
+----------------+-------+--------------------------------------------------+
; AUD_CLK_MULT   ; 14    ; Signed Integer                                   ;
; AUD_CLK_DIV    ; 31    ; Signed Integer                                   ;
+----------------+-------+--------------------------------------------------+
Note: In order to hide this table in the UI and the text report file, please set the "Show Parameter Settings in Synthesis Report" option in "Analysis and Synthesis Settings -> More Settings" to "Off".


+-----------------------------------------------------------------------------------------------------------+
; Parameter Settings for User Entity Instance: clock_generator:my_clock_gen|altpll:DE_Clock_Generator_Audio ;
+-------------------------------+-------------------+-------------------------------------------------------+
; Parameter Name                ; Value             ; Type                                                  ;
+-------------------------------+-------------------+-------------------------------------------------------+
; OPERATION_MODE                ; NORMAL            ; Untyped                                               ;
; PLL_TYPE                      ; FAST              ; Untyped                                               ;
; LPM_HINT                      ; UNUSED            ; Untyped                                               ;
; QUALIFY_CONF_DONE             ; OFF               ; Untyped                                               ;
; COMPENSATE_CLOCK              ; CLK0              ; Untyped                                               ;
; SCAN_CHAIN                    ; LONG              ; Untyped                                               ;
; PRIMARY_CLOCK                 ; INCLK0            ; Untyped                                               ;
; INCLK0_INPUT_FREQUENCY        ; 37037             ; Signed Integer                                        ;
; INCLK1_INPUT_FREQUENCY        ; 0                 ; Untyped                                               ;
; GATE_LOCK_SIGNAL              ; NO                ; Untyped                                               ;
; GATE_LOCK_COUNTER             ; 0                 ; Untyped                                               ;
; LOCK_HIGH                     ; 1                 ; Untyped                                               ;
; LOCK_LOW                      ; 1                 ; Untyped                                               ;
; VALID_LOCK_MULTIPLIER         ; 1                 ; Signed Integer                                        ;
; INVALID_LOCK_MULTIPLIER       ; 5                 ; Signed Integer                                        ;
; SWITCH_OVER_ON_LOSSCLK        ; OFF               ; Untyped                                               ;
; SWITCH_OVER_ON_GATED_LOCK     ; OFF               ; Untyped                                               ;
; ENABLE_SWITCH_OVER_COUNTER    ; OFF               ; Untyped                                               ;
; SKIP_VCO                      ; OFF               ; Untyped                                               ;
; SWITCH_OVER_COUNTER           ; 0                 ; Untyped                                               ;
; SWITCH_OVER_TYPE              ; AUTO              ; Untyped                                               ;
; FEEDBACK_SOURCE               ; EXTCLK0           ; Untyped                                               ;
; BANDWIDTH                     ; 0                 ; Untyped                                               ;
; BANDWIDTH_TYPE                ; AUTO              ; Untyped                                               ;
; SPREAD_FREQUENCY              ; 0                 ; Untyped                                               ;
; DOWN_SPREAD                   ; 0                 ; Untyped                                               ;
; SELF_RESET_ON_GATED_LOSS_LOCK ; OFF               ; Untyped                                               ;
; SELF_RESET_ON_LOSS_LOCK       ; OFF               ; Untyped                                               ;
; CLK9_MULTIPLY_BY              ; 0                 ; Untyped                                               ;
; CLK8_MULTIPLY_BY              ; 0                 ; Untyped                                               ;
; CLK7_MULTIPLY_BY              ; 0                 ; Untyped                                               ;
; CLK6_MULTIPLY_BY              ; 0                 ; Untyped                                               ;
; CLK5_MULTIPLY_BY              ; 1                 ; Untyped                                               ;
; CLK4_MULTIPLY_BY              ; 1                 ; Untyped                                               ;
; CLK3_MULTIPLY_BY              ; 1                 ; Untyped                                               ;
; CLK2_MULTIPLY_BY              ; 1                 ; Untyped                                               ;
; CLK1_MULTIPLY_BY              ; 1                 ; Untyped                                               ;
; CLK0_MULTIPLY_BY              ; 14                ; Signed Integer                                        ;
; CLK9_DIVIDE_BY                ; 0                 ; Untyped                                               ;
; CLK8_DIVIDE_BY                ; 0                 ; Untyped                                               ;
; CLK7_DIVIDE_BY                ; 0                 ; Untyped                                               ;
; CLK6_DIVIDE_BY                ; 0                 ; Untyped                                               ;
; CLK5_DIVIDE_BY                ; 1                 ; Untyped                                               ;
; CLK4_DIVIDE_BY                ; 1                 ; Untyped                                               ;
; CLK3_DIVIDE_BY                ; 1                 ; Untyped                                               ;
; CLK2_DIVIDE_BY                ; 1                 ; Untyped                                               ;
; CLK1_DIVIDE_BY                ; 1                 ; Untyped                                               ;
; CLK0_DIVIDE_BY                ; 31                ; Signed Integer                                        ;
; CLK9_PHASE_SHIFT              ; 0                 ; Untyped                                               ;
; CLK8_PHASE_SHIFT              ; 0                 ; Untyped                                               ;
; CLK7_PHASE_SHIFT              ; 0                 ; Untyped                                               ;
; CLK6_PHASE_SHIFT              ; 0                 ; Untyped                                               ;
; CLK5_PHASE_SHIFT              ; 0                 ; Untyped                                               ;
; CLK4_PHASE_SHIFT              ; 0                 ; Untyped                                               ;
; CLK3_PHASE_SHIFT              ; 0                 ; Untyped                                               ;
; CLK2_PHASE_SHIFT              ; 0                 ; Untyped                                               ;
; CLK1_PHASE_SHIFT              ; 0                 ; Untyped                                               ;
; CLK0_PHASE_SHIFT              ; 0                 ; Untyped                                               ;
; CLK5_TIME_DELAY               ; 0                 ; Untyped                                               ;
; CLK4_TIME_DELAY               ; 0                 ; Untyped                                               ;
; CLK3_TIME_DELAY               ; 0                 ; Untyped                                               ;
; CLK2_TIME_DELAY               ; 0                 ; Untyped                                               ;
; CLK1_TIME_DELAY               ; 0                 ; Untyped                                               ;
; CLK0_TIME_DELAY               ; 0                 ; Untyped                                               ;
; CLK9_DUTY_CYCLE               ; 50                ; Untyped                                               ;
; CLK8_DUTY_CYCLE               ; 50                ; Untyped                                               ;
; CLK7_DUTY_CYCLE               ; 50                ; Untyped                                               ;
; CLK6_DUTY_CYCLE               ; 50                ; Untyped                                               ;
; CLK5_DUTY_CYCLE               ; 50                ; Untyped                                               ;
; CLK4_DUTY_CYCLE               ; 50                ; Untyped                                               ;
; CLK3_DUTY_CYCLE               ; 50                ; Untyped                                               ;
; CLK2_DUTY_CYCLE               ; 50                ; Untyped                                               ;
; CLK1_DUTY_CYCLE               ; 50                ; Untyped                                               ;
; CLK0_DUTY_CYCLE               ; 50                ; Signed Integer                                        ;
; CLK9_USE_EVEN_COUNTER_MODE    ; OFF               ; Untyped                                               ;
; CLK8_USE_EVEN_COUNTER_MODE    ; OFF               ; Untyped                                               ;
; CLK7_USE_EVEN_COUNTER_MODE    ; OFF               ; Untyped                                               ;
; CLK6_USE_EVEN_COUNTER_MODE    ; OFF               ; Untyped                                               ;
; CLK5_USE_EVEN_COUNTER_MODE    ; OFF               ; Untyped                                               ;
; CLK4_USE_EVEN_COUNTER_MODE    ; OFF               ; Untyped                                               ;
; CLK3_USE_EVEN_COUNTER_MODE    ; OFF               ; Untyped                                               ;
; CLK2_USE_EVEN_COUNTER_MODE    ; OFF               ; Untyped                                               ;
; CLK1_USE_EVEN_COUNTER_MODE    ; OFF               ; Untyped                                               ;
; CLK0_USE_EVEN_COUNTER_MODE    ; OFF               ; Untyped                                               ;
; CLK9_USE_EVEN_COUNTER_VALUE   ; OFF               ; Untyped                                               ;
; CLK8_USE_EVEN_COUNTER_VALUE   ; OFF               ; Untyped                                               ;
; CLK7_USE_EVEN_COUNTER_VALUE   ; OFF               ; Untyped                                               ;
; CLK6_USE_EVEN_COUNTER_VALUE   ; OFF               ; Untyped                                               ;
; CLK5_USE_EVEN_COUNTER_VALUE   ; OFF               ; Untyped                                               ;
; CLK4_USE_EVEN_COUNTER_VALUE   ; OFF               ; Untyped                                               ;
; CLK3_USE_EVEN_COUNTER_VALUE   ; OFF               ; Untyped                                               ;
; CLK2_USE_EVEN_COUNTER_VALUE   ; OFF               ; Untyped                                               ;
; CLK1_USE_EVEN_COUNTER_VALUE   ; OFF               ; Untyped                                               ;
; CLK0_USE_EVEN_COUNTER_VALUE   ; OFF               ; Untyped                                               ;
; LOCK_WINDOW_UI                ;  0.05             ; Untyped                                               ;
; LOCK_WINDOW_UI_BITS           ; UNUSED            ; Untyped                                               ;
; VCO_RANGE_DETECTOR_LOW_BITS   ; UNUSED            ; Untyped                                               ;
; VCO_RANGE_DETECTOR_HIGH_BITS  ; UNUSED            ; Untyped                                               ;
; DPA_MULTIPLY_BY               ; 0                 ; Untyped                                               ;
; DPA_DIVIDE_BY                 ; 1                 ; Untyped                                               ;
; DPA_DIVIDER                   ; 0                 ; Untyped                                               ;
; EXTCLK3_MULTIPLY_BY           ; 1                 ; Untyped                                               ;
; EXTCLK2_MULTIPLY_BY           ; 1                 ; Untyped                                               ;
; EXTCLK1_MULTIPLY_BY           ; 1                 ; Untyped                                               ;
; EXTCLK0_MULTIPLY_BY           ; 1                 ; Untyped                                               ;
; EXTCLK3_DIVIDE_BY             ; 1                 ; Untyped                                               ;
; EXTCLK2_DIVIDE_BY             ; 1                 ; Untyped                                               ;
; EXTCLK1_DIVIDE_BY             ; 1                 ; Untyped                                               ;
; EXTCLK0_DIVIDE_BY             ; 1                 ; Untyped                                               ;
; EXTCLK3_PHASE_SHIFT           ; 0                 ; Untyped                                               ;
; EXTCLK2_PHASE_SHIFT           ; 0                 ; Untyped                                               ;
; EXTCLK1_PHASE_SHIFT           ; 0                 ; Untyped                                               ;
; EXTCLK0_PHASE_SHIFT           ; 0                 ; Untyped                                               ;
; EXTCLK3_TIME_DELAY            ; 0                 ; Untyped                                               ;
; EXTCLK2_TIME_DELAY            ; 0                 ; Untyped                                               ;
; EXTCLK1_TIME_DELAY            ; 0                 ; Untyped                                               ;
; EXTCLK0_TIME_DELAY            ; 0                 ; Untyped                                               ;
; EXTCLK3_DUTY_CYCLE            ; 50                ; Untyped                                               ;
; EXTCLK2_DUTY_CYCLE            ; 50                ; Untyped                                               ;
; EXTCLK1_DUTY_CYCLE            ; 50                ; Untyped                                               ;
; EXTCLK0_DUTY_CYCLE            ; 50                ; Untyped                                               ;
; VCO_MULTIPLY_BY               ; 0                 ; Untyped                                               ;
; VCO_DIVIDE_BY                 ; 0                 ; Untyped                                               ;
; SCLKOUT0_PHASE_SHIFT          ; 0                 ; Untyped                                               ;
; SCLKOUT1_PHASE_SHIFT          ; 0                 ; Untyped                                               ;
; VCO_MIN                       ; 0                 ; Untyped                                               ;
; VCO_MAX                       ; 0                 ; Untyped                                               ;
; VCO_CENTER                    ; 0                 ; Untyped                                               ;
; PFD_MIN                       ; 0                 ; Untyped                                               ;
; PFD_MAX                       ; 0                 ; Untyped                                               ;
; M_INITIAL                     ; 0                 ; Untyped                                               ;
; M                             ; 0                 ; Untyped                                               ;
; N                             ; 1                 ; Untyped                                               ;
; M2                            ; 1                 ; Untyped                                               ;
; N2                            ; 1                 ; Untyped                                               ;
; SS                            ; 1                 ; Untyped                                               ;
; C0_HIGH                       ; 0                 ; Untyped                                               ;
; C1_HIGH                       ; 0                 ; Untyped                                               ;
; C2_HIGH                       ; 0                 ; Untyped                                               ;
; C3_HIGH                       ; 0                 ; Untyped                                               ;
; C4_HIGH                       ; 0                 ; Untyped                                               ;
; C5_HIGH                       ; 0                 ; Untyped                                               ;
; C6_HIGH                       ; 0                 ; Untyped                                               ;
; C7_HIGH                       ; 0                 ; Untyped                                               ;
; C8_HIGH                       ; 0                 ; Untyped                                               ;
; C9_HIGH                       ; 0                 ; Untyped                                               ;
; C0_LOW                        ; 0                 ; Untyped                                               ;
; C1_LOW                        ; 0                 ; Untyped                                               ;
; C2_LOW                        ; 0                 ; Untyped                                               ;
; C3_LOW                        ; 0                 ; Untyped                                               ;
; C4_LOW                        ; 0                 ; Untyped                                               ;
; C5_LOW                        ; 0                 ; Untyped                                               ;
; C6_LOW                        ; 0                 ; Untyped                                               ;
; C7_LOW                        ; 0                 ; Untyped                                               ;
; C8_LOW                        ; 0                 ; Untyped                                               ;
; C9_LOW                        ; 0                 ; Untyped                                               ;
; C0_INITIAL                    ; 0                 ; Untyped                                               ;
; C1_INITIAL                    ; 0                 ; Untyped                                               ;
; C2_INITIAL                    ; 0                 ; Untyped                                               ;
; C3_INITIAL                    ; 0                 ; Untyped                                               ;
; C4_INITIAL                    ; 0                 ; Untyped                                               ;
; C5_INITIAL                    ; 0                 ; Untyped                                               ;
; C6_INITIAL                    ; 0                 ; Untyped                                               ;
; C7_INITIAL                    ; 0                 ; Untyped                                               ;
; C8_INITIAL                    ; 0                 ; Untyped                                               ;
; C9_INITIAL                    ; 0                 ; Untyped                                               ;
; C0_MODE                       ; BYPASS            ; Untyped                                               ;
; C1_MODE                       ; BYPASS            ; Untyped                                               ;
; C2_MODE                       ; BYPASS            ; Untyped                                               ;
; C3_MODE                       ; BYPASS            ; Untyped                                               ;
; C4_MODE                       ; BYPASS            ; Untyped                                               ;
; C5_MODE                       ; BYPASS            ; Untyped                                               ;
; C6_MODE                       ; BYPASS            ; Untyped                                               ;
; C7_MODE                       ; BYPASS            ; Untyped                                               ;
; C8_MODE                       ; BYPASS            ; Untyped                                               ;
; C9_MODE                       ; BYPASS            ; Untyped                                               ;
; C0_PH                         ; 0                 ; Untyped                                               ;
; C1_PH                         ; 0                 ; Untyped                                               ;
; C2_PH                         ; 0                 ; Untyped                                               ;
; C3_PH                         ; 0                 ; Untyped                                               ;
; C4_PH                         ; 0                 ; Untyped                                               ;
; C5_PH                         ; 0                 ; Untyped                                               ;
; C6_PH                         ; 0                 ; Untyped                                               ;
; C7_PH                         ; 0                 ; Untyped                                               ;
; C8_PH                         ; 0                 ; Untyped                                               ;
; C9_PH                         ; 0                 ; Untyped                                               ;
; L0_HIGH                       ; 1                 ; Untyped                                               ;
; L1_HIGH                       ; 1                 ; Untyped                                               ;
; G0_HIGH                       ; 1                 ; Untyped                                               ;
; G1_HIGH                       ; 1                 ; Untyped                                               ;
; G2_HIGH                       ; 1                 ; Untyped                                               ;
; G3_HIGH                       ; 1                 ; Untyped                                               ;
; E0_HIGH                       ; 1                 ; Untyped                                               ;
; E1_HIGH                       ; 1                 ; Untyped                                               ;
; E2_HIGH                       ; 1                 ; Untyped                                               ;
; E3_HIGH                       ; 1                 ; Untyped                                               ;
; L0_LOW                        ; 1                 ; Untyped                                               ;
; L1_LOW                        ; 1                 ; Untyped                                               ;
; G0_LOW                        ; 1                 ; Untyped                                               ;
; G1_LOW                        ; 1                 ; Untyped                                               ;
; G2_LOW                        ; 1                 ; Untyped                                               ;
; G3_LOW                        ; 1                 ; Untyped                                               ;
; E0_LOW                        ; 1                 ; Untyped                                               ;
; E1_LOW                        ; 1                 ; Untyped                                               ;
; E2_LOW                        ; 1                 ; Untyped                                               ;
; E3_LOW                        ; 1                 ; Untyped                                               ;
; L0_INITIAL                    ; 1                 ; Untyped                                               ;
; L1_INITIAL                    ; 1                 ; Untyped                                               ;
; G0_INITIAL                    ; 1                 ; Untyped                                               ;
; G1_INITIAL                    ; 1                 ; Untyped                                               ;
; G2_INITIAL                    ; 1                 ; Untyped                                               ;
; G3_INITIAL                    ; 1                 ; Untyped                                               ;
; E0_INITIAL                    ; 1                 ; Untyped                                               ;
; E1_INITIAL                    ; 1                 ; Untyped                                               ;
; E2_INITIAL                    ; 1                 ; Untyped                                               ;
; E3_INITIAL                    ; 1                 ; Untyped                                               ;
; L0_MODE                       ; BYPASS            ; Untyped                                               ;
; L1_MODE                       ; BYPASS            ; Untyped                                               ;
; G0_MODE                       ; BYPASS            ; Untyped                                               ;
; G1_MODE                       ; BYPASS            ; Untyped                                               ;
; G2_MODE                       ; BYPASS            ; Untyped                                               ;
; G3_MODE                       ; BYPASS            ; Untyped                                               ;
; E0_MODE                       ; BYPASS            ; Untyped                                               ;
; E1_MODE                       ; BYPASS            ; Untyped                                               ;
; E2_MODE                       ; BYPASS            ; Untyped                                               ;
; E3_MODE                       ; BYPASS            ; Untyped                                               ;
; L0_PH                         ; 0                 ; Untyped                                               ;
; L1_PH                         ; 0                 ; Untyped                                               ;
; G0_PH                         ; 0                 ; Untyped                                               ;
; G1_PH                         ; 0                 ; Untyped                                               ;
; G2_PH                         ; 0                 ; Untyped                                               ;
; G3_PH                         ; 0                 ; Untyped                                               ;
; E0_PH                         ; 0                 ; Untyped                                               ;
; E1_PH                         ; 0                 ; Untyped                                               ;
; E2_PH                         ; 0                 ; Untyped                                               ;
; E3_PH                         ; 0                 ; Untyped                                               ;
; M_PH                          ; 0                 ; Untyped                                               ;
; C1_USE_CASC_IN                ; OFF               ; Untyped                                               ;
; C2_USE_CASC_IN                ; OFF               ; Untyped                                               ;
; C3_USE_CASC_IN                ; OFF               ; Untyped                                               ;
; C4_USE_CASC_IN                ; OFF               ; Untyped                                               ;
; C5_USE_CASC_IN                ; OFF               ; Untyped                                               ;
; C6_USE_CASC_IN                ; OFF               ; Untyped                                               ;
; C7_USE_CASC_IN                ; OFF               ; Untyped                                               ;
; C8_USE_CASC_IN                ; OFF               ; Untyped                                               ;
; C9_USE_CASC_IN                ; OFF               ; Untyped                                               ;
; CLK0_COUNTER                  ; G0                ; Untyped                                               ;
; CLK1_COUNTER                  ; G0                ; Untyped                                               ;
; CLK2_COUNTER                  ; G0                ; Untyped                                               ;
; CLK3_COUNTER                  ; G0                ; Untyped                                               ;
; CLK4_COUNTER                  ; G0                ; Untyped                                               ;
; CLK5_COUNTER                  ; G0                ; Untyped                                               ;
; CLK6_COUNTER                  ; E0                ; Untyped                                               ;
; CLK7_COUNTER                  ; E1                ; Untyped                                               ;
; CLK8_COUNTER                  ; E2                ; Untyped                                               ;
; CLK9_COUNTER                  ; E3                ; Untyped                                               ;
; L0_TIME_DELAY                 ; 0                 ; Untyped                                               ;
; L1_TIME_DELAY                 ; 0                 ; Untyped                                               ;
; G0_TIME_DELAY                 ; 0                 ; Untyped                                               ;
; G1_TIME_DELAY                 ; 0                 ; Untyped                                               ;
; G2_TIME_DELAY                 ; 0                 ; Untyped                                               ;
; G3_TIME_DELAY                 ; 0                 ; Untyped                                               ;
; E0_TIME_DELAY                 ; 0                 ; Untyped                                               ;
; E1_TIME_DELAY                 ; 0                 ; Untyped                                               ;
; E2_TIME_DELAY                 ; 0                 ; Untyped                                               ;
; E3_TIME_DELAY                 ; 0                 ; Untyped                                               ;
; M_TIME_DELAY                  ; 0                 ; Untyped                                               ;
; N_TIME_DELAY                  ; 0                 ; Untyped                                               ;
; EXTCLK3_COUNTER               ; E3                ; Untyped                                               ;
; EXTCLK2_COUNTER               ; E2                ; Untyped                                               ;
; EXTCLK1_COUNTER               ; E1                ; Untyped                                               ;
; EXTCLK0_COUNTER               ; E0                ; Untyped                                               ;
; ENABLE0_COUNTER               ; L0                ; Untyped                                               ;
; ENABLE1_COUNTER               ; L0                ; Untyped                                               ;
; CHARGE_PUMP_CURRENT           ; 2                 ; Untyped                                               ;
; LOOP_FILTER_R                 ;  1.000000         ; Untyped                                               ;
; LOOP_FILTER_C                 ; 5                 ; Untyped                                               ;
; CHARGE_PUMP_CURRENT_BITS      ; 9999              ; Untyped                                               ;
; LOOP_FILTER_R_BITS            ; 9999              ; Untyped                                               ;
; LOOP_FILTER_C_BITS            ; 9999              ; Untyped                                               ;
; VCO_POST_SCALE                ; 0                 ; Untyped                                               ;
; CLK2_OUTPUT_FREQUENCY         ; 0                 ; Untyped                                               ;
; CLK1_OUTPUT_FREQUENCY         ; 0                 ; Untyped                                               ;
; CLK0_OUTPUT_FREQUENCY         ; 0                 ; Untyped                                               ;
; INTENDED_DEVICE_FAMILY        ; Cyclone II        ; Untyped                                               ;
; PORT_CLKENA0                  ; PORT_UNUSED       ; Untyped                                               ;
; PORT_CLKENA1                  ; PORT_UNUSED       ; Untyped                                               ;
; PORT_CLKENA2                  ; PORT_UNUSED       ; Untyped                                               ;
; PORT_CLKENA3                  ; PORT_UNUSED       ; Untyped                                               ;
; PORT_CLKENA4                  ; PORT_UNUSED       ; Untyped                                               ;
; PORT_CLKENA5                  ; PORT_UNUSED       ; Untyped                                               ;
; PORT_EXTCLKENA0               ; PORT_UNUSED       ; Untyped                                               ;
; PORT_EXTCLKENA1               ; PORT_UNUSED       ; Untyped                                               ;
; PORT_EXTCLKENA2               ; PORT_UNUSED       ; Untyped                                               ;
; PORT_EXTCLKENA3               ; PORT_UNUSED       ; Untyped                                               ;
; PORT_EXTCLK0                  ; PORT_UNUSED       ; Untyped                                               ;
; PORT_EXTCLK1                  ; PORT_UNUSED       ; Untyped                                               ;
; PORT_EXTCLK2                  ; PORT_UNUSED       ; Untyped                                               ;
; PORT_EXTCLK3                  ; PORT_UNUSED       ; Untyped                                               ;
; PORT_CLKBAD0                  ; PORT_UNUSED       ; Untyped                                               ;
; PORT_CLKBAD1                  ; PORT_UNUSED       ; Untyped                                               ;
; PORT_CLK0                     ; PORT_USED         ; Untyped                                               ;
; PORT_CLK1                     ; PORT_UNUSED       ; Untyped                                               ;
; PORT_CLK2                     ; PORT_UNUSED       ; Untyped                                               ;
; PORT_CLK3                     ; PORT_UNUSED       ; Untyped                                               ;
; PORT_CLK4                     ; PORT_UNUSED       ; Untyped                                               ;
; PORT_CLK5                     ; PORT_UNUSED       ; Untyped                                               ;
; PORT_CLK6                     ; PORT_UNUSED       ; Untyped                                               ;
; PORT_CLK7                     ; PORT_UNUSED       ; Untyped                                               ;
; PORT_CLK8                     ; PORT_UNUSED       ; Untyped                                               ;
; PORT_CLK9                     ; PORT_UNUSED       ; Untyped                                               ;
; PORT_SCANDATA                 ; PORT_UNUSED       ; Untyped                                               ;
; PORT_SCANDATAOUT              ; PORT_UNUSED       ; Untyped                                               ;
; PORT_SCANDONE                 ; PORT_UNUSED       ; Untyped                                               ;
; PORT_SCLKOUT1                 ; PORT_UNUSED       ; Untyped                                               ;
; PORT_SCLKOUT0                 ; PORT_UNUSED       ; Untyped                                               ;
; PORT_ACTIVECLOCK              ; PORT_UNUSED       ; Untyped                                               ;
; PORT_CLKLOSS                  ; PORT_UNUSED       ; Untyped                                               ;
; PORT_INCLK1                   ; PORT_UNUSED       ; Untyped                                               ;
; PORT_INCLK0                   ; PORT_USED         ; Untyped                                               ;
; PORT_FBIN                     ; PORT_UNUSED       ; Untyped                                               ;
; PORT_PLLENA                   ; PORT_UNUSED       ; Untyped                                               ;
; PORT_CLKSWITCH                ; PORT_UNUSED       ; Untyped                                               ;
; PORT_ARESET                   ; PORT_UNUSED       ; Untyped                                               ;
; PORT_PFDENA                   ; PORT_UNUSED       ; Untyped                                               ;
; PORT_SCANCLK                  ; PORT_UNUSED       ; Untyped                                               ;
; PORT_SCANACLR                 ; PORT_UNUSED       ; Untyped                                               ;
; PORT_SCANREAD                 ; PORT_UNUSED       ; Untyped                                               ;
; PORT_SCANWRITE                ; PORT_UNUSED       ; Untyped                                               ;
; PORT_ENABLE0                  ; PORT_UNUSED       ; Untyped                                               ;
; PORT_ENABLE1                  ; PORT_UNUSED       ; Untyped                                               ;
; PORT_LOCKED                   ; PORT_USED         ; Untyped                                               ;
; PORT_CONFIGUPDATE             ; PORT_CONNECTIVITY ; Untyped                                               ;
; PORT_FBOUT                    ; PORT_CONNECTIVITY ; Untyped                                               ;
; PORT_PHASEDONE                ; PORT_CONNECTIVITY ; Untyped                                               ;
; PORT_PHASESTEP                ; PORT_CONNECTIVITY ; Untyped                                               ;
; PORT_PHASEUPDOWN              ; PORT_CONNECTIVITY ; Untyped                                               ;
; PORT_SCANCLKENA               ; PORT_CONNECTIVITY ; Untyped                                               ;
; PORT_PHASECOUNTERSELECT       ; PORT_CONNECTIVITY ; Untyped                                               ;
; PORT_VCOOVERRANGE             ; PORT_CONNECTIVITY ; Untyped                                               ;
; PORT_VCOUNDERRANGE            ; PORT_CONNECTIVITY ; Untyped                                               ;
; M_TEST_SOURCE                 ; 5                 ; Untyped                                               ;
; C0_TEST_SOURCE                ; 5                 ; Untyped                                               ;
; C1_TEST_SOURCE                ; 5                 ; Untyped                                               ;
; C2_TEST_SOURCE                ; 5                 ; Untyped                                               ;
; C3_TEST_SOURCE                ; 5                 ; Untyped                                               ;
; C4_TEST_SOURCE                ; 5                 ; Untyped                                               ;
; C5_TEST_SOURCE                ; 5                 ; Untyped                                               ;
; C6_TEST_SOURCE                ; 5                 ; Untyped                                               ;
; C7_TEST_SOURCE                ; 5                 ; Untyped                                               ;
; C8_TEST_SOURCE                ; 5                 ; Untyped                                               ;
; C9_TEST_SOURCE                ; 5                 ; Untyped                                               ;
; CBXI_PARAMETER                ; altpll_1uu1       ; Untyped                                               ;
; VCO_FREQUENCY_CONTROL         ; AUTO              ; Untyped                                               ;
; VCO_PHASE_SHIFT_STEP          ; 0                 ; Untyped                                               ;
; WIDTH_CLOCK                   ; 6                 ; Untyped                                               ;
; WIDTH_PHASECOUNTERSELECT      ; 4                 ; Untyped                                               ;
; USING_FBMIMICBIDIR_PORT       ; OFF               ; Untyped                                               ;
; DEVICE_FAMILY                 ; Cyclone V         ; Untyped                                               ;
; SCAN_CHAIN_MIF_FILE           ; UNUSED            ; Untyped                                               ;
; SIM_GATE_LOCK_DEVICE_BEHAVIOR ; OFF               ; Untyped                                               ;
; AUTO_CARRY_CHAINS             ; ON                ; AUTO_CARRY                                            ;
; IGNORE_CARRY_BUFFERS          ; OFF               ; IGNORE_CARRY                                          ;
; AUTO_CASCADE_CHAINS           ; ON                ; AUTO_CASCADE                                          ;
; IGNORE_CASCADE_BUFFERS        ; OFF               ; IGNORE_CASCADE                                        ;
+-------------------------------+-------------------+-------------------------------------------------------+
Note: In order to hide this table in the UI and the text report file, please set the "Show Parameter Settings in Synthesis Report" option in "Analysis and Synthesis Settings -> More Settings" to "Off".


+-------------------------------------------------------------------------+
; Parameter Settings for User Entity Instance: audio_and_video_config:cfg ;
+-----------------+-----------+-------------------------------------------+
; Parameter Name  ; Value     ; Type                                      ;
+-----------------+-----------+-------------------------------------------+
; I2C_BUS_MODE    ; 0         ; Unsigned Binary                           ;
; CFG_TYPE        ; 00000001  ; Unsigned Binary                           ;
; MIN_ROM_ADDRESS ; 000000    ; Unsigned Binary                           ;
; MAX_ROM_ADDRESS ; 110010    ; Unsigned Binary                           ;
; AUD_LINE_IN_LC  ; 000011010 ; Unsigned Binary                           ;
; AUD_LINE_IN_RC  ; 000011010 ; Unsigned Binary                           ;
; AUD_LINE_OUT_LC ; 001111011 ; Unsigned Binary                           ;
; AUD_LINE_OUT_RC ; 001111011 ; Unsigned Binary                           ;
; AUD_ADC_PATH    ; 010010101 ; Unsigned Binary                           ;
; AUD_DAC_PATH    ; 000000110 ; Unsigned Binary                           ;
; AUD_POWER       ; 000000000 ; Unsigned Binary                           ;
; AUD_DATA_FORMAT ; 001001001 ; Unsigned Binary                           ;
; AUD_SAMPLE_CTRL ; 000000000 ; Unsigned Binary                           ;
; AUD_SET_ACTIVE  ; 000000001 ; Unsigned Binary                           ;
+-----------------+-----------+-------------------------------------------+
Note: In order to hide this table in the UI and the text report file, please set the "Show Parameter Settings in Synthesis Report" option in "Analysis and Synthesis Settings -> More Settings" to "Off".


+-------------------------------------------------------------------------------------------------------------------------------+
; Parameter Settings for User Entity Instance: audio_and_video_config:cfg|Altera_UP_Slow_Clock_Generator:Clock_Generator_400KHz ;
+----------------+------------+-------------------------------------------------------------------------------------------------+
; Parameter Name ; Value      ; Type                                                                                            ;
+----------------+------------+-------------------------------------------------------------------------------------------------+
; COUNTER_BITS   ; 10         ; Signed Integer                                                                                  ;
; COUNTER_INC    ; 0000000001 ; Unsigned Binary                                                                                 ;
+----------------+------------+-------------------------------------------------------------------------------------------------+
Note: In order to hide this table in the UI and the text report file, please set the "Show Parameter Settings in Synthesis Report" option in "Analysis and Synthesis Settings -> More Settings" to "Off".


+--------------------------------------------------------------------------------------------------------------------------+
; Parameter Settings for User Entity Instance: audio_and_video_config:cfg|Altera_UP_I2C_AV_Auto_Initialize:Auto_Initialize ;
+-----------------+-----------+--------------------------------------------------------------------------------------------+
; Parameter Name  ; Value     ; Type                                                                                       ;
+-----------------+-----------+--------------------------------------------------------------------------------------------+
; MIN_ROM_ADDRESS ; 000000    ; Unsigned Binary                                                                            ;
; MAX_ROM_ADDRESS ; 110010    ; Unsigned Binary                                                                            ;
; AUD_LINE_IN_LC  ; 000011010 ; Unsigned Binary                                                                            ;
; AUD_LINE_IN_RC  ; 000011010 ; Unsigned Binary                                                                            ;
; AUD_LINE_OUT_LC ; 001111011 ; Unsigned Binary                                                                            ;
; AUD_LINE_OUT_RC ; 001111011 ; Unsigned Binary                                                                            ;
; AUD_ADC_PATH    ; 010010101 ; Unsigned Binary                                                                            ;
; AUD_DAC_PATH    ; 000000110 ; Unsigned Binary                                                                            ;
; AUD_POWER       ; 000000000 ; Unsigned Binary                                                                            ;
; AUD_DATA_FORMAT ; 001001001 ; Unsigned Binary                                                                            ;
; AUD_SAMPLE_CTRL ; 000000000 ; Unsigned Binary                                                                            ;
; AUD_SET_ACTIVE  ; 000000001 ; Unsigned Binary                                                                            ;
+-----------------+-----------+--------------------------------------------------------------------------------------------+
Note: In order to hide this table in the UI and the text report file, please set the "Show Parameter Settings in Synthesis Report" option in "Analysis and Synthesis Settings -> More Settings" to "Off".


+------------------------------------------------------------------------------------------------------+
; Parameter Settings for User Entity Instance: audio_and_video_config:cfg|Altera_UP_I2C:I2C_Controller ;
+----------------+-------+-----------------------------------------------------------------------------+
; Parameter Name ; Value ; Type                                                                        ;
+----------------+-------+-----------------------------------------------------------------------------+
; I2C_BUS_MODE   ; 0     ; Unsigned Binary                                                             ;
+----------------+-------+-----------------------------------------------------------------------------+
Note: In order to hide this table in the UI and the text report file, please set the "Show Parameter Settings in Synthesis Report" option in "Analysis and Synthesis Settings -> More Settings" to "Off".


+----------------------------------------------------------------+
; Parameter Settings for User Entity Instance: audio_codec:codec ;
+------------------+-------+-------------------------------------+
; Parameter Name   ; Value ; Type                                ;
+------------------+-------+-------------------------------------+
; AUDIO_DATA_WIDTH ; 24    ; Signed Integer                      ;
; BIT_COUNTER_INIT ; 10111 ; Unsigned Binary                     ;
+------------------+-------+-------------------------------------+
Note: In order to hide this table in the UI and the text report file, please set the "Show Parameter Settings in Synthesis Report" option in "Analysis and Synthesis Settings -> More Settings" to "Off".


+----------------------------------------------------------------------------------------------------------------------+
; Parameter Settings for User Entity Instance: audio_codec:codec|Altera_UP_Audio_In_Deserializer:Audio_In_Deserializer ;
+------------------+-------+-------------------------------------------------------------------------------------------+
; Parameter Name   ; Value ; Type                                                                                      ;
+------------------+-------+-------------------------------------------------------------------------------------------+
; AUDIO_DATA_WIDTH ; 24    ; Signed Integer                                                                            ;
; BIT_COUNTER_INIT ; 10111 ; Unsigned Binary                                                                           ;
+------------------+-------+-------------------------------------------------------------------------------------------+
Note: In order to hide this table in the UI and the text report file, please set the "Show Parameter Settings in Synthesis Report" option in "Analysis and Synthesis Settings -> More Settings" to "Off".


+------------------------------------------------------------------------------------------------------------------------------------------------------------------------+
; Parameter Settings for User Entity Instance: audio_codec:codec|Altera_UP_Audio_In_Deserializer:Audio_In_Deserializer|Altera_UP_Audio_Bit_Counter:Audio_Out_Bit_Counter ;
+------------------+-------+---------------------------------------------------------------------------------------------------------------------------------------------+
; Parameter Name   ; Value ; Type                                                                                                                                        ;
+------------------+-------+---------------------------------------------------------------------------------------------------------------------------------------------+
; BIT_COUNTER_INIT ; 10111 ; Unsigned Binary                                                                                                                             ;
+------------------+-------+---------------------------------------------------------------------------------------------------------------------------------------------+
Note: In order to hide this table in the UI and the text report file, please set the "Show Parameter Settings in Synthesis Report" option in "Analysis and Synthesis Settings -> More Settings" to "Off".


+---------------------------------------------------------------------------------------------------------------------------------------------------------------------+
; Parameter Settings for User Entity Instance: audio_codec:codec|Altera_UP_Audio_In_Deserializer:Audio_In_Deserializer|Altera_UP_SYNC_FIFO:Audio_In_Left_Channel_FIFO ;
+----------------+-------+--------------------------------------------------------------------------------------------------------------------------------------------+
; Parameter Name ; Value ; Type                                                                                                                                       ;
+----------------+-------+--------------------------------------------------------------------------------------------------------------------------------------------+
; DATA_WIDTH     ; 24    ; Signed Integer                                                                                                                             ;
; DATA_DEPTH     ; 128   ; Signed Integer                                                                                                                             ;
; ADDR_WIDTH     ; 7     ; Signed Integer                                                                                                                             ;
+----------------+-------+--------------------------------------------------------------------------------------------------------------------------------------------+
Note: In order to hide this table in the UI and the text report file, please set the "Show Parameter Settings in Synthesis Report" option in "Analysis and Synthesis Settings -> More Settings" to "Off".


+--------------------------------------------------------------------------------------------------------------------------------------------------------------------------------------+
; Parameter Settings for User Entity Instance: audio_codec:codec|Altera_UP_Audio_In_Deserializer:Audio_In_Deserializer|Altera_UP_SYNC_FIFO:Audio_In_Left_Channel_FIFO|scfifo:Sync_FIFO ;
+-------------------------+-------------+----------------------------------------------------------------------------------------------------------------------------------------------+
; Parameter Name          ; Value       ; Type                                                                                                                                         ;
+-------------------------+-------------+----------------------------------------------------------------------------------------------------------------------------------------------+
; AUTO_CARRY_CHAINS       ; ON          ; AUTO_CARRY                                                                                                                                   ;
; IGNORE_CARRY_BUFFERS    ; OFF         ; IGNORE_CARRY                                                                                                                                 ;
; AUTO_CASCADE_CHAINS     ; ON          ; AUTO_CASCADE                                                                                                                                 ;
; IGNORE_CASCADE_BUFFERS  ; OFF         ; IGNORE_CASCADE                                                                                                                               ;
; lpm_width               ; 24          ; Signed Integer                                                                                                                               ;
; LPM_NUMWORDS            ; 128         ; Signed Integer                                                                                                                               ;
; LPM_WIDTHU              ; 7           ; Signed Integer                                                                                                                               ;
; LPM_SHOWAHEAD           ; ON          ; Untyped                                                                                                                                      ;
; UNDERFLOW_CHECKING      ; OFF         ; Untyped                                                                                                                                      ;
; OVERFLOW_CHECKING       ; OFF         ; Untyped                                                                                                                                      ;
; ALLOW_RWCYCLE_WHEN_FULL ; OFF         ; Untyped                                                                                                                                      ;
; ADD_RAM_OUTPUT_REGISTER ; OFF         ; Untyped                                                                                                                                      ;
; ALMOST_FULL_VALUE       ; 0           ; Untyped                                                                                                                                      ;
; ALMOST_EMPTY_VALUE      ; 0           ; Untyped                                                                                                                                      ;
; ENABLE_ECC              ; FALSE       ; Untyped                                                                                                                                      ;
; USE_EAB                 ; ON          ; Untyped                                                                                                                                      ;
; MAXIMIZE_SPEED          ; 5           ; Untyped                                                                                                                                      ;
; DEVICE_FAMILY           ; Cyclone V   ; Untyped                                                                                                                                      ;
; OPTIMIZE_FOR_SPEED      ; 5           ; Untyped                                                                                                                                      ;
; CBXI_PARAMETER          ; scfifo_8ba1 ; Untyped                                                                                                                                      ;
+-------------------------+-------------+----------------------------------------------------------------------------------------------------------------------------------------------+
Note: In order to hide this table in the UI and the text report file, please set the "Show Parameter Settings in Synthesis Report" option in "Analysis and Synthesis Settings -> More Settings" to "Off".


+----------------------------------------------------------------------------------------------------------------------------------------------------------------------+
; Parameter Settings for User Entity Instance: audio_codec:codec|Altera_UP_Audio_In_Deserializer:Audio_In_Deserializer|Altera_UP_SYNC_FIFO:Audio_In_Right_Channel_FIFO ;
+----------------+-------+---------------------------------------------------------------------------------------------------------------------------------------------+
; Parameter Name ; Value ; Type                                                                                                                                        ;
+----------------+-------+---------------------------------------------------------------------------------------------------------------------------------------------+
; DATA_WIDTH     ; 24    ; Signed Integer                                                                                                                              ;
; DATA_DEPTH     ; 128   ; Signed Integer                                                                                                                              ;
; ADDR_WIDTH     ; 7     ; Signed Integer                                                                                                                              ;
+----------------+-------+---------------------------------------------------------------------------------------------------------------------------------------------+
Note: In order to hide this table in the UI and the text report file, please set the "Show Parameter Settings in Synthesis Report" option in "Analysis and Synthesis Settings -> More Settings" to "Off".


+---------------------------------------------------------------------------------------------------------------------------------------------------------------------------------------+
; Parameter Settings for User Entity Instance: audio_codec:codec|Altera_UP_Audio_In_Deserializer:Audio_In_Deserializer|Altera_UP_SYNC_FIFO:Audio_In_Right_Channel_FIFO|scfifo:Sync_FIFO ;
+-------------------------+-------------+-----------------------------------------------------------------------------------------------------------------------------------------------+
; Parameter Name          ; Value       ; Type                                                                                                                                          ;
+-------------------------+-------------+-----------------------------------------------------------------------------------------------------------------------------------------------+
; AUTO_CARRY_CHAINS       ; ON          ; AUTO_CARRY                                                                                                                                    ;
; IGNORE_CARRY_BUFFERS    ; OFF         ; IGNORE_CARRY                                                                                                                                  ;
; AUTO_CASCADE_CHAINS     ; ON          ; AUTO_CASCADE                                                                                                                                  ;
; IGNORE_CASCADE_BUFFERS  ; OFF         ; IGNORE_CASCADE                                                                                                                                ;
; lpm_width               ; 24          ; Signed Integer                                                                                                                                ;
; LPM_NUMWORDS            ; 128         ; Signed Integer                                                                                                                                ;
; LPM_WIDTHU              ; 7           ; Signed Integer                                                                                                                                ;
; LPM_SHOWAHEAD           ; ON          ; Untyped                                                                                                                                       ;
; UNDERFLOW_CHECKING      ; OFF         ; Untyped                                                                                                                                       ;
; OVERFLOW_CHECKING       ; OFF         ; Untyped                                                                                                                                       ;
; ALLOW_RWCYCLE_WHEN_FULL ; OFF         ; Untyped                                                                                                                                       ;
; ADD_RAM_OUTPUT_REGISTER ; OFF         ; Untyped                                                                                                                                       ;
; ALMOST_FULL_VALUE       ; 0           ; Untyped                                                                                                                                       ;
; ALMOST_EMPTY_VALUE      ; 0           ; Untyped                                                                                                                                       ;
; ENABLE_ECC              ; FALSE       ; Untyped                                                                                                                                       ;
; USE_EAB                 ; ON          ; Untyped                                                                                                                                       ;
; MAXIMIZE_SPEED          ; 5           ; Untyped                                                                                                                                       ;
; DEVICE_FAMILY           ; Cyclone V   ; Untyped                                                                                                                                       ;
; OPTIMIZE_FOR_SPEED      ; 5           ; Untyped                                                                                                                                       ;
; CBXI_PARAMETER          ; scfifo_8ba1 ; Untyped                                                                                                                                       ;
+-------------------------+-------------+-----------------------------------------------------------------------------------------------------------------------------------------------+
Note: In order to hide this table in the UI and the text report file, please set the "Show Parameter Settings in Synthesis Report" option in "Analysis and Synthesis Settings -> More Settings" to "Off".


+--------------------------------------------------------------------------------------------------------------------+
; Parameter Settings for User Entity Instance: audio_codec:codec|Altera_UP_Audio_Out_Serializer:Audio_Out_Serializer ;
+------------------+-------+-----------------------------------------------------------------------------------------+
; Parameter Name   ; Value ; Type                                                                                    ;
+------------------+-------+-----------------------------------------------------------------------------------------+
; AUDIO_DATA_WIDTH ; 24    ; Signed Integer                                                                          ;
+------------------+-------+-----------------------------------------------------------------------------------------+
Note: In order to hide this table in the UI and the text report file, please set the "Show Parameter Settings in Synthesis Report" option in "Analysis and Synthesis Settings -> More Settings" to "Off".


+--------------------------------------------------------------------------------------------------------------------------------------------------------------------+
; Parameter Settings for User Entity Instance: audio_codec:codec|Altera_UP_Audio_Out_Serializer:Audio_Out_Serializer|Altera_UP_SYNC_FIFO:Audio_Out_Left_Channel_FIFO ;
+----------------+-------+-------------------------------------------------------------------------------------------------------------------------------------------+
; Parameter Name ; Value ; Type                                                                                                                                      ;
+----------------+-------+-------------------------------------------------------------------------------------------------------------------------------------------+
; DATA_WIDTH     ; 24    ; Signed Integer                                                                                                                            ;
; DATA_DEPTH     ; 128   ; Signed Integer                                                                                                                            ;
; ADDR_WIDTH     ; 7     ; Signed Integer                                                                                                                            ;
+----------------+-------+-------------------------------------------------------------------------------------------------------------------------------------------+
Note: In order to hide this table in the UI and the text report file, please set the "Show Parameter Settings in Synthesis Report" option in "Analysis and Synthesis Settings -> More Settings" to "Off".


+-------------------------------------------------------------------------------------------------------------------------------------------------------------------------------------+
; Parameter Settings for User Entity Instance: audio_codec:codec|Altera_UP_Audio_Out_Serializer:Audio_Out_Serializer|Altera_UP_SYNC_FIFO:Audio_Out_Left_Channel_FIFO|scfifo:Sync_FIFO ;
+-------------------------+-------------+---------------------------------------------------------------------------------------------------------------------------------------------+
; Parameter Name          ; Value       ; Type                                                                                                                                        ;
+-------------------------+-------------+---------------------------------------------------------------------------------------------------------------------------------------------+
; AUTO_CARRY_CHAINS       ; ON          ; AUTO_CARRY                                                                                                                                  ;
; IGNORE_CARRY_BUFFERS    ; OFF         ; IGNORE_CARRY                                                                                                                                ;
; AUTO_CASCADE_CHAINS     ; ON          ; AUTO_CASCADE                                                                                                                                ;
; IGNORE_CASCADE_BUFFERS  ; OFF         ; IGNORE_CASCADE                                                                                                                              ;
; lpm_width               ; 24          ; Signed Integer                                                                                                                              ;
; LPM_NUMWORDS            ; 128         ; Signed Integer                                                                                                                              ;
; LPM_WIDTHU              ; 7           ; Signed Integer                                                                                                                              ;
; LPM_SHOWAHEAD           ; ON          ; Untyped                                                                                                                                     ;
; UNDERFLOW_CHECKING      ; OFF         ; Untyped                                                                                                                                     ;
; OVERFLOW_CHECKING       ; OFF         ; Untyped                                                                                                                                     ;
; ALLOW_RWCYCLE_WHEN_FULL ; OFF         ; Untyped                                                                                                                                     ;
; ADD_RAM_OUTPUT_REGISTER ; OFF         ; Untyped                                                                                                                                     ;
; ALMOST_FULL_VALUE       ; 0           ; Untyped                                                                                                                                     ;
; ALMOST_EMPTY_VALUE      ; 0           ; Untyped                                                                                                                                     ;
; ENABLE_ECC              ; FALSE       ; Untyped                                                                                                                                     ;
; USE_EAB                 ; ON          ; Untyped                                                                                                                                     ;
; MAXIMIZE_SPEED          ; 5           ; Untyped                                                                                                                                     ;
; DEVICE_FAMILY           ; Cyclone V   ; Untyped                                                                                                                                     ;
; OPTIMIZE_FOR_SPEED      ; 5           ; Untyped                                                                                                                                     ;
; CBXI_PARAMETER          ; scfifo_8ba1 ; Untyped                                                                                                                                     ;
+-------------------------+-------------+---------------------------------------------------------------------------------------------------------------------------------------------+
Note: In order to hide this table in the UI and the text report file, please set the "Show Parameter Settings in Synthesis Report" option in "Analysis and Synthesis Settings -> More Settings" to "Off".


+---------------------------------------------------------------------------------------------------------------------------------------------------------------------+
; Parameter Settings for User Entity Instance: audio_codec:codec|Altera_UP_Audio_Out_Serializer:Audio_Out_Serializer|Altera_UP_SYNC_FIFO:Audio_Out_Right_Channel_FIFO ;
+----------------+-------+--------------------------------------------------------------------------------------------------------------------------------------------+
; Parameter Name ; Value ; Type                                                                                                                                       ;
+----------------+-------+--------------------------------------------------------------------------------------------------------------------------------------------+
; DATA_WIDTH     ; 24    ; Signed Integer                                                                                                                             ;
; DATA_DEPTH     ; 128   ; Signed Integer                                                                                                                             ;
; ADDR_WIDTH     ; 7     ; Signed Integer                                                                                                                             ;
+----------------+-------+--------------------------------------------------------------------------------------------------------------------------------------------+
Note: In order to hide this table in the UI and the text report file, please set the "Show Parameter Settings in Synthesis Report" option in "Analysis and Synthesis Settings -> More Settings" to "Off".


+--------------------------------------------------------------------------------------------------------------------------------------------------------------------------------------+
; Parameter Settings for User Entity Instance: audio_codec:codec|Altera_UP_Audio_Out_Serializer:Audio_Out_Serializer|Altera_UP_SYNC_FIFO:Audio_Out_Right_Channel_FIFO|scfifo:Sync_FIFO ;
+-------------------------+-------------+----------------------------------------------------------------------------------------------------------------------------------------------+
; Parameter Name          ; Value       ; Type                                                                                                                                         ;
+-------------------------+-------------+----------------------------------------------------------------------------------------------------------------------------------------------+
; AUTO_CARRY_CHAINS       ; ON          ; AUTO_CARRY                                                                                                                                   ;
; IGNORE_CARRY_BUFFERS    ; OFF         ; IGNORE_CARRY                                                                                                                                 ;
; AUTO_CASCADE_CHAINS     ; ON          ; AUTO_CASCADE                                                                                                                                 ;
; IGNORE_CASCADE_BUFFERS  ; OFF         ; IGNORE_CASCADE                                                                                                                               ;
; lpm_width               ; 24          ; Signed Integer                                                                                                                               ;
; LPM_NUMWORDS            ; 128         ; Signed Integer                                                                                                                               ;
; LPM_WIDTHU              ; 7           ; Signed Integer                                                                                                                               ;
; LPM_SHOWAHEAD           ; ON          ; Untyped                                                                                                                                      ;
; UNDERFLOW_CHECKING      ; OFF         ; Untyped                                                                                                                                      ;
; OVERFLOW_CHECKING       ; OFF         ; Untyped                                                                                                                                      ;
; ALLOW_RWCYCLE_WHEN_FULL ; OFF         ; Untyped                                                                                                                                      ;
; ADD_RAM_OUTPUT_REGISTER ; OFF         ; Untyped                                                                                                                                      ;
; ALMOST_FULL_VALUE       ; 0           ; Untyped                                                                                                                                      ;
; ALMOST_EMPTY_VALUE      ; 0           ; Untyped                                                                                                                                      ;
; ENABLE_ECC              ; FALSE       ; Untyped                                                                                                                                      ;
; USE_EAB                 ; ON          ; Untyped                                                                                                                                      ;
; MAXIMIZE_SPEED          ; 5           ; Untyped                                                                                                                                      ;
; DEVICE_FAMILY           ; Cyclone V   ; Untyped                                                                                                                                      ;
; OPTIMIZE_FOR_SPEED      ; 5           ; Untyped                                                                                                                                      ;
; CBXI_PARAMETER          ; scfifo_8ba1 ; Untyped                                                                                                                                      ;
+-------------------------+-------------+----------------------------------------------------------------------------------------------------------------------------------------------+
Note: In order to hide this table in the UI and the text report file, please set the "Show Parameter Settings in Synthesis Report" option in "Analysis and Synthesis Settings -> More Settings" to "Off".


+---------------------------------------------------------------+
; Parameter Settings for User Entity Instance: LEDDriver:Driver ;
+----------------+-------+--------------------------------------+
; Parameter Name ; Value ; Type                                 ;
+----------------+-------+--------------------------------------+
; FREQDIV        ; 0     ; Signed Integer                       ;
+----------------+-------+--------------------------------------+
Note: In order to hide this table in the UI and the text report file, please set the "Show Parameter Settings in Synthesis Report" option in "Analysis and Synthesis Settings -> More Settings" to "Off".


+--------------------------------------------------------------+
; Parameter Settings for User Entity Instance: snakeHead:snake ;
+----------------+-------+-------------------------------------+
; Parameter Name ; Value ; Type                                ;
+----------------+-------+-------------------------------------+
; colDefault     ; 1000  ; Unsigned Binary                     ;
; rowDefault     ; 1000  ; Unsigned Binary                     ;
+----------------+-------+-------------------------------------+
Note: In order to hide this table in the UI and the text report file, please set the "Show Parameter Settings in Synthesis Report" option in "Analysis and Synthesis Settings -> More Settings" to "Off".


+-----------------------------------------------------------------+
; Parameter Settings for User Entity Instance: LFSR_8bit:appleGen ;
+----------------+----------+-------------------------------------+
; Parameter Name ; Value    ; Type                                ;
+----------------+----------+-------------------------------------+
; defaultSetting ; 00100001 ; Unsigned Binary                     ;
+----------------+----------+-------------------------------------+
Note: In order to hide this table in the UI and the text report file, please set the "Show Parameter Settings in Synthesis Report" option in "Analysis and Synthesis Settings -> More Settings" to "Off".


+-----------------------------------------------------------------------------+
; Parameter Settings for User Entity Instance: keyboard_press_driver:keyDrive ;
+----------------+----------+-------------------------------------------------+
; Parameter Name ; Value    ; Type                                            ;
+----------------+----------+-------------------------------------------------+
; FIRST          ; 0        ; Unsigned Binary                                 ;
; SEENF0         ; 1        ; Unsigned Binary                                 ;
; NULL           ; 00000000 ; Unsigned Binary                                 ;
+----------------+----------+-------------------------------------------------+
Note: In order to hide this table in the UI and the text report file, please set the "Show Parameter Settings in Synthesis Report" option in "Analysis and Synthesis Settings -> More Settings" to "Off".


+--------------------------------------------------------------+
; Parameter Settings for User Entity Instance: video_driver:v1 ;
+----------------+-------+-------------------------------------+
; Parameter Name ; Value ; Type                                ;
+----------------+-------+-------------------------------------+
; WIDTH          ; 480   ; Signed Integer                      ;
; HEIGHT         ; 480   ; Signed Integer                      ;
+----------------+-------+-------------------------------------+
Note: In order to hide this table in the UI and the text report file, please set the "Show Parameter Settings in Synthesis Report" option in "Analysis and Synthesis Settings -> More Settings" to "Off".


+--------------------------------------------------------------------------------------------------------------------------------------------+
; Parameter Settings for User Entity Instance: video_driver:v1|CLOCK25_PLL:c25_gen|CLOCK25_PLL_0002:clock25_pll_inst|altera_pll:altera_pll_i ;
+--------------------------------------+------------------------+----------------------------------------------------------------------------+
; Parameter Name                       ; Value                  ; Type                                                                       ;
+--------------------------------------+------------------------+----------------------------------------------------------------------------+
; reference_clock_frequency            ; 50.0 MHz               ; String                                                                     ;
; fractional_vco_multiplier            ; false                  ; String                                                                     ;
; pll_type                             ; General                ; String                                                                     ;
; pll_subtype                          ; General                ; String                                                                     ;
; number_of_clocks                     ; 1                      ; Signed Integer                                                             ;
; operation_mode                       ; direct                 ; String                                                                     ;
; deserialization_factor               ; 4                      ; Signed Integer                                                             ;
; data_rate                            ; 0                      ; Signed Integer                                                             ;
; sim_additional_refclk_cycles_to_lock ; 0                      ; Signed Integer                                                             ;
; output_clock_frequency0              ; 25.000000 MHz          ; String                                                                     ;
; phase_shift0                         ; 0 ps                   ; String                                                                     ;
; duty_cycle0                          ; 50                     ; Signed Integer                                                             ;
; output_clock_frequency1              ; 0 MHz                  ; String                                                                     ;
; phase_shift1                         ; 0 ps                   ; String                                                                     ;
; duty_cycle1                          ; 50                     ; Signed Integer                                                             ;
; output_clock_frequency2              ; 0 MHz                  ; String                                                                     ;
; phase_shift2                         ; 0 ps                   ; String                                                                     ;
; duty_cycle2                          ; 50                     ; Signed Integer                                                             ;
; output_clock_frequency3              ; 0 MHz                  ; String                                                                     ;
; phase_shift3                         ; 0 ps                   ; String                                                                     ;
; duty_cycle3                          ; 50                     ; Signed Integer                                                             ;
; output_clock_frequency4              ; 0 MHz                  ; String                                                                     ;
; phase_shift4                         ; 0 ps                   ; String                                                                     ;
; duty_cycle4                          ; 50                     ; Signed Integer                                                             ;
; output_clock_frequency5              ; 0 MHz                  ; String                                                                     ;
; phase_shift5                         ; 0 ps                   ; String                                                                     ;
; duty_cycle5                          ; 50                     ; Signed Integer                                                             ;
; output_clock_frequency6              ; 0 MHz                  ; String                                                                     ;
; phase_shift6                         ; 0 ps                   ; String                                                                     ;
; duty_cycle6                          ; 50                     ; Signed Integer                                                             ;
; output_clock_frequency7              ; 0 MHz                  ; String                                                                     ;
; phase_shift7                         ; 0 ps                   ; String                                                                     ;
; duty_cycle7                          ; 50                     ; Signed Integer                                                             ;
; output_clock_frequency8              ; 0 MHz                  ; String                                                                     ;
; phase_shift8                         ; 0 ps                   ; String                                                                     ;
; duty_cycle8                          ; 50                     ; Signed Integer                                                             ;
; output_clock_frequency9              ; 0 MHz                  ; String                                                                     ;
; phase_shift9                         ; 0 ps                   ; String                                                                     ;
; duty_cycle9                          ; 50                     ; Signed Integer                                                             ;
; output_clock_frequency10             ; 0 MHz                  ; String                                                                     ;
; phase_shift10                        ; 0 ps                   ; String                                                                     ;
; duty_cycle10                         ; 50                     ; Signed Integer                                                             ;
; output_clock_frequency11             ; 0 MHz                  ; String                                                                     ;
; phase_shift11                        ; 0 ps                   ; String                                                                     ;
; duty_cycle11                         ; 50                     ; Signed Integer                                                             ;
; output_clock_frequency12             ; 0 MHz                  ; String                                                                     ;
; phase_shift12                        ; 0 ps                   ; String                                                                     ;
; duty_cycle12                         ; 50                     ; Signed Integer                                                             ;
; output_clock_frequency13             ; 0 MHz                  ; String                                                                     ;
; phase_shift13                        ; 0 ps                   ; String                                                                     ;
; duty_cycle13                         ; 50                     ; Signed Integer                                                             ;
; output_clock_frequency14             ; 0 MHz                  ; String                                                                     ;
; phase_shift14                        ; 0 ps                   ; String                                                                     ;
; duty_cycle14                         ; 50                     ; Signed Integer                                                             ;
; output_clock_frequency15             ; 0 MHz                  ; String                                                                     ;
; phase_shift15                        ; 0 ps                   ; String                                                                     ;
; duty_cycle15                         ; 50                     ; Signed Integer                                                             ;
; output_clock_frequency16             ; 0 MHz                  ; String                                                                     ;
; phase_shift16                        ; 0 ps                   ; String                                                                     ;
; duty_cycle16                         ; 50                     ; Signed Integer                                                             ;
; output_clock_frequency17             ; 0 MHz                  ; String                                                                     ;
; phase_shift17                        ; 0 ps                   ; String                                                                     ;
; duty_cycle17                         ; 50                     ; Signed Integer                                                             ;
; clock_name_0                         ;                        ; String                                                                     ;
; clock_name_1                         ;                        ; String                                                                     ;
; clock_name_2                         ;                        ; String                                                                     ;
; clock_name_3                         ;                        ; String                                                                     ;
; clock_name_4                         ;                        ; String                                                                     ;
; clock_name_5                         ;                        ; String                                                                     ;
; clock_name_6                         ;                        ; String                                                                     ;
; clock_name_7                         ;                        ; String                                                                     ;
; clock_name_8                         ;                        ; String                                                                     ;
; clock_name_global_0                  ; false                  ; String                                                                     ;
; clock_name_global_1                  ; false                  ; String                                                                     ;
; clock_name_global_2                  ; false                  ; String                                                                     ;
; clock_name_global_3                  ; false                  ; String                                                                     ;
; clock_name_global_4                  ; false                  ; String                                                                     ;
; clock_name_global_5                  ; false                  ; String                                                                     ;
; clock_name_global_6                  ; false                  ; String                                                                     ;
; clock_name_global_7                  ; false                  ; String                                                                     ;
; clock_name_global_8                  ; false                  ; String                                                                     ;
; m_cnt_hi_div                         ; 1                      ; Signed Integer                                                             ;
; m_cnt_lo_div                         ; 1                      ; Signed Integer                                                             ;
; m_cnt_bypass_en                      ; false                  ; String                                                                     ;
; m_cnt_odd_div_duty_en                ; false                  ; String                                                                     ;
; n_cnt_hi_div                         ; 1                      ; Signed Integer                                                             ;
; n_cnt_lo_div                         ; 1                      ; Signed Integer                                                             ;
; n_cnt_bypass_en                      ; false                  ; String                                                                     ;
; n_cnt_odd_div_duty_en                ; false                  ; String                                                                     ;
; c_cnt_hi_div0                        ; 1                      ; Signed Integer                                                             ;
; c_cnt_lo_div0                        ; 1                      ; Signed Integer                                                             ;
; c_cnt_bypass_en0                     ; false                  ; String                                                                     ;
; c_cnt_in_src0                        ; ph_mux_clk             ; String                                                                     ;
; c_cnt_odd_div_duty_en0               ; false                  ; String                                                                     ;
; c_cnt_prst0                          ; 1                      ; Signed Integer                                                             ;
; c_cnt_ph_mux_prst0                   ; 0                      ; Signed Integer                                                             ;
; c_cnt_hi_div1                        ; 1                      ; Signed Integer                                                             ;
; c_cnt_lo_div1                        ; 1                      ; Signed Integer                                                             ;
; c_cnt_bypass_en1                     ; false                  ; String                                                                     ;
; c_cnt_in_src1                        ; ph_mux_clk             ; String                                                                     ;
; c_cnt_odd_div_duty_en1               ; false                  ; String                                                                     ;
; c_cnt_prst1                          ; 1                      ; Signed Integer                                                             ;
; c_cnt_ph_mux_prst1                   ; 0                      ; Signed Integer                                                             ;
; c_cnt_hi_div2                        ; 1                      ; Signed Integer                                                             ;
; c_cnt_lo_div2                        ; 1                      ; Signed Integer                                                             ;
; c_cnt_bypass_en2                     ; false                  ; String                                                                     ;
; c_cnt_in_src2                        ; ph_mux_clk             ; String                                                                     ;
; c_cnt_odd_div_duty_en2               ; false                  ; String                                                                     ;
; c_cnt_prst2                          ; 1                      ; Signed Integer                                                             ;
; c_cnt_ph_mux_prst2                   ; 0                      ; Signed Integer                                                             ;
; c_cnt_hi_div3                        ; 1                      ; Signed Integer                                                             ;
; c_cnt_lo_div3                        ; 1                      ; Signed Integer                                                             ;
; c_cnt_bypass_en3                     ; false                  ; String                                                                     ;
; c_cnt_in_src3                        ; ph_mux_clk             ; String                                                                     ;
; c_cnt_odd_div_duty_en3               ; false                  ; String                                                                     ;
; c_cnt_prst3                          ; 1                      ; Signed Integer                                                             ;
; c_cnt_ph_mux_prst3                   ; 0                      ; Signed Integer                                                             ;
; c_cnt_hi_div4                        ; 1                      ; Signed Integer                                                             ;
; c_cnt_lo_div4                        ; 1                      ; Signed Integer                                                             ;
; c_cnt_bypass_en4                     ; false                  ; String                                                                     ;
; c_cnt_in_src4                        ; ph_mux_clk             ; String                                                                     ;
; c_cnt_odd_div_duty_en4               ; false                  ; String                                                                     ;
; c_cnt_prst4                          ; 1                      ; Signed Integer                                                             ;
; c_cnt_ph_mux_prst4                   ; 0                      ; Signed Integer                                                             ;
; c_cnt_hi_div5                        ; 1                      ; Signed Integer                                                             ;
; c_cnt_lo_div5                        ; 1                      ; Signed Integer                                                             ;
; c_cnt_bypass_en5                     ; false                  ; String                                                                     ;
; c_cnt_in_src5                        ; ph_mux_clk             ; String                                                                     ;
; c_cnt_odd_div_duty_en5               ; false                  ; String                                                                     ;
; c_cnt_prst5                          ; 1                      ; Signed Integer                                                             ;
; c_cnt_ph_mux_prst5                   ; 0                      ; Signed Integer                                                             ;
; c_cnt_hi_div6                        ; 1                      ; Signed Integer                                                             ;
; c_cnt_lo_div6                        ; 1                      ; Signed Integer                                                             ;
; c_cnt_bypass_en6                     ; false                  ; String                                                                     ;
; c_cnt_in_src6                        ; ph_mux_clk             ; String                                                                     ;
; c_cnt_odd_div_duty_en6               ; false                  ; String                                                                     ;
; c_cnt_prst6                          ; 1                      ; Signed Integer                                                             ;
; c_cnt_ph_mux_prst6                   ; 0                      ; Signed Integer                                                             ;
; c_cnt_hi_div7                        ; 1                      ; Signed Integer                                                             ;
; c_cnt_lo_div7                        ; 1                      ; Signed Integer                                                             ;
; c_cnt_bypass_en7                     ; false                  ; String                                                                     ;
; c_cnt_in_src7                        ; ph_mux_clk             ; String                                                                     ;
; c_cnt_odd_div_duty_en7               ; false                  ; String                                                                     ;
; c_cnt_prst7                          ; 1                      ; Signed Integer                                                             ;
; c_cnt_ph_mux_prst7                   ; 0                      ; Signed Integer                                                             ;
; c_cnt_hi_div8                        ; 1                      ; Signed Integer                                                             ;
; c_cnt_lo_div8                        ; 1                      ; Signed Integer                                                             ;
; c_cnt_bypass_en8                     ; false                  ; String                                                                     ;
; c_cnt_in_src8                        ; ph_mux_clk             ; String                                                                     ;
; c_cnt_odd_div_duty_en8               ; false                  ; String                                                                     ;
; c_cnt_prst8                          ; 1                      ; Signed Integer                                                             ;
; c_cnt_ph_mux_prst8                   ; 0                      ; Signed Integer                                                             ;
; c_cnt_hi_div9                        ; 1                      ; Signed Integer                                                             ;
; c_cnt_lo_div9                        ; 1                      ; Signed Integer                                                             ;
; c_cnt_bypass_en9                     ; false                  ; String                                                                     ;
; c_cnt_in_src9                        ; ph_mux_clk             ; String                                                                     ;
; c_cnt_odd_div_duty_en9               ; false                  ; String                                                                     ;
; c_cnt_prst9                          ; 1                      ; Signed Integer                                                             ;
; c_cnt_ph_mux_prst9                   ; 0                      ; Signed Integer                                                             ;
; c_cnt_hi_div10                       ; 1                      ; Signed Integer                                                             ;
; c_cnt_lo_div10                       ; 1                      ; Signed Integer                                                             ;
; c_cnt_bypass_en10                    ; false                  ; String                                                                     ;
; c_cnt_in_src10                       ; ph_mux_clk             ; String                                                                     ;
; c_cnt_odd_div_duty_en10              ; false                  ; String                                                                     ;
; c_cnt_prst10                         ; 1                      ; Signed Integer                                                             ;
; c_cnt_ph_mux_prst10                  ; 0                      ; Signed Integer                                                             ;
; c_cnt_hi_div11                       ; 1                      ; Signed Integer                                                             ;
; c_cnt_lo_div11                       ; 1                      ; Signed Integer                                                             ;
; c_cnt_bypass_en11                    ; false                  ; String                                                                     ;
; c_cnt_in_src11                       ; ph_mux_clk             ; String                                                                     ;
; c_cnt_odd_div_duty_en11              ; false                  ; String                                                                     ;
; c_cnt_prst11                         ; 1                      ; Signed Integer                                                             ;
; c_cnt_ph_mux_prst11                  ; 0                      ; Signed Integer                                                             ;
; c_cnt_hi_div12                       ; 1                      ; Signed Integer                                                             ;
; c_cnt_lo_div12                       ; 1                      ; Signed Integer                                                             ;
; c_cnt_bypass_en12                    ; false                  ; String                                                                     ;
; c_cnt_in_src12                       ; ph_mux_clk             ; String                                                                     ;
; c_cnt_odd_div_duty_en12              ; false                  ; String                                                                     ;
; c_cnt_prst12                         ; 1                      ; Signed Integer                                                             ;
; c_cnt_ph_mux_prst12                  ; 0                      ; Signed Integer                                                             ;
; c_cnt_hi_div13                       ; 1                      ; Signed Integer                                                             ;
; c_cnt_lo_div13                       ; 1                      ; Signed Integer                                                             ;
; c_cnt_bypass_en13                    ; false                  ; String                                                                     ;
; c_cnt_in_src13                       ; ph_mux_clk             ; String                                                                     ;
; c_cnt_odd_div_duty_en13              ; false                  ; String                                                                     ;
; c_cnt_prst13                         ; 1                      ; Signed Integer                                                             ;
; c_cnt_ph_mux_prst13                  ; 0                      ; Signed Integer                                                             ;
; c_cnt_hi_div14                       ; 1                      ; Signed Integer                                                             ;
; c_cnt_lo_div14                       ; 1                      ; Signed Integer                                                             ;
; c_cnt_bypass_en14                    ; false                  ; String                                                                     ;
; c_cnt_in_src14                       ; ph_mux_clk             ; String                                                                     ;
; c_cnt_odd_div_duty_en14              ; false                  ; String                                                                     ;
; c_cnt_prst14                         ; 1                      ; Signed Integer                                                             ;
; c_cnt_ph_mux_prst14                  ; 0                      ; Signed Integer                                                             ;
; c_cnt_hi_div15                       ; 1                      ; Signed Integer                                                             ;
; c_cnt_lo_div15                       ; 1                      ; Signed Integer                                                             ;
; c_cnt_bypass_en15                    ; false                  ; String                                                                     ;
; c_cnt_in_src15                       ; ph_mux_clk             ; String                                                                     ;
; c_cnt_odd_div_duty_en15              ; false                  ; String                                                                     ;
; c_cnt_prst15                         ; 1                      ; Signed Integer                                                             ;
; c_cnt_ph_mux_prst15                  ; 0                      ; Signed Integer                                                             ;
; c_cnt_hi_div16                       ; 1                      ; Signed Integer                                                             ;
; c_cnt_lo_div16                       ; 1                      ; Signed Integer                                                             ;
; c_cnt_bypass_en16                    ; false                  ; String                                                                     ;
; c_cnt_in_src16                       ; ph_mux_clk             ; String                                                                     ;
; c_cnt_odd_div_duty_en16              ; false                  ; String                                                                     ;
; c_cnt_prst16                         ; 1                      ; Signed Integer                                                             ;
; c_cnt_ph_mux_prst16                  ; 0                      ; Signed Integer                                                             ;
; c_cnt_hi_div17                       ; 1                      ; Signed Integer                                                             ;
; c_cnt_lo_div17                       ; 1                      ; Signed Integer                                                             ;
; c_cnt_bypass_en17                    ; false                  ; String                                                                     ;
; c_cnt_in_src17                       ; ph_mux_clk             ; String                                                                     ;
; c_cnt_odd_div_duty_en17              ; false                  ; String                                                                     ;
; c_cnt_prst17                         ; 1                      ; Signed Integer                                                             ;
; c_cnt_ph_mux_prst17                  ; 0                      ; Signed Integer                                                             ;
; pll_vco_div                          ; 1                      ; Signed Integer                                                             ;
; pll_slf_rst                          ; false                  ; String                                                                     ;
; pll_bw_sel                           ; low                    ; String                                                                     ;
; pll_output_clk_frequency             ; 0 MHz                  ; String                                                                     ;
; pll_cp_current                       ; 0                      ; Signed Integer                                                             ;
; pll_bwctrl                           ; 0                      ; Signed Integer                                                             ;
; pll_fractional_division              ; 1                      ; Signed Integer                                                             ;
; pll_fractional_cout                  ; 24                     ; Signed Integer                                                             ;
; pll_dsm_out_sel                      ; 1st_order              ; String                                                                     ;
; mimic_fbclk_type                     ; gclk                   ; String                                                                     ;
; pll_fbclk_mux_1                      ; glb                    ; String                                                                     ;
; pll_fbclk_mux_2                      ; fb_1                   ; String                                                                     ;
; pll_m_cnt_in_src                     ; ph_mux_clk             ; String                                                                     ;
; pll_vcoph_div                        ; 1                      ; Signed Integer                                                             ;
; refclk1_frequency                    ; 0 MHz                  ; String                                                                     ;
; pll_clkin_0_src                      ; clk_0                  ; String                                                                     ;
; pll_clkin_1_src                      ; clk_0                  ; String                                                                     ;
; pll_clk_loss_sw_en                   ; false                  ; String                                                                     ;
; pll_auto_clk_sw_en                   ; false                  ; String                                                                     ;
; pll_manu_clk_sw_en                   ; false                  ; String                                                                     ;
; pll_clk_sw_dly                       ; 0                      ; Signed Integer                                                             ;
; pll_extclk_0_cnt_src                 ; pll_extclk_cnt_src_vss ; String                                                                     ;
; pll_extclk_1_cnt_src                 ; pll_extclk_cnt_src_vss ; String                                                                     ;
+--------------------------------------+------------------------+----------------------------------------------------------------------------+
Note: In order to hide this table in the UI and the text report file, please set the "Show Parameter Settings in Synthesis Report" option in "Analysis and Synthesis Settings -> More Settings" to "Off".


+------------------------------------------------------------------------------------------------------+
; Parameter Settings for User Entity Instance: video_driver:v1|altera_up_avalon_video_vga_timing:video ;
+-------------------------+------------+---------------------------------------------------------------+
; Parameter Name          ; Value      ; Type                                                          ;
+-------------------------+------------+---------------------------------------------------------------+
; CW                      ; 9          ; Signed Integer                                                ;
; H_ACTIVE                ; 640        ; Signed Integer                                                ;
; H_FRONT_PORCH           ; 16         ; Signed Integer                                                ;
; H_SYNC                  ; 96         ; Signed Integer                                                ;
; H_BACK_PORCH            ; 48         ; Signed Integer                                                ;
; H_TOTAL                 ; 800        ; Signed Integer                                                ;
; V_ACTIVE                ; 480        ; Signed Integer                                                ;
; V_FRONT_PORCH           ; 10         ; Signed Integer                                                ;
; V_SYNC                  ; 2          ; Signed Integer                                                ;
; V_BACK_PORCH            ; 33         ; Signed Integer                                                ;
; V_TOTAL                 ; 525        ; Signed Integer                                                ;
; PW                      ; 10         ; Signed Integer                                                ;
; PIXEL_COUNTER_INCREMENT ; 0000000001 ; Unsigned Binary                                               ;
; LW                      ; 10         ; Signed Integer                                                ;
; LINE_COUNTER_INCREMENT  ; 0000000001 ; Unsigned Binary                                               ;
+-------------------------+------------+---------------------------------------------------------------+
Note: In order to hide this table in the UI and the text report file, please set the "Show Parameter Settings in Synthesis Report" option in "Analysis and Synthesis Settings -> More Settings" to "Off".


+--------------------------------------------------------------------------------------------+
; Parameter Settings for Inferred Entity Instance: VGA_coordinate:vga_driver|lpm_divide:Div0 ;
+------------------------+----------------+--------------------------------------------------+
; Parameter Name         ; Value          ; Type                                             ;
+------------------------+----------------+--------------------------------------------------+
; LPM_WIDTHN             ; 9              ; Untyped                                          ;
; LPM_WIDTHD             ; 5              ; Untyped                                          ;
; LPM_NREPRESENTATION    ; UNSIGNED       ; Untyped                                          ;
; LPM_DREPRESENTATION    ; UNSIGNED       ; Untyped                                          ;
; LPM_PIPELINE           ; 0              ; Untyped                                          ;
; LPM_REMAINDERPOSITIVE  ; TRUE           ; Untyped                                          ;
; MAXIMIZE_SPEED         ; 5              ; Untyped                                          ;
; CBXI_PARAMETER         ; lpm_divide_7am ; Untyped                                          ;
; CARRY_CHAIN            ; MANUAL         ; Untyped                                          ;
; OPTIMIZE_FOR_SPEED     ; 5              ; Untyped                                          ;
; AUTO_CARRY_CHAINS      ; ON             ; AUTO_CARRY                                       ;
; IGNORE_CARRY_BUFFERS   ; OFF            ; IGNORE_CARRY                                     ;
; AUTO_CASCADE_CHAINS    ; ON             ; AUTO_CASCADE                                     ;
; IGNORE_CASCADE_BUFFERS ; OFF            ; IGNORE_CASCADE                                   ;
+------------------------+----------------+--------------------------------------------------+
Note: In order to hide this table in the UI and the text report file, please set the "Show Parameter Settings in Synthesis Report" option in "Analysis and Synthesis Settings -> More Settings" to "Off".


+--------------------------------------------------------------------------------------------+
; Parameter Settings for Inferred Entity Instance: VGA_coordinate:vga_driver|lpm_divide:Div1 ;
+------------------------+----------------+--------------------------------------------------+
; Parameter Name         ; Value          ; Type                                             ;
+------------------------+----------------+--------------------------------------------------+
; LPM_WIDTHN             ; 32             ; Untyped                                          ;
; LPM_WIDTHD             ; 5              ; Untyped                                          ;
; LPM_NREPRESENTATION    ; UNSIGNED       ; Untyped                                          ;
; LPM_DREPRESENTATION    ; UNSIGNED       ; Untyped                                          ;
; LPM_PIPELINE           ; 0              ; Untyped                                          ;
; LPM_REMAINDERPOSITIVE  ; TRUE           ; Untyped                                          ;
; MAXIMIZE_SPEED         ; 5              ; Untyped                                          ;
; CBXI_PARAMETER         ; lpm_divide_jbm ; Untyped                                          ;
; CARRY_CHAIN            ; MANUAL         ; Untyped                                          ;
; OPTIMIZE_FOR_SPEED     ; 5              ; Untyped                                          ;
; AUTO_CARRY_CHAINS      ; ON             ; AUTO_CARRY                                       ;
; IGNORE_CARRY_BUFFERS   ; OFF            ; IGNORE_CARRY                                     ;
; AUTO_CASCADE_CHAINS    ; ON             ; AUTO_CASCADE                                     ;
; IGNORE_CASCADE_BUFFERS ; OFF            ; IGNORE_CASCADE                                   ;
+------------------------+----------------+--------------------------------------------------+
Note: In order to hide this table in the UI and the text report file, please set the "Show Parameter Settings in Synthesis Report" option in "Analysis and Synthesis Settings -> More Settings" to "Off".


+--------------------------------------------------------------------------------------------+
; Parameter Settings for Inferred Entity Instance: VGA_coordinate:vga_driver|lpm_divide:Mod0 ;
+------------------------+----------------+--------------------------------------------------+
; Parameter Name         ; Value          ; Type                                             ;
+------------------------+----------------+--------------------------------------------------+
; LPM_WIDTHN             ; 9              ; Untyped                                          ;
; LPM_WIDTHD             ; 5              ; Untyped                                          ;
; LPM_NREPRESENTATION    ; UNSIGNED       ; Untyped                                          ;
; LPM_DREPRESENTATION    ; UNSIGNED       ; Untyped                                          ;
; LPM_PIPELINE           ; 0              ; Untyped                                          ;
; LPM_REMAINDERPOSITIVE  ; TRUE           ; Untyped                                          ;
; MAXIMIZE_SPEED         ; 5              ; Untyped                                          ;
; CBXI_PARAMETER         ; lpm_divide_a2m ; Untyped                                          ;
; CARRY_CHAIN            ; MANUAL         ; Untyped                                          ;
; OPTIMIZE_FOR_SPEED     ; 5              ; Untyped                                          ;
; AUTO_CARRY_CHAINS      ; ON             ; AUTO_CARRY                                       ;
; IGNORE_CARRY_BUFFERS   ; OFF            ; IGNORE_CARRY                                     ;
; AUTO_CASCADE_CHAINS    ; ON             ; AUTO_CASCADE                                     ;
; IGNORE_CASCADE_BUFFERS ; OFF            ; IGNORE_CASCADE                                   ;
+------------------------+----------------+--------------------------------------------------+
Note: In order to hide this table in the UI and the text report file, please set the "Show Parameter Settings in Synthesis Report" option in "Analysis and Synthesis Settings -> More Settings" to "Off".


+---------------------------------------------------------------------------------------------+
; Parameter Settings for Inferred Entity Instance: VGA_coordinate:vga_driver|lpm_divide:Div21 ;
+------------------------+----------------+---------------------------------------------------+
; Parameter Name         ; Value          ; Type                                              ;
+------------------------+----------------+---------------------------------------------------+
; LPM_WIDTHN             ; 32             ; Untyped                                           ;
; LPM_WIDTHD             ; 5              ; Untyped                                           ;
; LPM_NREPRESENTATION    ; UNSIGNED       ; Untyped                                           ;
; LPM_DREPRESENTATION    ; UNSIGNED       ; Untyped                                           ;
; LPM_PIPELINE           ; 0              ; Untyped                                           ;
; LPM_REMAINDERPOSITIVE  ; TRUE           ; Untyped                                           ;
; MAXIMIZE_SPEED         ; 5              ; Untyped                                           ;
; CBXI_PARAMETER         ; lpm_divide_jbm ; Untyped                                           ;
; CARRY_CHAIN            ; MANUAL         ; Untyped                                           ;
; OPTIMIZE_FOR_SPEED     ; 5              ; Untyped                                           ;
; AUTO_CARRY_CHAINS      ; ON             ; AUTO_CARRY                                        ;
; IGNORE_CARRY_BUFFERS   ; OFF            ; IGNORE_CARRY                                      ;
; AUTO_CASCADE_CHAINS    ; ON             ; AUTO_CASCADE                                      ;
; IGNORE_CASCADE_BUFFERS ; OFF            ; IGNORE_CASCADE                                    ;
+------------------------+----------------+---------------------------------------------------+
Note: In order to hide this table in the UI and the text report file, please set the "Show Parameter Settings in Synthesis Report" option in "Analysis and Synthesis Settings -> More Settings" to "Off".


+----------------------------------------------------------------------------------------------+
; altpll Parameter Settings by Entity Instance                                                 ;
+-------------------------------+--------------------------------------------------------------+
; Name                          ; Value                                                        ;
+-------------------------------+--------------------------------------------------------------+
; Number of entity instances    ; 1                                                            ;
; Entity Instance               ; clock_generator:my_clock_gen|altpll:DE_Clock_Generator_Audio ;
;     -- OPERATION_MODE         ; NORMAL                                                       ;
;     -- PLL_TYPE               ; FAST                                                         ;
;     -- PRIMARY_CLOCK          ; INCLK0                                                       ;
;     -- INCLK0_INPUT_FREQUENCY ; 37037                                                        ;
;     -- INCLK1_INPUT_FREQUENCY ; 0                                                            ;
;     -- VCO_MULTIPLY_BY        ; 0                                                            ;
;     -- VCO_DIVIDE_BY          ; 0                                                            ;
+-------------------------------+--------------------------------------------------------------+


+-----------------------------------------------------------------------------------------------------------------------------------------------------------------------+
; scfifo Parameter Settings by Entity Instance                                                                                                                          ;
+----------------------------+------------------------------------------------------------------------------------------------------------------------------------------+
; Name                       ; Value                                                                                                                                    ;
+----------------------------+------------------------------------------------------------------------------------------------------------------------------------------+
; Number of entity instances ; 4                                                                                                                                        ;
; Entity Instance            ; audio_codec:codec|Altera_UP_Audio_In_Deserializer:Audio_In_Deserializer|Altera_UP_SYNC_FIFO:Audio_In_Left_Channel_FIFO|scfifo:Sync_FIFO  ;
;     -- FIFO Type           ; Single Clock                                                                                                                             ;
;     -- lpm_width           ; 24                                                                                                                                       ;
;     -- LPM_NUMWORDS        ; 128                                                                                                                                      ;
;     -- LPM_SHOWAHEAD       ; ON                                                                                                                                       ;
;     -- USE_EAB             ; ON                                                                                                                                       ;
; Entity Instance            ; audio_codec:codec|Altera_UP_Audio_In_Deserializer:Audio_In_Deserializer|Altera_UP_SYNC_FIFO:Audio_In_Right_Channel_FIFO|scfifo:Sync_FIFO ;
;     -- FIFO Type           ; Single Clock                                                                                                                             ;
;     -- lpm_width           ; 24                                                                                                                                       ;
;     -- LPM_NUMWORDS        ; 128                                                                                                                                      ;
;     -- LPM_SHOWAHEAD       ; ON                                                                                                                                       ;
;     -- USE_EAB             ; ON                                                                                                                                       ;
; Entity Instance            ; audio_codec:codec|Altera_UP_Audio_Out_Serializer:Audio_Out_Serializer|Altera_UP_SYNC_FIFO:Audio_Out_Left_Channel_FIFO|scfifo:Sync_FIFO   ;
;     -- FIFO Type           ; Single Clock                                                                                                                             ;
;     -- lpm_width           ; 24                                                                                                                                       ;
;     -- LPM_NUMWORDS        ; 128                                                                                                                                      ;
;     -- LPM_SHOWAHEAD       ; ON                                                                                                                                       ;
;     -- USE_EAB             ; ON                                                                                                                                       ;
; Entity Instance            ; audio_codec:codec|Altera_UP_Audio_Out_Serializer:Audio_Out_Serializer|Altera_UP_SYNC_FIFO:Audio_Out_Right_Channel_FIFO|scfifo:Sync_FIFO  ;
;     -- FIFO Type           ; Single Clock                                                                                                                             ;
;     -- lpm_width           ; 24                                                                                                                                       ;
;     -- LPM_NUMWORDS        ; 128                                                                                                                                      ;
;     -- LPM_SHOWAHEAD       ; ON                                                                                                                                       ;
;     -- USE_EAB             ; ON                                                                                                                                       ;
+----------------------------+------------------------------------------------------------------------------------------------------------------------------------------+


+--------------------------------------------------------------------------------------------------------------------------------------+
; Port Connectivity Checks: "video_driver:v1|altera_up_avalon_video_vga_timing:video"                                                  ;
+----------------------------+--------+----------+-------------------------------------------------------------------------------------+
; Port                       ; Type   ; Severity ; Details                                                                             ;
+----------------------------+--------+----------+-------------------------------------------------------------------------------------+
; red_to_vga_display[1..0]   ; Input  ; Info     ; Stuck at GND                                                                        ;
; green_to_vga_display[1..0] ; Input  ; Info     ; Stuck at GND                                                                        ;
; blue_to_vga_display[1..0]  ; Input  ; Info     ; Stuck at GND                                                                        ;
; color_select               ; Input  ; Info     ; Stuck at VCC                                                                        ;
; end_of_frame               ; Output ; Info     ; Connected to dangling logic. Logic that only feeds a dangling port will be removed. ;
; vga_c_sync                 ; Output ; Info     ; Connected to dangling logic. Logic that only feeds a dangling port will be removed. ;
; vga_data_enable            ; Output ; Info     ; Connected to dangling logic. Logic that only feeds a dangling port will be removed. ;
; vga_red[9..8]              ; Output ; Info     ; Connected to dangling logic. Logic that only feeds a dangling port will be removed. ;
; vga_green[9..8]            ; Output ; Info     ; Connected to dangling logic. Logic that only feeds a dangling port will be removed. ;
; vga_blue[9..8]             ; Output ; Info     ; Connected to dangling logic. Logic that only feeds a dangling port will be removed. ;
; vga_color_data             ; Output ; Info     ; Explicitly unconnected                                                              ;
+----------------------------+--------+----------+-------------------------------------------------------------------------------------+


+------------------------------------------------------------------------------------------------------------------+
; Port Connectivity Checks: "video_driver:v1|CLOCK25_PLL:c25_gen"                                                  ;
+--------+--------+----------+-------------------------------------------------------------------------------------+
; Port   ; Type   ; Severity ; Details                                                                             ;
+--------+--------+----------+-------------------------------------------------------------------------------------+
; locked ; Output ; Info     ; Connected to dangling logic. Logic that only feeds a dangling port will be removed. ;
+--------+--------+----------+-------------------------------------------------------------------------------------+


+-----------------------------------------------+
; Port Connectivity Checks: "LEDDriver:Driver"  ;
+-------------+-------+----------+--------------+
; Port        ; Type  ; Severity ; Details      ;
+-------------+-------+----------+--------------+
; EnableCount ; Input ; Info     ; Stuck at VCC ;
+-------------+-------+----------+--------------+


+-----------------------------------------------+
; Port Connectivity Checks: "audio_codec:codec" ;
+-------+-------+----------+--------------------+
; Port  ; Type  ; Severity ; Details            ;
+-------+-------+----------+--------------------+
; reset ; Input ; Info     ; Stuck at GND       ;
+-------+-------+----------+--------------------+


+-------------------------------------------------------------------------------------------------------------------------+
; Port Connectivity Checks: "audio_and_video_config:cfg|Altera_UP_I2C:I2C_Controller"                                     ;
+---------------+--------+----------+-------------------------------------------------------------------------------------+
; Port          ; Type   ; Severity ; Details                                                                             ;
+---------------+--------+----------+-------------------------------------------------------------------------------------+
; clear_ack     ; Input  ; Info     ; Stuck at VCC                                                                        ;
; read_byte     ; Input  ; Info     ; Stuck at GND                                                                        ;
; i2c_scen      ; Output ; Info     ; Explicitly unconnected                                                              ;
; data_from_i2c ; Output ; Info     ; Connected to dangling logic. Logic that only feeds a dangling port will be removed. ;
+---------------+--------+----------+-------------------------------------------------------------------------------------+


+---------------------------------------------------------------------------------------------------------------------------+
; Port Connectivity Checks: "audio_and_video_config:cfg|Altera_UP_I2C_AV_Auto_Initialize:Auto_Initialize"                   ;
+-----------------+--------+----------+-------------------------------------------------------------------------------------+
; Port            ; Type   ; Severity ; Details                                                                             ;
+-----------------+--------+----------+-------------------------------------------------------------------------------------+
; clear_error     ; Input  ; Info     ; Stuck at VCC                                                                        ;
; auto_init_error ; Output ; Info     ; Connected to dangling logic. Logic that only feeds a dangling port will be removed. ;
+-----------------+--------+----------+-------------------------------------------------------------------------------------+


+--------------------------------------------------------------------------------------------------------------+
; Port Connectivity Checks: "audio_and_video_config:cfg|Altera_UP_Slow_Clock_Generator:Clock_Generator_400KHz" ;
+--------------+--------+----------+---------------------------------------------------------------------------+
; Port         ; Type   ; Severity ; Details                                                                   ;
+--------------+--------+----------+---------------------------------------------------------------------------+
; rising_edge  ; Output ; Info     ; Explicitly unconnected                                                    ;
; falling_edge ; Output ; Info     ; Explicitly unconnected                                                    ;
+--------------+--------+----------+---------------------------------------------------------------------------+


+--------------------------------------------------------+
; Port Connectivity Checks: "audio_and_video_config:cfg" ;
+-------+-------+----------+-----------------------------+
; Port  ; Type  ; Severity ; Details                     ;
+-------+-------+----------+-----------------------------+
; reset ; Input ; Info     ; Stuck at GND                ;
+-------+-------+----------+-----------------------------+


+----------------------------------------------------------+
; Port Connectivity Checks: "clock_generator:my_clock_gen" ;
+-------+-------+----------+-------------------------------+
; Port  ; Type  ; Severity ; Details                       ;
+-------+-------+----------+-------------------------------+
; reset ; Input ; Info     ; Stuck at GND                  ;
+-------+-------+----------+-------------------------------+


+----------------------------------------------------------------------------------------------------------------------------------+
; Port Connectivity Checks: "clock_divider:divider"                                                                                ;
+------------------------+--------+----------+-------------------------------------------------------------------------------------+
; Port                   ; Type   ; Severity ; Details                                                                             ;
+------------------------+--------+----------+-------------------------------------------------------------------------------------+
; divided_clocks[31..24] ; Output ; Info     ; Connected to dangling logic. Logic that only feeds a dangling port will be removed. ;
; divided_clocks[22..16] ; Output ; Info     ; Connected to dangling logic. Logic that only feeds a dangling port will be removed. ;
; divided_clocks[14..1]  ; Output ; Info     ; Connected to dangling logic. Logic that only feeds a dangling port will be removed. ;
+------------------------+--------+----------+-------------------------------------------------------------------------------------+


+-----------------------------------------------------+
; Post-Synthesis Netlist Statistics for Top Partition ;
+-----------------------+-----------------------------+
; Type                  ; Count                       ;
+-----------------------+-----------------------------+
; arriav_ff             ; 3891                        ;
;     CLR               ; 1                           ;
;     ENA               ; 489                         ;
;     ENA SCLR          ; 1871                        ;
;     ENA SLD           ; 1                           ;
;     SCLR              ; 558                         ;
;     SLD               ; 262                         ;
;     plain             ; 709                         ;
; arriav_io_obuf        ; 1                           ;
; arriav_lcell_comb     ; 9212                        ;
;     arith             ; 2490                        ;
;         0 data inputs ; 56                          ;
;         1 data inputs ; 2254                        ;
;         2 data inputs ; 59                          ;
;         3 data inputs ; 71                          ;
;         4 data inputs ; 50                          ;
;     extend            ; 8                           ;
;         7 data inputs ; 8                           ;
;     normal            ; 6696                        ;
;         0 data inputs ; 2                           ;
;         1 data inputs ; 14                          ;
;         2 data inputs ; 387                         ;
;         3 data inputs ; 2635                        ;
;         4 data inputs ; 498                         ;
;         5 data inputs ; 875                         ;
;         6 data inputs ; 2285                        ;
;     shared            ; 18                          ;
;         0 data inputs ; 5                           ;
;         1 data inputs ; 13                          ;
; boundary_port         ; 143                         ;
; generic_pll           ; 2                           ;
; stratixv_ram_block    ; 96                          ;
;                       ;                             ;
; Max LUT depth         ; 21.90                       ;
; Average LUT depth     ; 3.47                        ;
+-----------------------+-----------------------------+


+-------------------------------+
; Elapsed Time Per Partition    ;
+----------------+--------------+
; Partition Name ; Elapsed Time ;
+----------------+--------------+
; Top            ; 00:00:11     ;
+----------------+--------------+


+-------------------------------+
; Analysis & Synthesis Messages ;
+-------------------------------+
Info: *******************************************************************
Info: Running Quartus Prime Analysis & Synthesis
    Info: Version 17.0.0 Build 595 04/25/2017 SJ Lite Edition
    Info: Processing started: Fri Oct 17 22:10:14 2025
Info: Command: quartus_map --read_settings_files=on --write_settings_files=off DE1_SoC -c DE1_SoC
Warning (18236): Number of processors has not been specified which may cause overloading on shared machines.  Set the global assignment NUM_PARALLEL_PROCESSORS in your QSF to an appropriate value for best performance.
Info (20030): Parallel compilation is enabled and will use 16 of the 16 processors detected
Info (12021): Found 2 design units, including 2 entities, in source file audio/noise_gen.sv
    Info (12023): Found entity 1: noise_gen File: C:/271labs/redoneLEDTEST/audio/noise_gen.sv Line: 1
    Info (12023): Found entity 2: noise_gen_testbench File: C:/271labs/redoneLEDTEST/audio/noise_gen.sv Line: 21
Info (12021): Found 1 design units, including 1 entities, in source file audio/clock_generator.v
    Info (12023): Found entity 1: clock_generator File: C:/271labs/redoneLEDTEST/audio/clock_generator.v Line: 48
Info (12021): Found 1 design units, including 1 entities, in source file audio/audio_codec.v
    Info (12023): Found entity 1: audio_codec File: C:/271labs/redoneLEDTEST/audio/audio_codec.v Line: 49
Info (12021): Found 1 design units, including 1 entities, in source file audio/audio_and_video_config.v
    Info (12023): Found entity 1: audio_and_video_config File: C:/271labs/redoneLEDTEST/audio/audio_and_video_config.v Line: 49
Info (12021): Found 1 design units, including 1 entities, in source file audio/altera_up_sync_fifo.v
    Info (12023): Found entity 1: Altera_UP_SYNC_FIFO File: C:/271labs/redoneLEDTEST/audio/Altera_UP_SYNC_FIFO.v Line: 47
Info (12021): Found 1 design units, including 1 entities, in source file audio/altera_up_slow_clock_generator.v
    Info (12023): Found entity 1: Altera_UP_Slow_Clock_Generator File: C:/271labs/redoneLEDTEST/audio/Altera_UP_Slow_Clock_Generator.v Line: 53
Info (12021): Found 1 design units, including 1 entities, in source file audio/altera_up_i2c_lcm_auto_initialize.v
    Info (12023): Found entity 1: Altera_UP_I2C_LCM_Auto_Initialize File: C:/271labs/redoneLEDTEST/audio/Altera_UP_I2C_LCM_Auto_Initialize.v Line: 48
Info (12021): Found 1 design units, including 1 entities, in source file audio/altera_up_i2c_dc_auto_initialize.v
    Info (12023): Found entity 1: Altera_UP_I2C_DC_Auto_Initialize File: C:/271labs/redoneLEDTEST/audio/Altera_UP_I2C_DC_Auto_Initialize.v Line: 48
Info (12021): Found 1 design units, including 1 entities, in source file audio/altera_up_i2c_av_auto_initialize.v
    Info (12023): Found entity 1: Altera_UP_I2C_AV_Auto_Initialize File: C:/271labs/redoneLEDTEST/audio/Altera_UP_I2C_AV_Auto_Initialize.v Line: 48
Info (12021): Found 1 design units, including 1 entities, in source file audio/altera_up_i2c.v
    Info (12023): Found entity 1: Altera_UP_I2C File: C:/271labs/redoneLEDTEST/audio/Altera_UP_I2C.v Line: 48
Info (12021): Found 1 design units, including 1 entities, in source file audio/altera_up_clock_edge.v
    Info (12023): Found entity 1: Altera_UP_Clock_Edge File: C:/271labs/redoneLEDTEST/audio/Altera_UP_Clock_Edge.v Line: 48
Info (12021): Found 1 design units, including 1 entities, in source file audio/altera_up_audio_out_serializer.v
    Info (12023): Found entity 1: Altera_UP_Audio_Out_Serializer File: C:/271labs/redoneLEDTEST/audio/Altera_UP_Audio_Out_Serializer.v Line: 47
Info (12021): Found 1 design units, including 1 entities, in source file audio/altera_up_audio_in_deserializer.v
    Info (12023): Found entity 1: Altera_UP_Audio_In_Deserializer File: C:/271labs/redoneLEDTEST/audio/Altera_UP_Audio_In_Deserializer.v Line: 47
Info (12021): Found 1 design units, including 1 entities, in source file audio/altera_up_audio_bit_counter.v
    Info (12023): Found entity 1: Altera_UP_Audio_Bit_Counter File: C:/271labs/redoneLEDTEST/audio/Altera_UP_Audio_Bit_Counter.v Line: 49
Info (12021): Found 1 design units, including 1 entities, in source file /users/tarta/downloads/videofiles/clock25_pll.v
    Info (12023): Found entity 1: CLOCK25_PLL File: C:/Users/Tarta/Downloads/VideoFiles/CLOCK25_PLL.v Line: 8
Info (12021): Found 1 design units, including 1 entities, in source file /users/tarta/downloads/videofiles/clock25_pll/clock25_pll_0002.v
    Info (12023): Found entity 1: CLOCK25_PLL_0002 File: C:/Users/Tarta/Downloads/VideoFiles/CLOCK25_PLL/CLOCK25_PLL_0002.v Line: 2
Info (12021): Found 1 design units, including 1 entities, in source file /users/tarta/downloads/videofiles/altera_up_avalon_video_vga_timing.v
    Info (12023): Found entity 1: altera_up_avalon_video_vga_timing File: C:/Users/Tarta/Downloads/VideoFiles/altera_up_avalon_video_vga_timing.v Line: 47
Info (12021): Found 1 design units, including 1 entities, in source file /users/tarta/downloads/videofiles/video_driver.sv
    Info (12023): Found entity 1: video_driver File: C:/Users/Tarta/Downloads/VideoFiles/video_driver.sv Line: 1
Info (12021): Found 1 design units, including 0 entities, in source file /271labs/leddrivertest/fsm/constants.sv
    Info (12022): Found design unit 1: Constants (SystemVerilog) File: C:/271labs/ledDriverTest/fsm/Constants.sv Line: 1
Info (12021): Found 1 design units, including 1 entities, in source file /users/tarta/downloads/led_driver/clock_divider.sv
    Info (12023): Found entity 1: clock_divider File: C:/Users/Tarta/Downloads/led_driver/clock_divider.sv Line: 3
Info (12021): Found 3 design units, including 3 entities, in source file /users/tarta/downloads/led_driver/leddriver.sv
    Info (12023): Found entity 1: LEDDriver File: C:/Users/Tarta/Downloads/led_driver/LEDDriver.sv Line: 13
    Info (12023): Found entity 2: LEDDriver_Test File: C:/Users/Tarta/Downloads/led_driver/LEDDriver.sv Line: 34
    Info (12023): Found entity 3: LEDDriver_TestPhysical File: C:/Users/Tarta/Downloads/led_driver/LEDDriver.sv Line: 71
Info (12021): Found 2 design units, including 2 entities, in source file /users/tarta/downloads/led_driver/de1_soc.sv
    Info (12023): Found entity 1: DE1_SoC File: C:/Users/Tarta/Downloads/led_driver/DE1_SoC.sv Line: 3
    Info (12023): Found entity 2: DE1_SoC_testbench File: C:/Users/Tarta/Downloads/led_driver/DE1_SoC.sv Line: 210
Info (12021): Found 2 design units, including 2 entities, in source file bcdcounter.sv
    Info (12023): Found entity 1: bcdCounter File: C:/271labs/redoneLEDTEST/bcdCounter.sv Line: 8
    Info (12023): Found entity 2: bcdCounter_testbench File: C:/271labs/redoneLEDTEST/bcdCounter.sv Line: 39
Info (12021): Found 2 design units, including 2 entities, in source file bcdcontrol.sv
    Info (12023): Found entity 1: bcdControl File: C:/271labs/redoneLEDTEST/bcdControl.sv Line: 8
    Info (12023): Found entity 2: bcdControl_testbench File: C:/271labs/redoneLEDTEST/bcdControl.sv Line: 34
Info (12021): Found 2 design units, including 2 entities, in source file hexcontrol.sv
    Info (12023): Found entity 1: hexControl File: C:/271labs/redoneLEDTEST/hexControl.sv Line: 6
    Info (12023): Found entity 2: hexControl_testbench File: C:/271labs/redoneLEDTEST/hexControl.sv Line: 26
Info (12021): Found 1 design units, including 1 entities, in source file /users/tarta/downloads/keyboardfiles/keyboard_inner_driver.v
    Info (12023): Found entity 1: keyboard_inner_driver File: C:/Users/Tarta/Downloads/KeyboardFiles/keyboard_inner_driver.v Line: 1
Info (12021): Found 1 design units, including 1 entities, in source file /users/tarta/downloads/keyboardfiles/keyboard_press_driver.v
    Info (12023): Found entity 1: keyboard_press_driver File: C:/Users/Tarta/Downloads/KeyboardFiles/keyboard_press_driver.v Line: 1
Info (12021): Found 1 design units, including 1 entities, in source file /users/tarta/downloads/keyboardfiles/keyboard_scancoderaw_driver.v
    Info (12023): Found entity 1: keyboard_scancoderaw_driver File: C:/Users/Tarta/Downloads/KeyboardFiles/keyboard_scancoderaw_driver.v Line: 1
Info (12021): Found 2 design units, including 2 entities, in source file vga_coordinate.sv
    Info (12023): Found entity 1: VGA_coordinate File: C:/271labs/redoneLEDTEST/VGA_coordinate.sv Line: 13
    Info (12023): Found entity 2: VGA_coordinate_testbench File: C:/271labs/redoneLEDTEST/VGA_coordinate.sv Line: 53
Info (12021): Found 2 design units, including 2 entities, in source file keyboardtranslate.sv
    Info (12023): Found entity 1: keyboardTranslate File: C:/271labs/redoneLEDTEST/keyboardTranslate.sv Line: 10
    Info (12023): Found entity 2: keyboardTranslate_testbench File: C:/271labs/redoneLEDTEST/keyboardTranslate.sv Line: 51
Info (12021): Found 2 design units, including 2 entities, in source file snakehead.sv
    Info (12023): Found entity 1: snakeHead File: C:/271labs/redoneLEDTEST/snakeHead.sv Line: 10
    Info (12023): Found entity 2: snakeHead_testbench File: C:/271labs/redoneLEDTEST/snakeHead.sv Line: 68
Info (12021): Found 2 design units, including 2 entities, in source file gridlight.sv
    Info (12023): Found entity 1: gridLight File: C:/271labs/redoneLEDTEST/gridLight.sv Line: 12
    Info (12023): Found entity 2: gridLight_testbench File: C:/271labs/redoneLEDTEST/gridLight.sv Line: 61
Info (12021): Found 2 design units, including 2 entities, in source file controller.sv
    Info (12023): Found entity 1: controller File: C:/271labs/redoneLEDTEST/controller.sv Line: 15
    Info (12023): Found entity 2: controller_testbench File: C:/271labs/redoneLEDTEST/controller.sv Line: 75
Info (12021): Found 2 design units, including 2 entities, in source file countdown.sv
    Info (12023): Found entity 1: countDown File: C:/271labs/redoneLEDTEST/countDown.sv Line: 10
    Info (12023): Found entity 2: countDown_testbench File: C:/271labs/redoneLEDTEST/countDown.sv Line: 27
Info (12021): Found 2 design units, including 2 entities, in source file dflipflop.sv
    Info (12023): Found entity 1: dFlipFlop File: C:/271labs/redoneLEDTEST/dFlipFlop.sv Line: 8
    Info (12023): Found entity 2: dFlipFlop_testbench File: C:/271labs/redoneLEDTEST/dFlipFlop.sv Line: 25
Info (12021): Found 2 design units, including 2 entities, in source file lfsr_8bit.sv
    Info (12023): Found entity 1: LFSR_8bit File: C:/271labs/redoneLEDTEST/LFSR_8bit.sv Line: 8
    Info (12023): Found entity 2: LFSR_8bit_testbench File: C:/271labs/redoneLEDTEST/LFSR_8bit.sv Line: 22
Info (12127): Elaborating entity "DE1_SoC" for the top level hierarchy
Warning (10858): Verilog HDL warning at DE1_SoC.sv(67): object task2_left used but never assigned File: C:/Users/Tarta/Downloads/led_driver/DE1_SoC.sv Line: 67
Warning (10858): Verilog HDL warning at DE1_SoC.sv(67): object task2_right used but never assigned File: C:/Users/Tarta/Downloads/led_driver/DE1_SoC.sv Line: 67
Warning (10858): Verilog HDL warning at DE1_SoC.sv(67): object task3_left used but never assigned File: C:/Users/Tarta/Downloads/led_driver/DE1_SoC.sv Line: 67
Warning (10858): Verilog HDL warning at DE1_SoC.sv(67): object task3_right used but never assigned File: C:/Users/Tarta/Downloads/led_driver/DE1_SoC.sv Line: 67
Warning (10030): Net "task2_left" at DE1_SoC.sv(67) has no driver or initial value, using a default initial value '0' File: C:/Users/Tarta/Downloads/led_driver/DE1_SoC.sv Line: 67
Warning (10030): Net "task2_right" at DE1_SoC.sv(67) has no driver or initial value, using a default initial value '0' File: C:/Users/Tarta/Downloads/led_driver/DE1_SoC.sv Line: 67
Warning (10030): Net "task3_left" at DE1_SoC.sv(67) has no driver or initial value, using a default initial value '0' File: C:/Users/Tarta/Downloads/led_driver/DE1_SoC.sv Line: 67
Warning (10030): Net "task3_right" at DE1_SoC.sv(67) has no driver or initial value, using a default initial value '0' File: C:/Users/Tarta/Downloads/led_driver/DE1_SoC.sv Line: 67
Warning (10034): Output port "LEDR" at DE1_SoC.sv(6) has no driver File: C:/Users/Tarta/Downloads/led_driver/DE1_SoC.sv Line: 6
Info (12128): Elaborating entity "clock_divider" for hierarchy "clock_divider:divider" File: C:/Users/Tarta/Downloads/led_driver/DE1_SoC.sv Line: 35
Info (12128): Elaborating entity "noise_gen" for hierarchy "noise_gen:noise_generator" File: C:/Users/Tarta/Downloads/led_driver/DE1_SoC.sv Line: 71
Info (12128): Elaborating entity "clock_generator" for hierarchy "clock_generator:my_clock_gen" File: C:/Users/Tarta/Downloads/led_driver/DE1_SoC.sv Line: 121
Info (12128): Elaborating entity "altpll" for hierarchy "clock_generator:my_clock_gen|altpll:DE_Clock_Generator_Audio" File: C:/271labs/redoneLEDTEST/audio/clock_generator.v Line: 134
Info (12130): Elaborated megafunction instantiation "clock_generator:my_clock_gen|altpll:DE_Clock_Generator_Audio" File: C:/271labs/redoneLEDTEST/audio/clock_generator.v Line: 134
Info (12133): Instantiated megafunction "clock_generator:my_clock_gen|altpll:DE_Clock_Generator_Audio" with the following parameter: File: C:/271labs/redoneLEDTEST/audio/clock_generator.v Line: 134
    Info (12134): Parameter "clk0_divide_by" = "31"
    Info (12134): Parameter "clk0_duty_cycle" = "50"
    Info (12134): Parameter "clk0_multiply_by" = "14"
    Info (12134): Parameter "clk0_phase_shift" = "0"
    Info (12134): Parameter "compensate_clock" = "CLK0"
    Info (12134): Parameter "gate_lock_signal" = "NO"
    Info (12134): Parameter "inclk0_input_frequency" = "37037"
    Info (12134): Parameter "intended_device_family" = "Cyclone II"
    Info (12134): Parameter "invalid_lock_multiplier" = "5"
    Info (12134): Parameter "lpm_type" = "altpll"
    Info (12134): Parameter "operation_mode" = "NORMAL"
    Info (12134): Parameter "pll_type" = "FAST"
    Info (12134): Parameter "port_activeclock" = "PORT_UNUSED"
    Info (12134): Parameter "port_areset" = "PORT_UNUSED"
    Info (12134): Parameter "port_clkbad0" = "PORT_UNUSED"
    Info (12134): Parameter "port_clkbad1" = "PORT_UNUSED"
    Info (12134): Parameter "port_clkloss" = "PORT_UNUSED"
    Info (12134): Parameter "port_clkswitch" = "PORT_UNUSED"
    Info (12134): Parameter "port_fbin" = "PORT_UNUSED"
    Info (12134): Parameter "port_inclk0" = "PORT_USED"
    Info (12134): Parameter "port_inclk1" = "PORT_UNUSED"
    Info (12134): Parameter "port_locked" = "PORT_USED"
    Info (12134): Parameter "port_pfdena" = "PORT_UNUSED"
    Info (12134): Parameter "port_pllena" = "PORT_UNUSED"
    Info (12134): Parameter "port_scanaclr" = "PORT_UNUSED"
    Info (12134): Parameter "port_scanclk" = "PORT_UNUSED"
    Info (12134): Parameter "port_scandata" = "PORT_UNUSED"
    Info (12134): Parameter "port_scandataout" = "PORT_UNUSED"
    Info (12134): Parameter "port_scandone" = "PORT_UNUSED"
    Info (12134): Parameter "port_scanread" = "PORT_UNUSED"
    Info (12134): Parameter "port_scanwrite" = "PORT_UNUSED"
    Info (12134): Parameter "port_clk0" = "PORT_USED"
    Info (12134): Parameter "port_clk1" = "PORT_UNUSED"
    Info (12134): Parameter "port_clk2" = "PORT_UNUSED"
    Info (12134): Parameter "port_clk3" = "PORT_UNUSED"
    Info (12134): Parameter "port_clk4" = "PORT_UNUSED"
    Info (12134): Parameter "port_clk5" = "PORT_UNUSED"
    Info (12134): Parameter "port_clkena0" = "PORT_UNUSED"
    Info (12134): Parameter "port_clkena1" = "PORT_UNUSED"
    Info (12134): Parameter "port_clkena2" = "PORT_UNUSED"
    Info (12134): Parameter "port_clkena3" = "PORT_UNUSED"
    Info (12134): Parameter "port_clkena4" = "PORT_UNUSED"
    Info (12134): Parameter "port_clkena5" = "PORT_UNUSED"
    Info (12134): Parameter "port_enable0" = "PORT_UNUSED"
    Info (12134): Parameter "port_enable1" = "PORT_UNUSED"
    Info (12134): Parameter "port_extclk0" = "PORT_UNUSED"
    Info (12134): Parameter "port_extclk1" = "PORT_UNUSED"
    Info (12134): Parameter "port_extclk2" = "PORT_UNUSED"
    Info (12134): Parameter "port_extclk3" = "PORT_UNUSED"
    Info (12134): Parameter "port_extclkena0" = "PORT_UNUSED"
    Info (12134): Parameter "port_extclkena1" = "PORT_UNUSED"
    Info (12134): Parameter "port_extclkena2" = "PORT_UNUSED"
    Info (12134): Parameter "port_extclkena3" = "PORT_UNUSED"
    Info (12134): Parameter "port_sclkout0" = "PORT_UNUSED"
    Info (12134): Parameter "port_sclkout1" = "PORT_UNUSED"
    Info (12134): Parameter "valid_lock_multiplier" = "1"
Info (12021): Found 1 design units, including 1 entities, in source file db/altpll_1uu1.tdf
    Info (12023): Found entity 1: altpll_1uu1 File: C:/271labs/redoneLEDTEST/db/altpll_1uu1.tdf Line: 26
Info (12128): Elaborating entity "altpll_1uu1" for hierarchy "clock_generator:my_clock_gen|altpll:DE_Clock_Generator_Audio|altpll_1uu1:auto_generated" File: c:/intelfpga_lite/17.0/quartus/libraries/megafunctions/altpll.tdf Line: 898
Info (12128): Elaborating entity "audio_and_video_config" for hierarchy "audio_and_video_config:cfg" File: C:/Users/Tarta/Downloads/led_driver/DE1_SoC.sv Line: 131
Info (12128): Elaborating entity "Altera_UP_Slow_Clock_Generator" for hierarchy "audio_and_video_config:cfg|Altera_UP_Slow_Clock_Generator:Clock_Generator_400KHz" File: C:/271labs/redoneLEDTEST/audio/audio_and_video_config.v Line: 180
Info (12128): Elaborating entity "Altera_UP_I2C_AV_Auto_Initialize" for hierarchy "audio_and_video_config:cfg|Altera_UP_I2C_AV_Auto_Initialize:Auto_Initialize" File: C:/271labs/redoneLEDTEST/audio/audio_and_video_config.v Line: 205
Info (12128): Elaborating entity "Altera_UP_I2C" for hierarchy "audio_and_video_config:cfg|Altera_UP_I2C:I2C_Controller" File: C:/271labs/redoneLEDTEST/audio/audio_and_video_config.v Line: 252
Info (12128): Elaborating entity "audio_codec" for hierarchy "audio_codec:codec" File: C:/Users/Tarta/Downloads/led_driver/DE1_SoC.sv Line: 152
Info (12128): Elaborating entity "Altera_UP_Clock_Edge" for hierarchy "audio_codec:codec|Altera_UP_Clock_Edge:Bit_Clock_Edges" File: C:/271labs/redoneLEDTEST/audio/audio_codec.v Line: 181
Info (12128): Elaborating entity "Altera_UP_Audio_In_Deserializer" for hierarchy "audio_codec:codec|Altera_UP_Audio_In_Deserializer:Audio_In_Deserializer" File: C:/271labs/redoneLEDTEST/audio/audio_codec.v Line: 238
Info (12128): Elaborating entity "Altera_UP_Audio_Bit_Counter" for hierarchy "audio_codec:codec|Altera_UP_Audio_In_Deserializer:Audio_In_Deserializer|Altera_UP_Audio_Bit_Counter:Audio_Out_Bit_Counter" File: C:/271labs/redoneLEDTEST/audio/Altera_UP_Audio_In_Deserializer.v Line: 197
Info (12128): Elaborating entity "Altera_UP_SYNC_FIFO" for hierarchy "audio_codec:codec|Altera_UP_Audio_In_Deserializer:Audio_In_Deserializer|Altera_UP_SYNC_FIFO:Audio_In_Left_Channel_FIFO" File: C:/271labs/redoneLEDTEST/audio/Altera_UP_Audio_In_Deserializer.v Line: 219
Info (12128): Elaborating entity "scfifo" for hierarchy "audio_codec:codec|Altera_UP_Audio_In_Deserializer:Audio_In_Deserializer|Altera_UP_SYNC_FIFO:Audio_In_Left_Channel_FIFO|scfifo:Sync_FIFO" File: C:/271labs/redoneLEDTEST/audio/Altera_UP_SYNC_FIFO.v Line: 153
Info (12130): Elaborated megafunction instantiation "audio_codec:codec|Altera_UP_Audio_In_Deserializer:Audio_In_Deserializer|Altera_UP_SYNC_FIFO:Audio_In_Left_Channel_FIFO|scfifo:Sync_FIFO" File: C:/271labs/redoneLEDTEST/audio/Altera_UP_SYNC_FIFO.v Line: 153
Info (12133): Instantiated megafunction "audio_codec:codec|Altera_UP_Audio_In_Deserializer:Audio_In_Deserializer|Altera_UP_SYNC_FIFO:Audio_In_Left_Channel_FIFO|scfifo:Sync_FIFO" with the following parameter: File: C:/271labs/redoneLEDTEST/audio/Altera_UP_SYNC_FIFO.v Line: 153
    Info (12134): Parameter "add_ram_output_register" = "OFF"
    Info (12134): Parameter "intended_device_family" = "Cyclone II"
    Info (12134): Parameter "lpm_numwords" = "128"
    Info (12134): Parameter "lpm_showahead" = "ON"
    Info (12134): Parameter "lpm_type" = "scfifo"
    Info (12134): Parameter "lpm_width" = "24"
    Info (12134): Parameter "lpm_widthu" = "7"
    Info (12134): Parameter "overflow_checking" = "OFF"
    Info (12134): Parameter "underflow_checking" = "OFF"
    Info (12134): Parameter "use_eab" = "ON"
Info (12021): Found 1 design units, including 1 entities, in source file db/scfifo_8ba1.tdf
    Info (12023): Found entity 1: scfifo_8ba1 File: C:/271labs/redoneLEDTEST/db/scfifo_8ba1.tdf Line: 25
Info (12128): Elaborating entity "scfifo_8ba1" for hierarchy "audio_codec:codec|Altera_UP_Audio_In_Deserializer:Audio_In_Deserializer|Altera_UP_SYNC_FIFO:Audio_In_Left_Channel_FIFO|scfifo:Sync_FIFO|scfifo_8ba1:auto_generated" File: c:/intelfpga_lite/17.0/quartus/libraries/megafunctions/scfifo.tdf Line: 300
Info (12021): Found 1 design units, including 1 entities, in source file db/a_dpfifo_r2a1.tdf
    Info (12023): Found entity 1: a_dpfifo_r2a1 File: C:/271labs/redoneLEDTEST/db/a_dpfifo_r2a1.tdf Line: 33
Info (12128): Elaborating entity "a_dpfifo_r2a1" for hierarchy "audio_codec:codec|Altera_UP_Audio_In_Deserializer:Audio_In_Deserializer|Altera_UP_SYNC_FIFO:Audio_In_Left_Channel_FIFO|scfifo:Sync_FIFO|scfifo_8ba1:auto_generated|a_dpfifo_r2a1:dpfifo" File: C:/271labs/redoneLEDTEST/db/scfifo_8ba1.tdf Line: 38
Info (12021): Found 1 design units, including 1 entities, in source file db/altsyncram_p3i1.tdf
    Info (12023): Found entity 1: altsyncram_p3i1 File: C:/271labs/redoneLEDTEST/db/altsyncram_p3i1.tdf Line: 28
Info (12128): Elaborating entity "altsyncram_p3i1" for hierarchy "audio_codec:codec|Altera_UP_Audio_In_Deserializer:Audio_In_Deserializer|Altera_UP_SYNC_FIFO:Audio_In_Left_Channel_FIFO|scfifo:Sync_FIFO|scfifo_8ba1:auto_generated|a_dpfifo_r2a1:dpfifo|altsyncram_p3i1:FIFOram" File: C:/271labs/redoneLEDTEST/db/a_dpfifo_r2a1.tdf Line: 46
Info (12021): Found 1 design units, including 1 entities, in source file db/cmpr_6l8.tdf
    Info (12023): Found entity 1: cmpr_6l8 File: C:/271labs/redoneLEDTEST/db/cmpr_6l8.tdf Line: 23
Info (12128): Elaborating entity "cmpr_6l8" for hierarchy "audio_codec:codec|Altera_UP_Audio_In_Deserializer:Audio_In_Deserializer|Altera_UP_SYNC_FIFO:Audio_In_Left_Channel_FIFO|scfifo:Sync_FIFO|scfifo_8ba1:auto_generated|a_dpfifo_r2a1:dpfifo|cmpr_6l8:almost_full_comparer" File: C:/271labs/redoneLEDTEST/db/a_dpfifo_r2a1.tdf Line: 55
Info (12128): Elaborating entity "cmpr_6l8" for hierarchy "audio_codec:codec|Altera_UP_Audio_In_Deserializer:Audio_In_Deserializer|Altera_UP_SYNC_FIFO:Audio_In_Left_Channel_FIFO|scfifo:Sync_FIFO|scfifo_8ba1:auto_generated|a_dpfifo_r2a1:dpfifo|cmpr_6l8:three_comparison" File: C:/271labs/redoneLEDTEST/db/a_dpfifo_r2a1.tdf Line: 56
Info (12021): Found 1 design units, including 1 entities, in source file db/cntr_h2b.tdf
    Info (12023): Found entity 1: cntr_h2b File: C:/271labs/redoneLEDTEST/db/cntr_h2b.tdf Line: 26
Info (12128): Elaborating entity "cntr_h2b" for hierarchy "audio_codec:codec|Altera_UP_Audio_In_Deserializer:Audio_In_Deserializer|Altera_UP_SYNC_FIFO:Audio_In_Left_Channel_FIFO|scfifo:Sync_FIFO|scfifo_8ba1:auto_generated|a_dpfifo_r2a1:dpfifo|cntr_h2b:rd_ptr_msb" File: C:/271labs/redoneLEDTEST/db/a_dpfifo_r2a1.tdf Line: 57
Info (12021): Found 1 design units, including 1 entities, in source file db/cntr_u27.tdf
    Info (12023): Found entity 1: cntr_u27 File: C:/271labs/redoneLEDTEST/db/cntr_u27.tdf Line: 26
Info (12128): Elaborating entity "cntr_u27" for hierarchy "audio_codec:codec|Altera_UP_Audio_In_Deserializer:Audio_In_Deserializer|Altera_UP_SYNC_FIFO:Audio_In_Left_Channel_FIFO|scfifo:Sync_FIFO|scfifo_8ba1:auto_generated|a_dpfifo_r2a1:dpfifo|cntr_u27:usedw_counter" File: C:/271labs/redoneLEDTEST/db/a_dpfifo_r2a1.tdf Line: 58
Info (12021): Found 1 design units, including 1 entities, in source file db/cntr_i2b.tdf
    Info (12023): Found entity 1: cntr_i2b File: C:/271labs/redoneLEDTEST/db/cntr_i2b.tdf Line: 26
Info (12128): Elaborating entity "cntr_i2b" for hierarchy "audio_codec:codec|Altera_UP_Audio_In_Deserializer:Audio_In_Deserializer|Altera_UP_SYNC_FIFO:Audio_In_Left_Channel_FIFO|scfifo:Sync_FIFO|scfifo_8ba1:auto_generated|a_dpfifo_r2a1:dpfifo|cntr_i2b:wr_ptr" File: C:/271labs/redoneLEDTEST/db/a_dpfifo_r2a1.tdf Line: 59
Info (12128): Elaborating entity "Altera_UP_Audio_Out_Serializer" for hierarchy "audio_codec:codec|Altera_UP_Audio_Out_Serializer:Audio_Out_Serializer" File: C:/271labs/redoneLEDTEST/audio/audio_codec.v Line: 267
Info (12128): Elaborating entity "LEDDriver" for hierarchy "LEDDriver:Driver" File: C:/Users/Tarta/Downloads/led_driver/DE1_SoC.sv Line: 160
Info (12128): Elaborating entity "dFlipFlop" for hierarchy "dFlipFlop:player" File: C:/Users/Tarta/Downloads/led_driver/DE1_SoC.sv Line: 173
Info (12128): Elaborating entity "snakeHead" for hierarchy "snakeHead:snake" File: C:/Users/Tarta/Downloads/led_driver/DE1_SoC.sv Line: 175
Warning (10230): Verilog HDL assignment warning at snakeHead.sv(61): truncated value with size 32 to match size of target (4) File: C:/271labs/redoneLEDTEST/snakeHead.sv Line: 61
Warning (10230): Verilog HDL assignment warning at snakeHead.sv(62): truncated value with size 32 to match size of target (4) File: C:/271labs/redoneLEDTEST/snakeHead.sv Line: 62
Info (12128): Elaborating entity "controller" for hierarchy "controller:controlSystem" File: C:/Users/Tarta/Downloads/led_driver/DE1_SoC.sv Line: 177
Warning (10230): Verilog HDL assignment warning at controller.sv(55): truncated value with size 32 to match size of target (8) File: C:/271labs/redoneLEDTEST/controller.sv Line: 55
Info (12128): Elaborating entity "gridLight" for hierarchy "controller:controlSystem|gridLight:ledArray[0].ledArray2[0].LED" File: C:/271labs/redoneLEDTEST/controller.sv Line: 69
Info (12128): Elaborating entity "countDown" for hierarchy "controller:controlSystem|gridLight:ledArray[0].ledArray2[0].LED|countDown:onGreen" File: C:/271labs/redoneLEDTEST/gridLight.sv Line: 43
Warning (10230): Verilog HDL assignment warning at countDown.sv(21): truncated value with size 32 to match size of target (8) File: C:/271labs/redoneLEDTEST/countDown.sv Line: 21
Info (12128): Elaborating entity "LFSR_8bit" for hierarchy "LFSR_8bit:appleGen" File: C:/Users/Tarta/Downloads/led_driver/DE1_SoC.sv Line: 180
Info (12128): Elaborating entity "bcdControl" for hierarchy "bcdControl:scoreCount" File: C:/Users/Tarta/Downloads/led_driver/DE1_SoC.sv Line: 186
Info (12128): Elaborating entity "bcdCounter" for hierarchy "bcdControl:scoreCount|bcdCounter:ones" File: C:/271labs/redoneLEDTEST/bcdControl.sv Line: 15
Warning (10230): Verilog HDL assignment warning at bcdCounter.sv(35): truncated value with size 32 to match size of target (4) File: C:/271labs/redoneLEDTEST/bcdCounter.sv Line: 35
Info (12128): Elaborating entity "hexControl" for hierarchy "hexControl:hexOne" File: C:/Users/Tarta/Downloads/led_driver/DE1_SoC.sv Line: 187
Info (12128): Elaborating entity "keyboard_press_driver" for hierarchy "keyboard_press_driver:keyDrive" File: C:/Users/Tarta/Downloads/led_driver/DE1_SoC.sv Line: 194
Info (12128): Elaborating entity "keyboard_inner_driver" for hierarchy "keyboard_press_driver:keyDrive|keyboard_inner_driver:kbd" File: C:/Users/Tarta/Downloads/KeyboardFiles/keyboard_press_driver.v Line: 38
Info (12128): Elaborating entity "keyboardTranslate" for hierarchy "keyboardTranslate:keyIn" File: C:/Users/Tarta/Downloads/led_driver/DE1_SoC.sv Line: 195
Info (12128): Elaborating entity "video_driver" for hierarchy "video_driver:v1" File: C:/Users/Tarta/Downloads/led_driver/DE1_SoC.sv Line: 205
Info (12128): Elaborating entity "CLOCK25_PLL" for hierarchy "video_driver:v1|CLOCK25_PLL:c25_gen" File: C:/Users/Tarta/Downloads/VideoFiles/video_driver.sv Line: 47
Info (12128): Elaborating entity "CLOCK25_PLL_0002" for hierarchy "video_driver:v1|CLOCK25_PLL:c25_gen|CLOCK25_PLL_0002:clock25_pll_inst" File: C:/Users/Tarta/Downloads/VideoFiles/CLOCK25_PLL.v Line: 20
Info (12128): Elaborating entity "altera_pll" for hierarchy "video_driver:v1|CLOCK25_PLL:c25_gen|CLOCK25_PLL_0002:clock25_pll_inst|altera_pll:altera_pll_i" File: C:/Users/Tarta/Downloads/VideoFiles/CLOCK25_PLL/CLOCK25_PLL_0002.v Line: 85
Info (10008): Verilog HDL or VHDL information: EDA Netlist Writer cannot regroup multidimensional array "wire_to_nowhere_64" into its bus
Info (12130): Elaborated megafunction instantiation "video_driver:v1|CLOCK25_PLL:c25_gen|CLOCK25_PLL_0002:clock25_pll_inst|altera_pll:altera_pll_i" File: C:/Users/Tarta/Downloads/VideoFiles/CLOCK25_PLL/CLOCK25_PLL_0002.v Line: 85
Info (12133): Instantiated megafunction "video_driver:v1|CLOCK25_PLL:c25_gen|CLOCK25_PLL_0002:clock25_pll_inst|altera_pll:altera_pll_i" with the following parameter: File: C:/Users/Tarta/Downloads/VideoFiles/CLOCK25_PLL/CLOCK25_PLL_0002.v Line: 85
    Info (12134): Parameter "fractional_vco_multiplier" = "false"
    Info (12134): Parameter "reference_clock_frequency" = "50.0 MHz"
    Info (12134): Parameter "operation_mode" = "direct"
    Info (12134): Parameter "number_of_clocks" = "1"
    Info (12134): Parameter "output_clock_frequency0" = "25.000000 MHz"
    Info (12134): Parameter "phase_shift0" = "0 ps"
    Info (12134): Parameter "duty_cycle0" = "50"
    Info (12134): Parameter "output_clock_frequency1" = "0 MHz"
    Info (12134): Parameter "phase_shift1" = "0 ps"
    Info (12134): Parameter "duty_cycle1" = "50"
    Info (12134): Parameter "output_clock_frequency2" = "0 MHz"
    Info (12134): Parameter "phase_shift2" = "0 ps"
    Info (12134): Parameter "duty_cycle2" = "50"
    Info (12134): Parameter "output_clock_frequency3" = "0 MHz"
    Info (12134): Parameter "phase_shift3" = "0 ps"
    Info (12134): Parameter "duty_cycle3" = "50"
    Info (12134): Parameter "output_clock_frequency4" = "0 MHz"
    Info (12134): Parameter "phase_shift4" = "0 ps"
    Info (12134): Parameter "duty_cycle4" = "50"
    Info (12134): Parameter "output_clock_frequency5" = "0 MHz"
    Info (12134): Parameter "phase_shift5" = "0 ps"
    Info (12134): Parameter "duty_cycle5" = "50"
    Info (12134): Parameter "output_clock_frequency6" = "0 MHz"
    Info (12134): Parameter "phase_shift6" = "0 ps"
    Info (12134): Parameter "duty_cycle6" = "50"
    Info (12134): Parameter "output_clock_frequency7" = "0 MHz"
    Info (12134): Parameter "phase_shift7" = "0 ps"
    Info (12134): Parameter "duty_cycle7" = "50"
    Info (12134): Parameter "output_clock_frequency8" = "0 MHz"
    Info (12134): Parameter "phase_shift8" = "0 ps"
    Info (12134): Parameter "duty_cycle8" = "50"
    Info (12134): Parameter "output_clock_frequency9" = "0 MHz"
    Info (12134): Parameter "phase_shift9" = "0 ps"
    Info (12134): Parameter "duty_cycle9" = "50"
    Info (12134): Parameter "output_clock_frequency10" = "0 MHz"
    Info (12134): Parameter "phase_shift10" = "0 ps"
    Info (12134): Parameter "duty_cycle10" = "50"
    Info (12134): Parameter "output_clock_frequency11" = "0 MHz"
    Info (12134): Parameter "phase_shift11" = "0 ps"
    Info (12134): Parameter "duty_cycle11" = "50"
    Info (12134): Parameter "output_clock_frequency12" = "0 MHz"
    Info (12134): Parameter "phase_shift12" = "0 ps"
    Info (12134): Parameter "duty_cycle12" = "50"
    Info (12134): Parameter "output_clock_frequency13" = "0 MHz"
    Info (12134): Parameter "phase_shift13" = "0 ps"
    Info (12134): Parameter "duty_cycle13" = "50"
    Info (12134): Parameter "output_clock_frequency14" = "0 MHz"
    Info (12134): Parameter "phase_shift14" = "0 ps"
    Info (12134): Parameter "duty_cycle14" = "50"
    Info (12134): Parameter "output_clock_frequency15" = "0 MHz"
    Info (12134): Parameter "phase_shift15" = "0 ps"
    Info (12134): Parameter "duty_cycle15" = "50"
    Info (12134): Parameter "output_clock_frequency16" = "0 MHz"
    Info (12134): Parameter "phase_shift16" = "0 ps"
    Info (12134): Parameter "duty_cycle16" = "50"
    Info (12134): Parameter "output_clock_frequency17" = "0 MHz"
    Info (12134): Parameter "phase_shift17" = "0 ps"
    Info (12134): Parameter "duty_cycle17" = "50"
    Info (12134): Parameter "pll_type" = "General"
    Info (12134): Parameter "pll_subtype" = "General"
Info (12128): Elaborating entity "altera_up_avalon_video_vga_timing" for hierarchy "video_driver:v1|altera_up_avalon_video_vga_timing:video" File: C:/Users/Tarta/Downloads/VideoFiles/video_driver.sv Line: 147
Info (12128): Elaborating entity "VGA_coordinate" for hierarchy "VGA_coordinate:vga_driver" File: C:/Users/Tarta/Downloads/led_driver/DE1_SoC.sv Line: 206
Warning (10230): Verilog HDL assignment warning at VGA_coordinate.sv(22): truncated value with size 32 to match size of target (5) File: C:/271labs/redoneLEDTEST/VGA_coordinate.sv Line: 22
Warning (10230): Verilog HDL assignment warning at VGA_coordinate.sv(23): truncated value with size 32 to match size of target (5) File: C:/271labs/redoneLEDTEST/VGA_coordinate.sv Line: 23
Warning (12030): Port "clk" on the entity instantiation of "DE_Clock_Generator_Audio" is connected to a signal of width 1. The formal width of the signal in the module is 6.  The extra bits will be left dangling without any fan-out logic. File: C:/271labs/redoneLEDTEST/audio/clock_generator.v Line: 134
Info (276014): Found 1 instances of uninferred RAM logic
    Info (276004): RAM logic "audio_and_video_config:cfg|Altera_UP_I2C_AV_Auto_Initialize:Auto_Initialize|Ram0" is uninferred due to inappropriate RAM size File: C:/271labs/redoneLEDTEST/audio/Altera_UP_I2C_AV_Auto_Initialize.v Line: 305
Info (278001): Inferred 4 megafunctions from design logic
    Info (278004): Inferred divider/modulo megafunction ("lpm_divide") from the following logic: "VGA_coordinate:vga_driver|Div0" File: C:/271labs/redoneLEDTEST/VGA_coordinate.sv Line: 34
    Info (278004): Inferred divider/modulo megafunction ("lpm_divide") from the following logic: "VGA_coordinate:vga_driver|Div1" File: C:/271labs/redoneLEDTEST/VGA_coordinate.sv Line: 34
    Info (278004): Inferred divider/modulo megafunction ("lpm_divide") from the following logic: "VGA_coordinate:vga_driver|Mod0" File: C:/271labs/redoneLEDTEST/VGA_coordinate.sv Line: 22
    Info (278004): Inferred divider/modulo megafunction ("lpm_divide") from the following logic: "VGA_coordinate:vga_driver|Div21" File: C:/271labs/redoneLEDTEST/VGA_coordinate.sv Line: 45
Info (12130): Elaborated megafunction instantiation "VGA_coordinate:vga_driver|lpm_divide:Div0" File: C:/271labs/redoneLEDTEST/VGA_coordinate.sv Line: 34
Info (12133): Instantiated megafunction "VGA_coordinate:vga_driver|lpm_divide:Div0" with the following parameter: File: C:/271labs/redoneLEDTEST/VGA_coordinate.sv Line: 34
    Info (12134): Parameter "LPM_WIDTHN" = "9"
    Info (12134): Parameter "LPM_WIDTHD" = "5"
    Info (12134): Parameter "LPM_NREPRESENTATION" = "UNSIGNED"
    Info (12134): Parameter "LPM_DREPRESENTATION" = "UNSIGNED"
Info (12021): Found 1 design units, including 1 entities, in source file db/lpm_divide_7am.tdf
    Info (12023): Found entity 1: lpm_divide_7am File: C:/271labs/redoneLEDTEST/db/lpm_divide_7am.tdf Line: 25
Info (12021): Found 1 design units, including 1 entities, in source file db/sign_div_unsign_dkh.tdf
    Info (12023): Found entity 1: sign_div_unsign_dkh File: C:/271labs/redoneLEDTEST/db/sign_div_unsign_dkh.tdf Line: 25
Info (12021): Found 1 design units, including 1 entities, in source file db/alt_u_div_0te.tdf
    Info (12023): Found entity 1: alt_u_div_0te File: C:/271labs/redoneLEDTEST/db/alt_u_div_0te.tdf Line: 23
Info (12130): Elaborated megafunction instantiation "VGA_coordinate:vga_driver|lpm_divide:Div1" File: C:/271labs/redoneLEDTEST/VGA_coordinate.sv Line: 34
Info (12133): Instantiated megafunction "VGA_coordinate:vga_driver|lpm_divide:Div1" with the following parameter: File: C:/271labs/redoneLEDTEST/VGA_coordinate.sv Line: 34
    Info (12134): Parameter "LPM_WIDTHN" = "32"
    Info (12134): Parameter "LPM_WIDTHD" = "5"
    Info (12134): Parameter "LPM_NREPRESENTATION" = "UNSIGNED"
    Info (12134): Parameter "LPM_DREPRESENTATION" = "UNSIGNED"
Info (12021): Found 1 design units, including 1 entities, in source file db/lpm_divide_jbm.tdf
    Info (12023): Found entity 1: lpm_divide_jbm File: C:/271labs/redoneLEDTEST/db/lpm_divide_jbm.tdf Line: 25
Info (12021): Found 1 design units, including 1 entities, in source file db/sign_div_unsign_plh.tdf
    Info (12023): Found entity 1: sign_div_unsign_plh File: C:/271labs/redoneLEDTEST/db/sign_div_unsign_plh.tdf Line: 25
Info (12021): Found 1 design units, including 1 entities, in source file db/alt_u_div_ove.tdf
    Info (12023): Found entity 1: alt_u_div_ove File: C:/271labs/redoneLEDTEST/db/alt_u_div_ove.tdf Line: 23
Info (12130): Elaborated megafunction instantiation "VGA_coordinate:vga_driver|lpm_divide:Mod0" File: C:/271labs/redoneLEDTEST/VGA_coordinate.sv Line: 22
Info (12133): Instantiated megafunction "VGA_coordinate:vga_driver|lpm_divide:Mod0" with the following parameter: File: C:/271labs/redoneLEDTEST/VGA_coordinate.sv Line: 22
    Info (12134): Parameter "LPM_WIDTHN" = "9"
    Info (12134): Parameter "LPM_WIDTHD" = "5"
    Info (12134): Parameter "LPM_NREPRESENTATION" = "UNSIGNED"
    Info (12134): Parameter "LPM_DREPRESENTATION" = "UNSIGNED"
Info (12021): Found 1 design units, including 1 entities, in source file db/lpm_divide_a2m.tdf
    Info (12023): Found entity 1: lpm_divide_a2m File: C:/271labs/redoneLEDTEST/db/lpm_divide_a2m.tdf Line: 25
Warning (13024): Output pins are stuck at VCC or GND
    Warning (13410): Pin "VGA_B[1]" is stuck at GND File: C:/Users/Tarta/Downloads/led_driver/DE1_SoC.sv Line: 17
    Warning (13410): Pin "VGA_SYNC_N" is stuck at GND File: C:/Users/Tarta/Downloads/led_driver/DE1_SoC.sv Line: 21
    Warning (13410): Pin "VGA_R[0]" is stuck at GND File: C:/Users/Tarta/Downloads/led_driver/DE1_SoC.sv Line: 15
    Warning (13410): Pin "VGA_R[1]" is stuck at GND File: C:/Users/Tarta/Downloads/led_driver/DE1_SoC.sv Line: 15
    Warning (13410): Pin "VGA_G[0]" is stuck at GND File: C:/Users/Tarta/Downloads/led_driver/DE1_SoC.sv Line: 16
    Warning (13410): Pin "VGA_G[1]" is stuck at GND File: C:/Users/Tarta/Downloads/led_driver/DE1_SoC.sv Line: 16
    Warning (13410): Pin "VGA_B[0]" is stuck at GND File: C:/Users/Tarta/Downloads/led_driver/DE1_SoC.sv Line: 17
    Warning (13410): Pin "LEDR[0]" is stuck at GND File: C:/Users/Tarta/Downloads/led_driver/DE1_SoC.sv Line: 6
    Warning (13410): Pin "LEDR[1]" is stuck at GND File: C:/Users/Tarta/Downloads/led_driver/DE1_SoC.sv Line: 6
    Warning (13410): Pin "LEDR[2]" is stuck at GND File: C:/Users/Tarta/Downloads/led_driver/DE1_SoC.sv Line: 6
    Warning (13410): Pin "LEDR[3]" is stuck at GND File: C:/Users/Tarta/Downloads/led_driver/DE1_SoC.sv Line: 6
    Warning (13410): Pin "LEDR[4]" is stuck at GND File: C:/Users/Tarta/Downloads/led_driver/DE1_SoC.sv Line: 6
    Warning (13410): Pin "LEDR[5]" is stuck at GND File: C:/Users/Tarta/Downloads/led_driver/DE1_SoC.sv Line: 6
    Warning (13410): Pin "LEDR[6]" is stuck at GND File: C:/Users/Tarta/Downloads/led_driver/DE1_SoC.sv Line: 6
    Warning (13410): Pin "LEDR[7]" is stuck at GND File: C:/Users/Tarta/Downloads/led_driver/DE1_SoC.sv Line: 6
    Warning (13410): Pin "LEDR[8]" is stuck at GND File: C:/Users/Tarta/Downloads/led_driver/DE1_SoC.sv Line: 6
    Warning (13410): Pin "LEDR[9]" is stuck at GND File: C:/Users/Tarta/Downloads/led_driver/DE1_SoC.sv Line: 6
    Warning (13410): Pin "HEX3[0]" is stuck at VCC File: C:/Users/Tarta/Downloads/led_driver/DE1_SoC.sv Line: 5
    Warning (13410): Pin "HEX3[1]" is stuck at VCC File: C:/Users/Tarta/Downloads/led_driver/DE1_SoC.sv Line: 5
    Warning (13410): Pin "HEX3[2]" is stuck at VCC File: C:/Users/Tarta/Downloads/led_driver/DE1_SoC.sv Line: 5
    Warning (13410): Pin "HEX3[3]" is stuck at VCC File: C:/Users/Tarta/Downloads/led_driver/DE1_SoC.sv Line: 5
    Warning (13410): Pin "HEX3[4]" is stuck at VCC File: C:/Users/Tarta/Downloads/led_driver/DE1_SoC.sv Line: 5
    Warning (13410): Pin "HEX3[5]" is stuck at VCC File: C:/Users/Tarta/Downloads/led_driver/DE1_SoC.sv Line: 5
    Warning (13410): Pin "HEX3[6]" is stuck at VCC File: C:/Users/Tarta/Downloads/led_driver/DE1_SoC.sv Line: 5
    Warning (13410): Pin "HEX4[0]" is stuck at VCC File: C:/Users/Tarta/Downloads/led_driver/DE1_SoC.sv Line: 5
    Warning (13410): Pin "HEX4[1]" is stuck at VCC File: C:/Users/Tarta/Downloads/led_driver/DE1_SoC.sv Line: 5
    Warning (13410): Pin "HEX4[2]" is stuck at VCC File: C:/Users/Tarta/Downloads/led_driver/DE1_SoC.sv Line: 5
    Warning (13410): Pin "HEX4[3]" is stuck at VCC File: C:/Users/Tarta/Downloads/led_driver/DE1_SoC.sv Line: 5
    Warning (13410): Pin "HEX4[4]" is stuck at VCC File: C:/Users/Tarta/Downloads/led_driver/DE1_SoC.sv Line: 5
    Warning (13410): Pin "HEX4[5]" is stuck at VCC File: C:/Users/Tarta/Downloads/led_driver/DE1_SoC.sv Line: 5
    Warning (13410): Pin "HEX4[6]" is stuck at VCC File: C:/Users/Tarta/Downloads/led_driver/DE1_SoC.sv Line: 5
    Warning (13410): Pin "HEX5[0]" is stuck at VCC File: C:/Users/Tarta/Downloads/led_driver/DE1_SoC.sv Line: 5
    Warning (13410): Pin "HEX5[1]" is stuck at VCC File: C:/Users/Tarta/Downloads/led_driver/DE1_SoC.sv Line: 5
    Warning (13410): Pin "HEX5[2]" is stuck at VCC File: C:/Users/Tarta/Downloads/led_driver/DE1_SoC.sv Line: 5
    Warning (13410): Pin "HEX5[3]" is stuck at VCC File: C:/Users/Tarta/Downloads/led_driver/DE1_SoC.sv Line: 5
    Warning (13410): Pin "HEX5[4]" is stuck at VCC File: C:/Users/Tarta/Downloads/led_driver/DE1_SoC.sv Line: 5
    Warning (13410): Pin "HEX5[5]" is stuck at VCC File: C:/Users/Tarta/Downloads/led_driver/DE1_SoC.sv Line: 5
    Warning (13410): Pin "HEX5[6]" is stuck at VCC File: C:/Users/Tarta/Downloads/led_driver/DE1_SoC.sv Line: 5
Info (286030): Timing-Driven Synthesis is running
Info (17049): 8 registers lost all their fanouts during netlist optimizations.
Info (144001): Generated suppressed messages file C:/271labs/redoneLEDTEST/output_files/DE1_SoC.map.smsg
Info (16010): Generating hard_block partition "hard_block:auto_generated_inst"
    Info (16011): Adding 12 node(s), including 0 DDIO, 2 PLL, 0 transceiver and 0 LCELL
Warning: RST port on the PLL is not properly connected on instance clock_generator:my_clock_gen|altpll:DE_Clock_Generator_Audio|altpll_1uu1:auto_generated|generic_pll1. The reset port on the PLL should be connected. If the PLL loses lock for any reason, you might need to manually reset the PLL in order to re-establish lock to the reference clock. File: C:/271labs/redoneLEDTEST/db/altpll_1uu1.tdf Line: 35
    Info: Must be connected
Warning (21074): Design contains 9 input pin(s) that do not drive logic
    Warning (15610): No output dependent on input pin "SW[2]" File: C:/Users/Tarta/Downloads/led_driver/DE1_SoC.sv Line: 8
    Warning (15610): No output dependent on input pin "SW[3]" File: C:/Users/Tarta/Downloads/led_driver/DE1_SoC.sv Line: 8
    Warning (15610): No output dependent on input pin "SW[4]" File: C:/Users/Tarta/Downloads/led_driver/DE1_SoC.sv Line: 8
    Warning (15610): No output dependent on input pin "SW[5]" File: C:/Users/Tarta/Downloads/led_driver/DE1_SoC.sv Line: 8
    Warning (15610): No output dependent on input pin "SW[6]" File: C:/Users/Tarta/Downloads/led_driver/DE1_SoC.sv Line: 8
    Warning (15610): No output dependent on input pin "SW[7]" File: C:/Users/Tarta/Downloads/led_driver/DE1_SoC.sv Line: 8
    Warning (15610): No output dependent on input pin "SW[8]" File: C:/Users/Tarta/Downloads/led_driver/DE1_SoC.sv Line: 8
    Warning (15610): No output dependent on input pin "SW[0]" File: C:/Users/Tarta/Downloads/led_driver/DE1_SoC.sv Line: 8
    Warning (15610): No output dependent on input pin "SW[1]" File: C:/Users/Tarta/Downloads/led_driver/DE1_SoC.sv Line: 8
Info (21057): Implemented 9635 device resources after synthesis - the final resource count might be different
    Info (21058): Implemented 22 input pins
    Info (21059): Implemented 120 output pins
    Info (21060): Implemented 1 bidirectional pins
    Info (21061): Implemented 9394 logic cells
    Info (21064): Implemented 96 RAM segments
    Info (21065): Implemented 2 PLLs
Info: Quartus Prime Analysis & Synthesis was successful. 0 errors, 68 warnings
    Info: Peak virtual memory: 5053 megabytes
    Info: Processing ended: Fri Oct 17 22:10:38 2025
    Info: Elapsed time: 00:00:24
    Info: Total CPU time (on all processors): 00:01:20


+------------------------------------------+
; Analysis & Synthesis Suppressed Messages ;
+------------------------------------------+
The suppressed messages can be found in C:/271labs/redoneLEDTEST/output_files/DE1_SoC.map.smsg.


